AllWISE,RAJ2000,DEJ2000,Im,W1mag,e_W1mag,W2mag,e_W2mag,W3mag,e_W3mag,W4mag,e_W4mag,Jmag,e_Jmag,Hmag,e_Hmag,Kmag,e_Kmag,ccf,ex,var,pmRA,e_pmRA,pmDE,e_pmDE,qph,d2M,2M
J025959.07+000020.3,44.9961431,0.0056546,Im,15.782,0.042,15.86,0.137,12.882,,8.746,,16.376,0.097,15.77,0.14,15.258,0.141,0000,0,0nnn,-10,243,165,251,ABUU,0.452,2M
J030001.28+000022.6,45.0053734,0.0062897,Im,17.775,0.183,17.214,0.431,12.866,,9.007,,,,,,,,0000,0,nnnn,-3711,1531,1233,1600,BCUU,,2M
J025959.32+000037.3,44.9971668,0.0103818,Im,16.641,0.073,16.503,0.235,12.745,,8.983,,,,,,,,0000,0,nnnn,383,536,-358,560,ABUU,,2M
J030004.10+000104.6,45.0171151,0.0179664,Im,16.733,0.086,15.955,0.147,12.819,,9.121,,,,,,,,0000,0,nnnn,302,586,-240,624,ABUU,,2M
J030003.39+000110.8,45.014155,0.0196675,Im,17.143,0.115,15.53,0.104,12.151,,9.065,,,,,,,,0000,0,nnnn,-809,644,640,697,BAUU,,2M
J030001.16+000111.8,45.0048642,0.0199593,Im,11.687,0.022,11.724,0.021,11.541,0.159,8.494,,12.529,0.024,11.954,0.03,11.874,0.029,0000,1,11nn,9,30,26,30,AABU,0.552,2M
J025957.30+000045.8,44.9887837,0.0127401,Im,17.056,0.101,16.662,,12.576,,8.598,,,,,,,,0000,0,nnnn,-131,850,-363,867,AUUU,,2M
J025959.45+000104.1,44.9977117,0.017807,Im,16.94,0.093,16.454,0.233,12.272,,9.178,,,,,,,,0000,0,nnnn,-170,675,-346,713,ABUU,,2M
J025956.19+000107.3,44.9841501,0.01872,Im,17.651,0.177,17.287,0.462,12.697,,8.543,,,,,,,,0000,0,nnnn,-1927,1503,-1972,1599,BCUU,,2M
J030002.23+000135.9,45.0093198,0.0266406,Im,17.398,0.134,16.252,0.183,12.844,,9.239,,,,,,,,0000,0,nnnn,-218,1010,-625,1069,BBUU,,2M
J030000.04+000144.1,45.0001924,0.0289384,Im,17.617,0.171,16.996,0.363,12.614,,9.382,,,,,,,,0000,0,nnnn,-696,1396,-334,1460,BCUU,,2M
J030000.68+000205.0,45.0028338,0.0347476,Im,16.78,0.082,16.843,,12.878,,9.273,,,,,,,,0000,0,nnnn,-1418,590,495,618,AUUU,,2M
J030006.61+000144.8,45.0275526,0.0291327,Im,16.995,0.103,16.9,,12.714,,8.511,,,,,,,,0000,0,nnnn,-574,812,196,845,AUUU,,2M
J030007.73+000204.6,45.0322295,0.0346332,Im,16.897,0.094,15.944,0.145,12.587,,9.292,,,,,,,,0000,0,nnnn,50,639,-327,674,ABUU,,2M
J030009.59+000221.6,45.0399736,0.0393405,Im,17.723,0.18,16.865,0.324,11.96,,9.201,,,,,,,,0000,0,nnnn,-185,1486,-2225,1568,BBUU,,2M
J030008.48+000223.6,45.03534,0.0398958,Im,17.474,0.14,16.948,0.337,12.839,,9.36,,,,,,,,0000,0,nnnn,-422,1146,-1107,1192,BBUU,,2M
J030007.48+000226.0,45.0311931,0.0405766,Im,17.136,0.11,17.078,0.38,12.778,,8.933,,,,,,,,0000,0,nnnn,1423,851,724,894,BCUU,,2M
J030003.14+000149.2,45.0130955,0.0303361,Im,15.688,0.043,15.611,0.111,12.009,0.273,8.774,,,,,,,,0000,0,0nnn,-151,245,-120,258,ABBU,,2M
J030001.59+000213.5,45.006658,0.0371022,Im,17.553,0.154,17.005,,12.79,,9.141,,,,,,,,0000,0,nnnn,1414,1374,-910,1452,BUUU,,2M
J030002.75+000226.9,45.0114644,0.0408292,Im,17.146,0.113,17.118,0.41,12.801,,8.62,,,,,,,,0000,0,nnnn,-50,895,853,959,BCUU,,2M
J030003.86+000231.0,45.0160937,0.0419646,Im,17.868,0.208,16.681,,12.426,,9.254,,,,,,,,0000,0,nnnn,557,1896,1962,1984,BUUU,,2M
J030005.73+000232.2,45.0239038,0.0422955,Im,16.943,0.097,16.861,0.319,12.249,,9.176,,,,,,,,0000,0,nnnn,71,730,-42,754,ABUU,,2M
J030004.22+000259.2,45.0176176,0.0497779,Im,17.705,0.172,17.25,,12.699,,9.178,,,,,,,,0000,0,nnnn,560,1753,645,1822,BUUU,,2M
J025955.27+000116.3,44.9803052,0.0212218,Im,16.903,0.093,15.893,0.135,12.136,,8.763,,,,,,,,0000,0,nnnn,241,610,-762,654,ABUU,,2M
J025955.78+000121.4,44.9824255,0.0226212,Im,17.295,0.122,16.877,0.322,12.773,,8.635,,,,,,,,0000,0,nnnn,513,986,-2032,1010,BBUU,,2M
J025954.09+000135.6,44.9753896,0.0265789,Im,16.272,0.057,16.161,0.17,12.65,,8.937,,,,,,,,0000,0,0nnn,433,373,-242,394,ABUU,,2M
J025955.47+000203.4,44.9811361,0.034279,Im,16.936,0.092,16.666,0.265,12.641,,9.182,,,,,,,,0000,0,nnnn,-280,673,-1187,702,ABUU,,2M
J025958.03+000205.9,44.9918015,0.0349943,Im,16.602,0.077,16.508,0.23,12.869,0.507,9.305,,,,,,,,0000,0,0nnn,-440,532,163,566,ABCU,,2M
J025958.79+000217.4,44.9949878,0.0381914,Im,15.852,0.046,15.547,0.101,12.791,,9.318,,16.746,0.134,15.814,0.14,16.125,0.324,0000,0,1nnn,-128,250,-144,264,AAUU,0.314,2M
J025958.05+000227.4,44.9918804,0.0409574,Im,15.404,0.037,15.149,0.076,11.92,0.217,9.053,,,,,,,,0000,0,0nnn,40,173,-103,183,AABU,,2M
J025952.10+000153.8,44.9671249,0.0316121,Im,16.735,0.078,16.744,0.288,12.394,,9.047,,,,,,,,0000,0,0nnn,192,574,-776,604,ABUU,,2M
J025953.21+000217.8,44.9717194,0.0382793,Im,17.01,0.1,16.87,,12.924,,9.266,,,,,,,,0000,0,nnnn,-328,772,-44,805,AUUU,,2M
J025951.37+000214.9,44.9640679,0.0374887,Im,16.459,0.066,16.33,0.187,12.734,,9.017,,,,,,,,0000,0,1nnn,-66,427,-520,451,ABUU,,2M
J025952.87+000233.9,44.9703211,0.0427506,Im,16.835,0.086,16.285,0.192,12.335,,8.751,,,,,,,,0000,0,nnnn,-540,608,766,634,ABUU,,2M
J025951.33+000236.8,44.9638962,0.0435673,Im,15.911,0.046,16.004,0.154,12.718,,9.364,,16.476,0.113,16.057,0.175,15.564,,0000,0,0nnn,-178,259,-75,273,ABUU,0.177,2M
J025954.99+000229.5,44.9791594,0.0415515,Im,17.956,0.213,17.419,0.518,12.963,,9.311,,,,,,,,0000,0,nnnn,-114,1956,1014,2072,BCUU,,2M
J025954.16+000230.4,44.9756759,0.0417813,Im,17.036,0.098,16.623,0.254,12.768,,9.036,,,,,,,,0000,0,nnnn,169,720,-1645,758,ABUU,,2M
J025955.85+000241.0,44.982711,0.0447479,Im,17.648,0.164,16.889,,12.914,,9.023,,,,,,,,0000,0,nnnn,-1012,1541,129,1660,BUUU,,2M
J025956.09+000300.1,44.9837427,0.0500376,Im,16.487,0.067,16.471,0.215,12.778,,9.314,,,,,,,,0000,0,0nnn,8,455,-331,469,ABUU,,2M
J025953.57+000241.9,44.9732369,0.0449894,Im,17.27,0.125,16.771,0.3,12.788,0.538,8.912,,,,,,,,0000,0,nnnn,973,905,-194,968,BBCU,,2M
J025953.69+000252.7,44.9737256,0.0479935,Im,16.481,0.068,15.857,0.134,12.777,,8.692,,,,,,,,0000,0,0nnn,-348,413,-530,442,ABUU,,2M
J025952.83+000256.6,44.9701347,0.0490726,Im,15.842,0.047,15.398,0.091,11.954,0.227,8.93,0.468,,,,,,,0000,0,0nnn,-362,248,-135,265,AABC,,2M
J030002.00+000240.8,45.0083501,0.0446877,Im,17.073,0.106,17.335,,12.891,,8.782,,,,,,,,0000,0,nnnn,-1174,793,1902,831,AUUU,,2M
J025959.40+000254.4,44.9975007,0.04846,Im,16.969,0.096,16.355,0.209,12.749,,9.275,,,,,,,,0000,0,nnnn,573,663,-272,704,ABUU,,2M
J030002.93+000253.8,45.0122412,0.0482872,Im,16.82,0.09,16.466,0.234,12.754,,9.217,,,,,,,,0000,0,nnnn,-481,644,1921,678,ABUU,,2M
J030001.86+000323.5,45.0077555,0.0565477,Im,17.695,0.178,17.34,0.519,12.465,,9.048,,,,,,,,0000,0,nnnn,363,1514,-131,1596,BCUU,,2M
J030000.76+000315.2,45.0031677,0.0542223,Im,16.625,0.077,16.547,0.255,12.792,,8.92,,,,,,,,0000,0,nnnn,696,545,-264,578,ABUU,,2M
J025958.08+000327.6,44.9920043,0.0576755,Im,17.22,0.117,16.643,0.254,12.274,,8.812,,,,,,,,0000,0,nnnn,510,897,329,968,BBUU,,2M
J025956.22+000311.4,44.9842827,0.0531833,Im,16.982,0.097,16.158,0.176,12.871,,9.307,,,,,,,,0000,0,nnnn,322,671,212,708,ABUU,,2M
J025956.13+000326.8,44.983914,0.0574718,Im,16.892,0.09,16.964,0.35,12.82,,9.422,,,,,,,,0000,0,nnnn,-126,651,57,691,ABUU,,2M
J025959.45+000346.7,44.9977499,0.0629859,Im,16.733,0.083,15.844,0.136,12.227,0.298,9.257,0.522,,,,,,,0000,0,nnnn,110,528,5,568,ABBC,,2M
J030000.28+000359.1,45.0011836,0.0664285,Im,16.682,0.076,16.89,0.349,12.9,,9.323,,,,,,,,0000,0,0nnn,306,556,-555,593,ABUU,,2M
J025959.46+000419.6,44.9977514,0.0721285,Im,17.86,0.211,17.418,0.521,12.792,,9.278,,,,,,,,0000,0,nnnn,344,1806,752,1949,BCUU,,2M
J030011.58+000253.7,45.0482773,0.048269,Im,12.682,0.023,12.701,0.025,12.054,0.3,9.155,,13.354,0.025,12.874,0.03,12.699,0.03,0000,0,11nn,6,37,27,37,AABU,0.216,2M
J030009.43+000302.6,45.0393132,0.0507472,Im,16.867,0.091,16.473,0.226,12.159,,8.578,,,,,,,,0000,0,nnnn,30,642,246,673,ABUU,,2M
J030011.64+000314.4,45.0485278,0.0540261,Im,17.32,0.124,16.71,,12.43,,9.34,,,,,,,,0000,0,nnnn,-388,990,1032,1065,BUUU,,2M
J030012.10+000328.6,45.0504419,0.0579715,Im,17.911,0.203,16.947,,12.652,0.474,8.923,,,,,,,,0000,0,nnnn,-927,1739,-1164,1849,BUCU,,2M
J030008.40+000305.5,45.0350401,0.0515552,Im,16.399,0.062,16.19,0.181,11.908,0.266,9.081,0.485,,,,,,,0000,0,0nnn,-1568,402,-463,424,ABBC,,2M
J030007.81+000308.1,45.0325524,0.0522541,Im,16.014,0.048,16.144,0.168,12.535,0.453,9.017,,,,,,,,0000,0,0nnn,156,298,-227,311,ABCU,,2M
J030008.27+000327.5,45.0344915,0.0576395,Im,17.745,0.176,17.498,,12.45,,9.21,,,,,,,,0000,0,nnnn,-983,1623,1692,1690,BUUU,,2M
J030009.35+000353.6,45.0389869,0.0649135,Im,16.979,0.095,17.042,0.388,12.773,,9.238,,,,,,,,0000,0,nnnn,-264,691,-813,732,ACUU,,2M
J030010.61+000411.8,45.0442446,0.0699583,Im,17.084,0.104,16.224,0.188,12.609,,8.927,,,,,,,,0000,0,nnnn,259,711,157,753,ABUU,,2M
J030009.97+000420.9,45.0415668,0.072497,Im,17.947,0.219,17.089,,12.353,,9.238,,,,,,,,0000,0,nnnn,-1139,1823,-1418,1924,BUUU,,2M
J030016.63+000334.8,45.0693038,0.059676,Im,17.916,0.205,16.843,,12.743,,8.969,,,,,,,,0000,0,nnnn,534,1745,136,1877,BUUU,,2M
J030017.74+000354.5,45.073958,0.0651545,Im,17.754,0.191,17.198,0.476,12.847,,9.382,,,,,,,,0000,0,nnnn,3130,1436,2726,1542,BCUU,,2M
J030013.68+000354.1,45.0570246,0.0650286,Im,16.604,0.07,17.212,0.432,12.285,,9.067,,,,,,,,0000,0,0nnn,-333,512,-133,550,ACUU,,2M
J030014.59+000409.7,45.0608267,0.069377,Im,17.708,0.167,17.079,,12.585,,9.153,,,,,,,,0000,0,nnnn,949,1397,-2053,1505,BUUU,,2M
J030018.37+000356.8,45.0765792,0.0658034,Im,16.897,0.093,16.92,0.33,12.604,,9.237,,,,,,,,0000,0,nnnn,198,718,485,761,ABUU,,2M
J030020.21+000433.6,45.0842129,0.076007,Im,17.282,0.121,16.914,0.321,12.778,,8.61,,,,,,,,0000,0,nnnn,110,995,-1597,1048,BBUU,,2M
J030019.13+000442.3,45.0797436,0.0784423,Im,17.545,0.152,17.36,0.51,11.964,,9.301,,,,,,,,0000,0,nnnn,-579,1239,772,1313,BCUU,,2M
J030012.95+000409.9,45.0539799,0.0694227,Im,16.185,0.054,16.256,0.191,11.777,0.233,8.741,,,,,,,,0000,0,0nnn,-240,341,-302,358,ABBU,,2M
J030012.60+000425.9,45.0525339,0.0738631,Im,15.905,0.047,15.585,0.107,11.955,,9.2,,,,,,,,0000,0,0nnn,-507,262,291,274,AAUU,,2M
J030013.18+000444.9,45.0549294,0.0791511,Im,17.222,0.112,16.397,0.205,12.112,,9.239,,,,,,,,0000,0,nnnn,-365,851,484,906,BBUU,,2M
J030017.06+000447.5,45.071115,0.079888,Im,17.45,0.139,17.129,0.42,12.056,,8.815,,,,,,,,0000,0,nnnn,447,1174,977,1248,BCUU,,2M
J030014.28+000454.7,45.0595144,0.0818617,Im,17.637,0.157,17.484,,12.739,,9.3,,,,,,,,0000,0,nnnn,880,1342,-51,1415,BUUU,,2M
J030015.75+000528.4,45.0656543,0.0912288,Im,17.875,0.206,16.929,0.366,12.804,,9.217,,,,,,,,0000,0,nnnn,542,1864,798,1975,BCUU,,2M
J030005.54+000349.1,45.0231162,0.0636577,Im,17.356,0.127,17.065,0.379,12.862,,9.22,,,,,,,,0000,0,nnnn,-1262,1038,123,1073,BCUU,,2M
J030004.29+000348.6,45.0179027,0.0635031,Im,17.435,0.139,16.52,0.239,11.985,,9.089,,,,,,,,0000,0,nnnn,-1289,965,1567,1035,BBUU,,2M
J030003.28+000353.4,45.0136906,0.0648501,Im,17.949,0.205,16.967,,12.845,,9.366,,,,,,,,0000,0,nnnn,-1211,1977,270,2073,BUUU,,2M
J030005.66+000406.3,45.0236112,0.0684355,Im,14.008,0.026,14.052,0.038,12.657,0.428,8.899,,14.729,0.038,14.141,0.043,14.024,0.074,0000,0,00nn,-20,63,-51,65,AACU,0.215,2M
J030005.07+000420.6,45.0211574,0.072416,Im,16.527,0.07,16.349,0.206,12.61,,8.859,,,,,,,,0000,0,0nnn,826,458,-36,491,ABUU,,2M
J030007.60+000419.3,45.0316755,0.0720525,Im,16.59,0.072,16.364,0.194,12.346,,8.744,,,,,,,,0000,0,1nnn,-87,486,-628,512,ABUU,,2M
J030007.99+000428.8,45.0333282,0.0746811,Im,16.61,0.074,16.139,0.17,12.082,,8.948,,,,,,,,0000,0,0nnn,640,487,828,513,ABUU,,2M
J030007.32+000439.1,45.0305226,0.077542,Im,17.436,0.136,16.939,0.339,12.48,,9.269,,,,,,,,0000,0,nnnn,-620,1048,-2951,1104,BBUU,,2M
J030007.74+000456.1,45.0322851,0.082273,Im,17.686,0.171,16.349,0.198,12.756,,9.305,,,,,,,,0000,0,nnnn,-1639,1138,220,1208,BBUU,,2M
J030002.47+000417.0,45.0103191,0.0713904,Im,17.643,0.161,17.469,,12.866,,9.192,,,,,,,,0000,0,nnnn,125,1304,-1959,1351,BUUU,,2M
J030003.60+000433.5,45.0150095,0.0759854,Im,17.916,0.211,16.825,,12.817,,9.107,,,,,,,,0000,0,nnnn,1620,1791,826,1917,BUUU,,2M
J030005.90+000450.7,45.024603,0.0807699,Im,16.724,0.079,15.989,0.142,12.262,,9.311,,,,,,,,0000,0,nnnn,-320,516,-303,546,ABUU,,2M
J030006.39+000454.0,45.0266398,0.0816737,Im,16.238,0.055,16.147,0.173,12.628,,9.237,,,,,,,,0000,0,0nnn,-106,348,126,364,ABUU,,2M
J030006.54+000514.3,45.0272861,0.0873266,Im,17.869,0.199,17.003,,12.722,,8.921,,,,,,,,0000,0,nnnn,-1302,1701,3621,1789,BUUU,,2M
J030004.66+000506.3,45.0194509,0.0850984,Im,17.684,0.16,17.247,0.473,12.303,,9.222,,,,,,,,0000,0,nnnn,-840,1396,415,1484,BCUU,,2M
J030003.67+000508.0,45.0153084,0.0855592,Im,15.764,0.043,15.664,0.119,12.334,,8.616,,,,,,,,0000,0,0nnn,-156,230,-442,240,ABUU,,2M
J030012.92+000503.3,45.0538472,0.0842652,Im,16.91,0.088,16.886,,12.847,,8.919,,,,,,,,0000,0,nnnn,467,691,-715,726,AUUU,,2M
J030012.18+000459.3,45.0507745,0.0831479,Im,17.749,0.178,16.93,,12.791,,9.31,,,,,,,,0000,0,nnnn,576,1481,-325,1585,BUUU,,2M
J030011.90+000517.5,45.0496081,0.088216,Im,17.659,0.163,17.351,0.504,12.151,,9.252,,,,,,,,0000,0,nnnn,-1006,1373,1058,1454,BCUU,,2M
J030009.34+000512.6,45.0389541,0.0868468,Im,15.955,0.048,15.995,0.152,12.646,,9.3,,,,,,,,0000,0,0nnn,-19,272,-109,286,ABUU,,2M
J030013.91+000521.7,45.0579596,0.0893723,Im,16.342,0.059,16.167,0.185,12.238,0.324,9.336,,,,,,,,0000,0,0nnn,34,376,-75,403,ABBU,,2M
J030014.55+000542.9,45.0606349,0.0952704,Im,16.569,0.068,16.509,0.262,12.173,,9.09,,,,,,,,0000,0,1nnn,53,466,157,495,ABUU,,2M
J030012.00+000525.9,45.0500169,0.0905425,Im,17.631,0.155,17.466,,12.775,,8.895,,,,,,,,0000,0,nnnn,243,1430,129,1514,BUUU,,2M
J030012.88+000547.7,45.0536871,0.0965874,Im,17.873,0.2,17.074,,12.879,,9.19,,,,,,,,0000,0,nnnn,-932,1837,1298,1931,BUUU,,2M
J030009.18+000532.2,45.0382559,0.0922907,Im,17.838,0.197,17.138,0.442,12.68,,9.121,,,,,,,,0000,0,nnnn,-636,1750,-650,1865,BCUU,,2M
J030006.68+000538.7,45.0278548,0.0940968,Im,16.773,0.082,17.04,0.384,12.602,0.419,9.303,,,,,,,,0000,0,0nnn,290,597,-160,637,ACCU,,2M
J030008.76+000550.7,45.0365292,0.0974213,Im,17.756,0.185,17.147,,12.398,,9.251,,,,,,,,0000,0,nnnn,-3123,1445,4814,1527,BUUU,,2M
J030010.64+000545.3,45.044356,0.095922,Im,16.312,0.06,15.834,0.129,12.633,,9.266,,,,,,,,0000,0,0nnn,328,363,203,384,ABUU,,2M
J025949.76+000232.6,44.957359,0.042396,Im,16.836,0.089,16.209,0.172,12.53,0.411,8.95,,,,,,,,0000,0,nnnn,155,610,413,634,ABCU,,2M
J025951.94+000246.7,44.9664268,0.0463069,Im,16.783,0.08,16.371,0.211,12.941,,8.893,,,,,,,,0000,0,nnnn,694,572,338,608,ABUU,,2M
J025949.25+000314.9,44.9552428,0.0541417,Im,16.31,0.058,16.159,0.175,12.466,,9.288,,,,,,,,0000,0,0nnn,161,358,38,381,ABUU,,2M
J025951.80+000302.3,44.9658657,0.0506615,Im,17.316,0.127,17.135,0.404,12.897,,9.112,,,,,,,,0000,0,nnnn,796,1001,310,1046,BCUU,,2M
J025952.02+000310.4,44.9667615,0.052913,Im,17.607,0.161,16.686,0.277,12.53,,9.2,,,,,,,,0000,0,nnnn,-596,1288,347,1340,BBUU,,2M
J025953.72+000309.0,44.9738744,0.0525154,Im,15.465,0.039,15.161,0.075,12.152,,8.754,,,,,,,,0000,0,11nn,-164,176,18,186,AAUU,,2M
J025954.11+000322.9,44.9754623,0.0563819,Im,16.749,0.08,16.3,0.187,12.69,,9.301,,,,,,,,0000,0,nnnn,178,536,130,569,ABUU,,2M
J025951.44+000343.0,44.9643394,0.0619575,Im,17.003,0.098,16.871,,12.346,,9.279,,,,,,,,0000,0,nnnn,-347,710,-225,748,AUUU,,2M
J025952.33+000342.3,44.9680753,0.0617705,Im,16.84,0.084,16.629,0.264,12.813,,9.069,,,,,,,,0000,0,0nnn,-706,605,-313,640,ABUU,,2M
J025945.70+000336.7,44.9404176,0.0602027,Im,17.207,0.113,16.711,,12.346,,8.959,,,,,,,,0000,0,nnnn,1089,925,651,955,BUUU,,2M
J025949.46+000408.7,44.956098,0.0690923,Im,16.328,0.059,16.887,0.317,12.226,,9.436,,,,,,,,0000,0,0nnn,263,391,-150,412,ABUU,,2M
J025950.24+000417.3,44.9593719,0.0714747,Im,17.789,0.194,17.116,0.409,12.79,,9.437,,,,,,,,0000,0,nnnn,-6469,1470,-716,1505,BCUU,,2M
J025949.37+000424.2,44.9557241,0.073414,Im,16.925,0.092,15.765,0.129,12.847,,9.319,,,,,,,,0000,0,nnnn,-717,595,-8,632,ABUU,,2M
J025954.51+000338.2,44.977157,0.0606192,Im,16.848,0.089,16.975,,12.744,,9.172,,,,,,,,0000,0,nnnn,214,652,-215,689,AUUU,,2M
J025955.83+000355.9,44.9826376,0.0655479,Im,16.86,0.09,16.947,0.347,12.317,,9.194,,,,,,,,0000,0,nnnn,-1180,634,-542,690,ABUU,,2M
J025953.56+000404.2,44.9731992,0.0678452,Im,17.225,0.115,17.128,0.41,12.854,,8.498,,,,,,,,0000,0,nnnn,707,890,-428,938,BCUU,,2M
J025954.52+000357.9,44.9772055,0.0661084,Im,15.781,0.046,15.693,0.117,12.33,0.317,9.379,,,,,,,,0000,0,1nnn,-74,235,-563,242,ABBU,,2M
J025957.29+000402.7,44.9887295,0.0674263,Im,16.212,0.057,15.921,0.148,12.236,,9.268,,,,,,,,0000,0,0nnn,30,330,134,348,ABUU,,2M
J025958.38+000434.8,44.9932771,0.0763466,Im,14.432,0.029,14.388,0.048,12.114,,9.218,,14.921,0.036,14.557,0.063,14.472,0.081,0000,0,00nn,-77,80,30,84,AAUU,0.295,2M
J025956.30+000419.0,44.9846137,0.0719479,Im,16.744,0.079,16.701,0.293,12.553,,9.39,,,,,,,,0000,0,0nnn,370,548,-288,585,ABUU,,2M
J025957.64+000437.8,44.9901685,0.0771785,Im,15.244,0.036,14.921,0.066,12.045,0.289,9.087,0.505,,,,,,,0000,0,nnnn,92,140,170,147,AABC,,2M
J025951.75+000404.1,44.9656436,0.0678226,Im,15.575,0.04,15.354,0.09,12.397,,9.083,,,,,,,,0000,0,1nnn,-52,196,18,205,AAUU,,2M
J025952.91+000406.4,44.9704609,0.0684504,Im,17.16,0.111,17.195,0.44,12.281,,8.906,,,,,,,,0000,0,nnnn,-1926,830,-569,877,BCUU,,2M
J025952.44+000422.6,44.9685107,0.0729705,Im,17.872,0.208,17.438,,12.628,,9.407,,,,,,,,0000,0,nnnn,876,1680,1842,1780,BUUU,,2M
J025953.06+000418.4,44.9711022,0.0717975,Im,17.882,0.211,17.068,,12.809,,9.384,,,,,,,,0000,0,nnnn,-20,1857,-468,1919,BUUU,,2M
J025951.45+000430.0,44.9644088,0.0750097,Im,16.348,0.063,16.369,0.216,12.793,,9.272,,,,,,,,0000,0,0nnn,-134,381,175,402,ABUU,,2M
J025950.65+000437.8,44.9610721,0.0771859,Im,16.348,0.062,16.013,0.148,12.099,0.258,8.956,,,,,,,,0000,0,0nnn,204,373,482,392,ABBU,,2M
J025952.86+000441.3,44.9702756,0.0781566,Im,17.427,0.142,17.089,0.392,12.779,,9.264,,,,,,,,0000,0,nnnn,-590,1102,-357,1153,BCUU,,2M
J025954.70+000435.0,44.9779407,0.0763971,Im,17.325,0.13,16.994,,12.601,,9.372,,,,,,,,0000,0,nnnn,-537,1017,123,1082,BUUU,,2M
J025953.70+000447.2,44.9737893,0.0797833,Im,17.41,0.142,16.814,,12.596,,9.213,,,,,,,,0000,0,nnnn,-559,1025,298,1089,BUUU,,2M
J025954.77+000458.4,44.978235,0.0829129,Im,15.276,0.037,15.255,0.081,12.756,,8.724,,,,,,,,0000,0,0nnn,-262,150,86,157,AAUU,,2M
J025953.82+000510.7,44.9742579,0.0863257,Im,17.54,0.154,16.858,,12.38,,9.228,,,,,,,,0000,0,nnnn,410,1249,1112,1322,BUUU,,2M
J025952.89+000509.1,44.9704082,0.0858616,Im,15.306,0.036,14.653,0.054,12.175,0.29,8.984,0.482,,,,,,,0000,0,00nn,73,151,148,158,AABC,,2M
J025954.85+000533.5,44.9785655,0.0926477,Im,16.013,0.052,15.681,0.11,12.835,,9.125,,16.505,0.122,16.169,0.182,15.95,,0000,0,0nnn,62,283,-91,301,ABUU,0.56,2M
J025945.86+000359.3,44.9410949,0.0664821,Im,17.452,0.138,16.855,,12.966,,9.312,,,,,,,,0000,0,nnnn,-1121,1084,1062,1147,BUUU,,2M
J025943.86+000353.4,44.9327906,0.0648436,Im,14.803,0.03,14.633,0.053,12.529,,9.137,,15.76,0.071,15.079,0.075,14.844,0.122,0000,0,00nn,49,105,158,111,AAUU,0.137,2M
J025942.55+000355.7,44.927316,0.0654894,Im,16.678,0.077,17.053,0.426,12.447,,8.815,,,,,,,,0000,0,0nnn,-422,566,203,597,ACUU,,2M
J025947.09+000400.8,44.9462473,0.0669079,Im,17.562,0.151,17.167,,12.501,,9.284,,,,,,,,0000,0,nnnn,936,1260,1050,1334,BUUU,,2M
J025946.78+000442.7,44.9449568,0.0785478,Im,17.607,0.164,16.583,0.246,12.865,,8.939,,,,,,,,0000,0,nnnn,-324,1213,-2473,1296,BBUU,,2M
J025946.23+000443.8,44.942659,0.0788488,Im,17.513,0.153,16.859,0.325,12.785,,9.153,,,,,,,,0000,0,nnnn,-1142,1175,192,1248,BBUU,,2M
J025941.02+000402.7,44.9209273,0.0674312,Im,16.424,0.065,15.982,0.137,12.946,,9.11,,,,,,,,0000,0,0nnn,-75,408,34,428,ABUU,,2M
J025941.39+000441.8,44.9224854,0.0782844,Im,17.209,0.116,16.877,0.367,12.221,,9.27,,,,,,,,0000,0,nnnn,88,889,-767,947,BCUU,,2M
J025942.06+000439.8,44.92529,0.0777292,Im,17.253,0.12,16.808,0.331,12.549,,9.259,,,,,,,,0000,0,nnnn,-494,958,49,1032,BBUU,,2M
J025943.64+000437.3,44.9318388,0.077046,Im,16.003,0.048,15.643,0.114,11.934,0.251,8.935,,,,,,,,0000,0,0nnn,-347,281,388,299,ABBU,,2M
J025944.50+000457.8,44.9354537,0.0827298,Im,16.726,0.075,16.924,0.331,12.661,,9.006,,,,,,,,0000,0,nnnn,-1266,554,640,582,ABUU,,2M
J025946.11+000501.3,44.9421388,0.0837189,Im,16.969,0.092,16.679,0.271,12.571,,8.631,,,,,,,,0000,0,nnnn,708,680,-112,711,ABUU,,2M
J025945.56+000514.2,44.9398525,0.0872998,Im,17.001,0.095,16.1,0.158,12.071,,9.027,,,,,,,,0000,0,nnnn,-152,656,262,705,ABUU,,2M
J025944.06+000520.5,44.9336203,0.0890447,Im,16.868,0.088,16.811,0.298,12.495,,9.304,,,,,,,,0000,0,nnnn,524,638,-305,670,ABUU,,2M
J025951.26+000454.4,44.9636194,0.0817993,Im,16.731,0.079,16.832,,12.722,,9.25,,,,,,,,0000,0,nnnn,-125,559,963,599,AUUU,,2M
J025947.61+000458.6,44.9483926,0.0829544,Im,17.898,0.209,17.039,,12.761,,9.346,,,,,,,,0000,0,nnnn,1255,1922,-1160,2033,BUUU,,2M
J025950.02+000518.3,44.9584475,0.0884295,Im,16.74,0.081,16.89,0.317,12.871,,9.351,,,,,,,,0000,0,nnnn,-78,568,146,596,ABUU,,2M
J025949.12+000530.3,44.9546938,0.0917649,Im,16.595,0.07,16.447,0.237,12.815,,9.216,,,,,,,,0000,0,nnnn,-102,502,514,523,ABUU,,2M
J025953.76+000527.0,44.9740256,0.0908532,Im,17.687,0.171,16.966,,12.835,,8.731,,,,,,,,0000,0,nnnn,-66,1472,824,1547,BUUU,,2M
J025951.42+000531.4,44.9642526,0.0920583,Im,16.408,0.062,16.23,0.197,12.832,,9.003,,,,,,,,0000,0,1nnn,-188,397,-429,414,ABUU,,2M
J025949.85+000532.6,44.9577336,0.0924145,Im,17.944,0.215,17.407,,12.743,,9.269,,,,,,,,0000,0,nnnn,-28,1823,-2,1906,BUUU,,2M
J025946.31+000509.8,44.9429795,0.0860587,Im,17.225,0.117,16.612,0.26,12.623,0.439,8.927,,,,,,,,0000,0,nnnn,-76,861,-80,915,BBCU,,2M
J025947.02+000519.2,44.9459414,0.0886684,Im,16.97,0.095,16.205,0.182,12.186,,8.937,,,,,,,,0000,0,nnnn,354,656,422,699,ABUU,,2M
J025945.90+000524.1,44.9412793,0.090038,Im,15.951,0.048,15.838,0.129,12.215,0.27,8.84,,,,,,,,0000,0,0nnn,-508,287,-127,294,ABBU,,2M
J025947.41+000537.2,44.9475799,0.0936783,Im,16.952,0.093,16.631,0.258,12.163,,9.093,,,,,,,,0000,0,nnnn,-764,709,757,742,ABUU,,2M
J025946.54+000534.1,44.9439507,0.0928167,Im,16.584,0.074,16.177,0.174,12.411,0.379,8.882,,,,,,,,0000,0,0nnn,588,487,1027,512,ABCU,,2M
J025944.81+000534.5,44.9367445,0.0929177,Im,16.249,0.058,15.976,0.156,12.276,0.333,9.127,,,,,,,,0000,0,0nnn,80,368,112,387,ABBU,,2M
J025945.53+000540.9,44.9397198,0.0946985,Im,17.597,0.158,16.912,,12.152,,9.287,,,,,,,,0000,0,nnnn,3454,1368,124,1363,BUUU,,2M
J025949.20+000541.3,44.9550384,0.0948238,Im,17.185,0.117,17.032,,12.835,,8.936,,,,,,,,0000,0,nnnn,10,934,-358,992,BUUU,,2M
J025948.07+000558.7,44.950305,0.0996408,Im,17.791,0.2,16.831,0.309,12.895,,8.987,,,,,,,,0000,0,nnnn,-791,1481,241,1576,BBUU,,2M
J025947.50+000611.6,44.9479176,0.1032429,Im,17.132,0.112,16.662,0.28,12.782,,9.223,,,,,,,,0000,0,nnnn,-463,890,-1121,936,BBUU,,2M
J025948.27+000619.0,44.9511532,0.1052863,Im,14.24,0.026,14.118,0.042,12.284,,9.129,,15.265,0.05,14.56,0.05,14.524,0.091,0000,0,11nn,8,73,-82,75,AAUU,0.021,2M
J030000.66+000437.7,45.0027858,0.0771474,Im,17.105,0.107,16.59,0.272,12.815,,9.096,,,,,,,,0000,0,nnnn,103,856,-400,902,ABUU,,2M
J030001.54+000504.1,45.0064236,0.0844881,Im,17.215,0.116,16.688,,12.984,,9.044,,,,,,,,0000,0,nnnn,-427,862,-110,907,BUUU,,2M
J025959.05+000505.6,44.9960612,0.0849089,Im,14.74,0.031,14.701,0.063,12.729,,9.329,,15.086,0.037,14.933,0.068,14.831,0.106,0000,0,00nn,46,105,69,108,AAUU,0.392,2M
J030000.02+000521.4,45.000107,0.08928,Im,15.252,0.035,15.206,0.078,11.96,0.245,9.115,0.469,,,,,,,0000,0,0nnn,-275,159,17,168,AABC,,2M
J030003.31+000515.8,45.0138131,0.0877451,Im,15.338,0.035,15.24,0.083,12.206,,9.075,,16.517,0.111,15.851,0.128,15.363,0.17,0000,0,11nn,-45,158,130,167,AAUU,0.668,2M
J030002.45+000542.9,45.0102361,0.0952686,Im,15.695,0.042,15.612,0.113,12.166,0.293,9.253,,,,,,,,0000,0,1nnn,-384,213,35,227,ABBU,,2M
J030002.11+000551.0,45.008821,0.0975001,Im,16.376,0.06,16.461,0.234,12.838,,9.242,,,,,,,,0000,0,0nnn,-777,394,1477,417,ABUU,,2M
J025957.17+000504.5,44.9882323,0.0845932,Im,17.059,0.099,16.698,,12.709,,8.801,,,,,,,,0000,0,nnnn,649,758,467,811,AUUU,,2M
J025956.72+000512.0,44.9863688,0.086672,Im,17.634,0.164,17.225,,12.593,,9.405,,,,,,,,0000,0,nnnn,-1752,1369,-373,1458,BUUU,,2M
J025958.01+000536.9,44.9917471,0.0935964,Im,16.454,0.067,16.514,0.257,12.419,,9.275,,,,,,,,0000,0,0nnn,-165,456,-186,485,ABUU,,2M
J025955.93+000547.1,44.9830745,0.0964243,Im,14.548,0.03,14.413,0.047,12.783,,9.374,,15.506,0.055,15.021,0.07,14.575,0.077,0000,0,00nn,18,85,-52,90,AAUU,0.35,2M
J025957.37+000604.3,44.9890746,0.1012132,Im,17.084,0.102,16.642,,12.485,0.361,9.267,,,,,,,,0000,0,nnnn,376,789,324,846,AUCU,,2M
J030001.25+000552.2,45.0052102,0.0978508,Im,16.927,0.09,16.57,0.252,12.535,,8.848,,,,,,,,0000,0,nnnn,-832,668,-193,710,ABUU,,2M
J030001.81+000601.9,45.0075465,0.100543,Im,17.06,0.098,16.529,0.247,12.849,,9.258,,,,,,,,0000,0,nnnn,424,708,-257,755,ABUU,,2M
J030001.21+000607.2,45.0050821,0.1020109,Im,15.873,0.048,15.798,0.133,12.895,,9.146,,16.506,0.114,15.977,0.169,16.079,0.276,0000,0,0nnn,-166,258,-98,268,ABUU,0.581,2M
J030000.51+000621.7,45.0021322,0.1060396,Im,17.623,0.171,16.727,0.283,12.76,,8.942,,,,,,,,0000,0,nnnn,-748,1306,-1444,1387,BBUU,,2M
J030001.05+000628.5,45.0043868,0.1079217,Im,17.293,0.126,16.795,,12.784,,9.09,,,,,,,,0000,0,nnnn,-1505,961,615,996,BUUU,,2M
J030006.82+000558.4,45.028429,0.0995715,Im,17.52,0.148,17.339,,12.925,,9.034,,,,,,,,0000,0,nnnn,302,1290,916,1339,BUUU,,2M
J030007.03+000613.8,45.0292923,0.1038334,Im,17.24,0.117,16.914,,12.8,,8.945,,,,,,,,0000,0,nnnn,-424,915,-434,989,BUUU,,2M
J030006.25+000614.2,45.0260662,0.1039685,Im,17.366,0.136,16.913,,12.745,,9.344,,,,,,,,0000,0,nnnn,-95,1121,-402,1184,BUUU,,2M
J030008.35+000625.4,45.0348294,0.1070732,Im,17.353,0.136,16.725,,12.746,,8.703,,,,,,,,0000,0,nnnn,-517,1127,192,1179,BUUU,,2M
J030007.99+000712.5,45.0333086,0.1201402,Im,17.217,0.115,16.792,0.317,12.421,,8.748,,,,,,,,0000,0,nnnn,-1129,860,43,902,BBUU,,2M
J030003.64+000642.3,45.0151783,0.1117757,Im,17.697,0.182,17.323,0.503,12.494,,8.745,,,,,,,,0000,0,nnnn,-1041,1549,-110,1643,BCUU,,2M
J030001.01+000637.7,45.0042437,0.1104765,Im,17.344,0.14,17.323,,12.767,,8.96,,,,,,,,0000,0,nnnn,97,1108,-373,1150,BUUU,,2M
J030002.94+000658.0,45.0122595,0.1161189,Im,16.879,0.092,16.567,0.26,12.339,,8.487,,,,,,,,0000,0,nnnn,-356,641,-211,684,ABUU,,2M
J030004.43+000658.6,45.0184726,0.1162886,Im,17.358,0.131,16.532,0.256,12.146,,9.106,,,,,,,,0000,0,nnnn,925,996,-491,1047,BBUU,,2M
J025956.00+000608.5,44.9833337,0.102384,Im,17.459,0.148,16.863,0.321,12.627,,9.357,,,,,,,,0000,0,nnnn,-1034,1115,292,1178,BBUU,,2M
J025953.78+000558.8,44.9741213,0.0996775,Im,17.174,0.117,16.916,,12.306,,9.156,,,,,,,,0000,0,nnnn,-226,916,503,970,BUUU,,2M
J025957.21+000623.0,44.9883831,0.1063948,Im,17.856,0.206,16.617,,12.663,,9.036,,,,,,,,0000,0,nnnn,128,1866,-705,1981,BUUU,,2M
J025958.97+000634.8,44.9957418,0.1096812,Im,17.383,0.138,16.704,0.31,12.474,,8.992,,,,,,,,0000,0,nnnn,558,1057,-821,1137,BBUU,,2M
J025959.68+000642.6,44.9986869,0.1118591,Im,17.687,0.186,16.651,,12.677,0.509,8.611,,,,,,,,0000,0,nnnn,964,1474,-46,1536,BUCU,,2M
J025953.29+000625.4,44.9720757,0.1070805,Im,16.763,0.084,16.155,0.181,12.576,,8.808,,,,,,,,0000,0,nnnn,88,582,140,615,ABUU,,2M
J025950.54+000640.4,44.9606003,0.1112305,Im,16.188,0.055,16.054,0.165,12.118,0.279,8.767,,,,,,,,0000,0,0nnn,-235,344,-340,357,ABBU,,2M
J025955.50+000711.0,44.9812814,0.1197267,Im,16.406,0.066,16.076,0.157,12.428,,8.699,,,,,,,,0000,0,0nnn,-386,440,-1,462,ABUU,,2M
J025954.03+000717.5,44.9751319,0.1215435,Im,16.918,0.091,16.664,0.275,12.782,,8.759,,,,,,,,0000,0,nnnn,448,656,-137,694,ABUU,,2M
J025955.29+000726.5,44.9804128,0.1240504,Im,17.85,0.203,17.263,,12.515,,9.212,,,,,,,,0000,0,nnnn,920,1747,178,1854,BUUU,,2M
J025954.00+000739.5,44.9750087,0.1276599,Im,17.373,0.131,16.522,0.237,12.782,,8.854,,,,,,,,0000,0,nnnn,98,1005,133,1047,BBUU,,2M
J030001.39+000711.5,45.0058318,0.119884,Im,17.07,0.103,16.239,0.187,12.512,,9.127,,,,,,,,0000,0,nnnn,641,734,993,766,ABUU,,2M
J025959.70+000724.3,44.9987544,0.1234227,Im,17.167,0.116,17.32,0.491,12.758,,9.255,,,,,,,,0000,0,nnnn,-824,891,690,936,BCUU,,2M
J030004.95+000749.4,45.0206366,0.1304164,Im,16.186,0.057,15.689,0.113,12.133,,8.427,,,,,,,,0000,0,0nnn,-50,345,-22,364,ABUU,,2M
J030001.14+000742.2,45.0047733,0.1283986,Im,17.655,0.172,17.14,0.437,12.21,,9.306,,,,,,,,0000,0,nnnn,218,1384,1472,1473,BCUU,,2M
J025956.43+000728.7,44.9851574,0.1246489,Im,17.597,0.17,17.207,0.453,12.468,,9.222,,,,,,,,0000,0,nnnn,-650,1503,1580,1597,BCUU,,2M
J025956.90+000742.1,44.987115,0.1283796,Im,17.355,0.136,16.38,0.203,12.414,,9.119,0.463,,,,,,,0000,0,nnnn,750,990,-1747,1065,BBUC,,2M
J025956.21+000739.8,44.9842165,0.1277452,Im,16.709,0.078,16.595,0.262,12.434,,9.357,,,,,,,,0000,0,nnnn,-963,590,52,615,ABUU,,2M
J025955.20+000751.9,44.9800318,0.1310936,Im,16.944,0.096,16.578,0.246,12.839,,9.088,,,,,,,,0000,0,nnnn,18,713,496,755,ABUU,,2M
J025958.51+000810.5,44.9937958,0.136251,Im,17.427,0.143,16.913,0.358,12.506,,9.176,,,,,,,,0000,0,nnnn,-649,1096,-1121,1135,BCUU,,2M
J030021.51+000434.0,45.0896382,0.0761297,Im,17.789,0.185,17.449,,12.128,,9.173,,,,,,,,0000,0,nnnn,-12,1453,1074,1536,BUUU,,2M
J030022.92+000507.1,45.0955195,0.0853324,Im,16.318,0.059,16.569,0.256,12.5,,9.18,,16.501,0.149,15.767,,15.259,,0000,0,0nnn,583,385,-395,405,ABUU,0.203,2M
J030021.63+000500.5,45.0901608,0.0834944,Im,17.624,0.161,17.031,,12.755,,9.235,,,,,,,,0000,0,nnnn,1669,1382,-363,1452,BUUU,,2M
J030019.51+000454.3,45.0812919,0.0817618,Im,16.592,0.07,17.059,0.41,12.348,,9.141,,,,,,,,0000,0,0nnn,101,505,315,535,ACUU,,2M
J030019.93+000510.3,45.0830514,0.0862167,Im,16.425,0.066,16.518,0.234,12.844,,9.039,,,,,,,,0000,0,0nnn,337,415,-120,445,ABUU,,2M
J030021.21+000506.5,45.0883769,0.0851631,Im,17.984,0.217,16.763,,12.503,,9.106,,,,,,,,0000,0,nnnn,-303,2074,190,2207,BUUU,,2M
J030023.78+000546.1,45.0990857,0.0961566,Im,17.145,0.112,16.365,0.224,12.791,,9.192,,,,,,,,0000,0,nnnn,976,800,-293,860,BBUU,,2M
J030018.93+000517.0,45.0788876,0.0880589,Im,16.554,0.066,16.829,0.317,12.206,,8.66,,,,,,,,0000,0,0nnn,-157,461,441,491,ABUU,,2M
J030018.25+000526.5,45.0760483,0.0907075,Im,16.639,0.072,16.331,0.206,12.383,0.381,8.561,,,,,,,,0000,0,nnnn,-523,530,14,565,ABCU,,2M
J030019.04+000535.2,45.0793521,0.0931352,Im,16.95,0.09,16.413,0.218,12.455,,8.833,,,,,,,,0000,0,nnnn,-161,684,-36,719,ABUU,,2M
J030017.86+000541.3,45.0744261,0.0948111,Im,16.389,0.061,15.918,0.138,12.802,,8.516,,,,,,,,0000,0,0nnn,-703,398,221,426,ABUU,,2M
J030016.50+000538.1,45.0687751,0.0939378,Im,17.707,0.173,17.133,0.424,12.829,,9.11,,,,,,,,0000,0,nnnn,-224,1491,1666,1599,BCUU,,2M
J030021.10+000550.9,45.08792,0.0974805,Im,16.781,0.081,16.176,0.178,12.676,0.518,9.117,0.482,,,,,,,0000,0,nnnn,-137,556,16,593,ABCC,,2M
J030021.91+000554.2,45.0913105,0.0983893,Im,17.096,0.108,16.867,0.336,12.227,,9.102,,,,,,,,0000,0,nnnn,491,836,182,880,ABUU,,2M
J030019.13+000617.0,45.0797087,0.1047322,Im,16.503,0.066,16.326,0.204,12.866,,9.003,,,,,,,,0000,0,0nnn,-776,443,798,469,ABUU,,2M
J030020.26+000616.5,45.0844551,0.1045994,Im,17.044,0.1,16.778,0.301,12.678,0.528,9.049,,,,,,,,0000,0,nnnn,1023,709,1773,749,ABCU,,2M
J030021.03+000610.8,45.0876549,0.1030149,Im,16.849,0.088,16.993,0.372,12.581,,8.835,,,,,,,,0000,0,nnnn,-493,620,-981,662,ACUU,,2M
J030026.82+000558.4,45.1117877,0.0995789,Im,17.73,0.181,16.738,,12.261,,9.012,0.438,,,,,,,0000,0,nnnn,562,1432,-1407,1548,BUUC,,2M
J030026.13+000605.2,45.1089054,0.1014582,Im,17.386,0.133,16.71,,12.041,0.249,8.43,,,,,,,,0000,0,nnnn,-822,970,-90,1062,BUBU,,2M
J030025.24+000626.0,45.1051702,0.1072231,Im,17.714,0.178,16.704,,12.844,,8.887,,,,,,,,0000,0,nnnn,-268,1548,-315,1662,BUUU,,2M
J030026.68+000637.7,45.1111876,0.110486,Im,17.775,0.192,17.46,,12.713,,9.211,,,,,,,,0000,0,nnnn,-990,1583,1425,1699,BUUU,,2M
J030028.75+000620.5,45.1198059,0.1057192,Im,17.682,0.166,16.817,0.311,12.444,,8.58,,,,,,,,0000,0,nnnn,-155,1226,57,1315,BBUU,,2M
J030028.38+000647.9,45.118268,0.1133191,Im,17.639,0.167,16.835,,12.275,,9.284,,,,,,,,0000,0,nnnn,-40,1342,411,1420,BUUU,,2M
J030023.81+000616.3,45.0992467,0.1045475,Im,16.538,0.07,15.81,0.126,12.597,,8.633,,,,,,,,0000,0,0nnn,-1019,425,15,450,ABUU,,2M
J030023.08+000619.3,45.0961778,0.1053747,Im,16.723,0.081,16.408,0.23,12.682,,9.098,,,,,,,,0000,0,nnnn,78,536,-601,570,ABUU,,2M
J030024.77+000636.2,45.1032271,0.1100774,Im,16.603,0.075,15.726,0.119,12.763,,8.751,,,,,,,,0000,0,0nnn,-53,471,770,498,ABUU,,2M
J030022.90+000633.3,45.0954556,0.1092646,Im,16.95,0.097,16.068,0.163,12.131,,8.551,,,,,,,,0000,0,nnnn,291,616,654,658,ABUU,,2M
J030023.54+000643.4,45.098101,0.1120659,Im,16.28,0.058,15.74,0.119,12.707,,9.132,,,,,,,,0000,0,0nnn,140,339,-170,364,ABUU,,2M
J030025.46+000657.9,45.1061183,0.1160945,Im,16.851,0.089,16.45,0.228,12.34,,8.916,,,,,,,,0000,0,nnnn,539,628,1116,685,ABUU,,2M
J030025.88+000707.7,45.1078736,0.1188175,Im,17.549,0.154,16.5,0.233,12.562,,9.123,,,,,,,,0000,0,nnnn,-872,1137,342,1223,BBUU,,2M
J030027.62+000713.7,45.1151186,0.1204811,Im,17.554,0.153,16.679,,12.142,,8.822,,,,,,,,0000,0,nnnn,-819,1269,738,1358,BUUU,,2M
J030017.98+000638.6,45.0749514,0.110729,Im,14.93,0.031,14.815,0.061,11.95,0.232,8.507,,,,,,,,0000,0,00nn,114,121,120,125,AABU,,2M
J030017.00+000655.8,45.0708414,0.1155249,Im,16.609,0.069,16.188,0.181,12.702,0.465,8.635,,,,,,,,0000,0,nnnn,-246,471,-366,501,ABCU,,2M
J030011.49+000638.4,45.047896,0.1106794,Im,17.49,0.136,16.706,,12.113,,9.17,,,,,,,,0000,0,nnnn,-244,1162,847,1242,BUUU,,2M
J030012.06+000645.5,45.050265,0.1126575,Im,16.957,0.09,15.737,0.12,12.362,,9.139,,,,,,,,0000,0,nnnn,-160,596,-189,628,ABUU,,2M
J030013.68+000654.1,45.0570252,0.1150536,Im,15.882,0.045,16.148,0.173,12.535,,9.095,,16.457,0.133,15.945,0.172,15.992,,0000,0,0nnn,365,274,-442,293,ABUU,0.306,2M
J030013.10+000705.1,45.0546227,0.1181011,Im,17.287,0.122,16.179,0.169,12.608,,8.806,,,,,,,,d000,0,nnnn,352,858,157,916,BBUU,,2M
J030015.60+000659.5,45.0650222,0.1165482,Im,17.662,0.171,17.428,,12.678,,9.176,,,,,,,,0000,0,nnnn,1669,1411,2929,1538,BUUU,,2M
J030016.77+000707.7,45.0698992,0.1188085,Im,17.646,0.161,17.03,,12.821,,8.632,,,,,,,,0000,0,nnnn,269,1507,193,1616,BUUU,,2M
J030016.88+000725.5,45.0703661,0.1237763,Im,17.815,0.191,17.432,,12.826,,9.294,,,,,,,,0000,0,nnnn,-904,1664,-3420,1742,BUUU,,2M
J030015.47+000723.1,45.0644848,0.1231004,Im,16.734,0.082,16.91,0.351,12.302,,8.617,,,,,,,,dd00,0,nnnn,1003,630,-457,668,ABUU,,2M
J030023.53+000715.3,45.0980647,0.1209316,Im,17.842,0.199,16.905,,12.761,,8.936,,,,,,,,0000,0,nnnn,-1175,1576,-150,1696,BUUU,,2M
J030022.79+000713.4,45.0949819,0.1204067,Im,17.594,0.16,17.416,,12.065,,9.157,,,,,,,,0000,0,nnnn,1475,1211,-1285,1301,BUUU,,2M
J030021.56+000742.7,45.0898517,0.1285523,Im,17.596,0.167,17.296,0.474,12.357,,9.267,,,,,,,,0000,0,nnnn,1703,1363,128,1451,BCUU,,2M
J030023.19+000724.8,45.0966482,0.1235727,Im,17.378,0.134,17.316,0.478,12.734,,9.035,,,,,,,,0000,0,nnnn,701,1068,1648,1124,BCUU,,2M
J030023.48+000749.0,45.0978401,0.1302859,Im,17.418,0.137,16.778,0.317,12.694,,9.23,,,,,,,,0000,0,nnnn,661,1072,-11,1142,BBUU,,2M
J030023.17+000758.0,45.096554,0.13279,Im,17.234,0.124,17.21,0.457,12.762,,9.202,,,,,,,,0000,0,nnnn,877,955,240,999,BCUU,,2M
J030024.34+000806.0,45.1014369,0.1350206,Im,16.759,0.079,16.685,0.282,12.053,,8.75,,,,,,,,0000,0,nnnn,343,588,-176,629,ABUU,,2M
J030019.43+000745.6,45.0809616,0.1293481,Im,18.259,0.297,16.386,0.217,12.003,,9.262,,,,,,,,0000,0,nnnn,1451,1648,-437,1816,BBUU,,2M
J030021.74+000811.6,45.0905946,0.1365663,Im,14.844,0.031,14.546,0.052,10.963,0.108,8.697,0.346,,,,,,,0000,0,000n,188,122,42,128,AAAB,,2M
J030020.00+000806.0,45.0833688,0.1350174,Im,17.552,0.164,16.422,0.221,12.502,,8.72,,,,,,,,0000,0,nnnn,211,1260,-355,1338,BBUU,,2M
J030022.98+000823.1,45.0957822,0.1397578,Im,17.739,0.188,17.121,,12.624,,8.995,,,,,,,,0000,0,nnnn,-483,1777,265,1854,BUUU,,2M
J030020.40+000828.8,45.0850046,0.1413469,Im,17.353,0.132,16.558,0.252,12.778,,9.162,,,,,,,,0000,0,nnnn,-1963,928,1436,983,BBUU,,2M
J030019.66+000829.1,45.0819415,0.1414246,Im,17.74,0.188,16.404,0.221,12.666,0.488,9.054,,,,,,,,0000,0,nnnn,904,1325,-472,1437,BBCU,,2M
J030022.01+000837.4,45.0917375,0.1437468,Im,17.518,0.156,16.752,,12.777,,9.148,,,,,,,,0000,0,nnnn,-757,1353,982,1444,BUUU,,2M
J030033.71+000715.1,45.1404974,0.1208683,Im,16.164,0.053,16.032,0.155,12.325,,9.249,,,,,,,,0000,0,0nnn,28,330,-191,353,ABUU,,2M
J030030.00+000712.9,45.1250305,0.1202753,Im,17.357,0.127,16.826,0.313,12.817,,9.19,,,,,,,,0000,0,nnnn,-993,955,-914,1034,BBUU,,2M
J030029.27+000718.1,45.1219766,0.1217187,Im,16.301,0.057,16.037,0.152,12.417,,9.266,,,,,,,,0000,0,1nnn,253,362,291,390,ABUU,,2M
J030035.50+000749.8,45.1479475,0.1305102,Im,17.061,0.102,16.703,0.276,12.469,,9.034,,,,,,,,0000,0,nnnn,-172,723,-921,770,ABUU,,2M
J030032.15+000754.3,45.1339982,0.1317761,Im,16.027,0.051,16.251,0.199,12.286,0.357,8.621,,,,,,,,h000,0,0nnn,-265,303,-324,325,ABCU,,2M
J030030.00+000733.1,45.1250364,0.1258773,Im,16.201,0.056,16.004,0.166,12.149,,8.981,,,,,,,,0000,0,0nnn,603,342,235,363,ABUU,,2M
J030029.47+000742.9,45.1228127,0.1285865,Im,17.425,0.136,17.457,,12.886,,9.065,,,,,,,,0000,0,nnnn,-430,1034,502,1113,BUUU,,2M
J030028.83+000745.4,45.1201349,0.1293041,Im,17.312,0.123,17.188,,12.777,,8.822,,,,,,,,0000,0,nnnn,1941,947,-1083,1000,BUUU,,2M
J030029.79+000812.4,45.124155,0.1367853,Im,13.903,0.026,13.701,0.034,11.96,,8.441,,14.912,0.048,14.398,0.057,14.124,0.069,0000,0,11nn,41,61,36,63,AAUU,0.177,2M
J030031.70+000816.1,45.1321234,0.1378196,Im,10.897,0.023,10.924,0.021,10.803,0.108,8.928,,11.32,0.023,11.007,0.025,10.926,0.021,0000,0,110n,-3,28,27,28,AAAU,0.059,2M
J030033.85+000823.1,45.1410574,0.1397648,Im,17.748,0.186,16.891,,12.325,,9.193,,,,,,,,0000,0,nnnn,-911,1656,-52,1739,BUUU,,2M
J030032.49+000840.2,45.1353824,0.1445172,Im,16.727,0.081,16.21,0.187,12.737,,9.126,,,,,,,,d000,0,nnnn,375,534,176,568,ABUU,,2M
J030038.01+000809.4,45.1584032,0.1359568,Im,17.141,0.109,16.317,0.207,12.327,,9.123,,,,,,,,0000,0,nnnn,-713,786,-294,830,BBUU,,2M
J030038.06+000834.4,45.1585979,0.1429035,Im,17.405,0.135,17.039,0.356,12.521,,9.189,,,,,,,,0000,0,nnnn,-6,1092,-525,1163,BCUU,,2M
J030035.72+000813.6,45.1488467,0.1371171,Im,18.058,0.234,16.381,0.215,12.496,,8.532,,,,,,,,0000,0,nnnn,325,1569,1514,1689,BBUU,,2M
J030037.55+000845.5,45.15646,0.1459774,Im,16.775,0.079,16.892,0.338,12.746,,9.232,,,,,,,,0000,0,0nnn,807,564,-385,595,ABUU,,2M
J030039.59+000829.9,45.1649888,0.1416457,Im,16.238,0.056,15.72,0.12,12.303,0.376,8.661,,,,,,,,0000,0,1nnn,75,347,82,368,ABCU,,2M
J030037.98+000856.3,45.1582682,0.1489969,Im,17.919,0.213,17.322,0.498,12.062,,9.132,,,,,,,,0000,0,nnnn,554,1637,1145,1747,BCUU,,2M
J030037.34+000901.9,45.1556197,0.1505435,Im,17.142,0.113,17.027,0.394,12.5,0.456,9.228,,,,,,,,0000,0,nnnn,-27,826,4,865,BCCU,,2M
J030039.51+000916.1,45.1646572,0.1544861,Im,13.651,0.024,13.679,0.034,12.655,,8.86,,14.085,0.035,13.78,0.034,13.678,0.041,0000,0,00nn,9,50,-110,53,AAUU,0.227,2M
J030032.00+000854.0,45.1333334,0.1483469,Im,16.969,0.097,16.17,0.171,12.659,,9.031,,,,,,,,0000,0,nnnn,-384,658,889,706,ABUU,,2M
J030037.49+000917.3,45.1562275,0.1548265,Im,17.413,0.145,16.752,0.298,12.384,,9.077,,,,,,,,0000,0,nnnn,-576,1093,-330,1164,BBUU,,2M
J030036.57+000931.6,45.1524011,0.1587879,Im,17.746,0.185,17.247,0.473,12.239,,8.826,,,,,,,,0000,0,nnnn,1264,1566,-119,1687,BCUU,,2M
J030035.12+000937.3,45.1463588,0.1603807,Im,14.311,0.027,14.148,0.042,12.574,,8.609,,15.26,0.057,14.712,0.054,14.27,0.07,0000,0,00nn,193,73,-95,77,AAUU,0.176,2M
J030027.13+000806.2,45.1130807,0.1350758,Im,17.86,0.206,16.911,,12.773,,8.771,,,,,,,,0000,0,nnnn,-401,1806,1026,1946,BUUU,,2M
J030028.85+000824.8,45.1202465,0.1402365,Im,16.969,0.099,16.719,,12.71,,8.451,,,,,,,,0000,0,nnnn,-1291,714,96,772,AUUU,,2M
J030025.31+000833.3,45.1054957,0.1425986,Im,17.115,0.115,16.567,0.242,12.406,,8.933,,,,,,,,0000,0,nnnn,378,790,277,844,BBUU,,2M
J030024.70+000833.7,45.1029304,0.142718,Im,16.366,0.065,15.904,0.142,12.742,0.522,8.741,,,,,,,,0000,0,0nnn,-159,397,-528,416,ABCU,,2M
J030026.19+000826.0,45.1091439,0.140573,Im,17.389,0.131,16.247,0.196,12.464,,9.215,,,,,,,,0000,0,nnnn,331,866,2110,928,BBUU,,2M
J030029.27+000832.3,45.1219618,0.1423147,Im,17.843,0.211,17.059,,12.68,,8.75,,,,,,,,0000,0,nnnn,745,1883,-774,2020,BUUU,,2M
J030027.98+000840.9,45.1166182,0.1447162,Im,13.509,0.025,13.489,0.031,12.581,,9.155,,14.017,0.032,13.614,0.034,13.503,0.048,0000,0,00nn,24,48,13,50,AAUU,0.115,2M
J030031.21+000852.6,45.1300514,0.1479471,Im,15.514,0.04,15.52,0.112,12.693,,9.053,,16.427,0.127,16.102,0.203,15.451,,0000,0,0nnn,207,187,76,202,ABUU,0.883,2M
J030030.51+000905.6,45.1271598,0.1515562,Im,17.391,0.135,17.344,,12.55,,9.103,,,,,,,,0000,0,nnnn,403,1164,-1026,1249,BUUU,,2M
J030027.23+000851.8,45.1134644,0.1477366,Im,17.532,0.16,16.635,0.261,12.808,,8.446,,,,,,,,0000,0,nnnn,-921,1118,-789,1205,BBUU,,2M
J030028.77+000900.6,45.1198839,0.1501874,Im,17.566,0.157,17.349,,12.626,,9.105,,,,,,,,0000,0,nnnn,743,1245,-5207,1344,BUUU,,2M
J030023.69+000835.4,45.0987267,0.1431781,Im,17.53,0.152,16.893,,12.704,,8.568,,,,,,,,0000,0,nnnn,-764,1258,-675,1331,BUUU,,2M
J030024.63+000849.7,45.1026599,0.1471659,Im,15.438,0.039,15.092,0.075,12.057,0.278,9.188,,,,,,,,0000,0,0nnn,-243,179,181,188,AABU,,2M
J030021.75+000850.2,45.0906358,0.147286,Im,17.533,0.161,17.276,0.505,12.824,,8.746,,,,,,,,0000,0,nnnn,-826,1307,28,1379,BCUU,,2M
J030023.64+000906.4,45.0985129,0.1517813,Im,16.365,0.062,16.393,0.21,12.687,,9.053,,,,,,,,0000,0,0nnn,220,418,-7,445,ABUU,,2M
J030024.65+000913.6,45.1027277,0.1537874,Im,15.965,0.049,15.709,0.128,12.321,,9.114,,,,,,,,0000,0,0nnn,78,294,28,313,ABUU,,2M
J030023.11+000921.4,45.0963089,0.1559476,Im,17.765,0.192,16.316,0.203,12.045,,9.124,,,,,,,,0000,0,nnnn,1704,1249,1166,1349,BBUU,,2M
J030023.66+000923.7,45.0986218,0.1565835,Im,17.016,0.1,16.82,,12.415,0.361,9.241,,,,,,,,0000,0,nnnn,-913,746,-454,795,AUCU,,2M
J030025.74+000908.7,45.10726,0.1524367,Im,16.628,0.075,15.979,0.153,12.762,,9.115,,,,,,,,0000,0,1nnn,-63,489,934,517,ABUU,,2M
J030028.07+000939.9,45.116992,0.1611062,Im,17.226,0.124,17.121,0.425,12.537,,9.097,,,,,,,,0000,0,nnnn,447,1002,-412,1066,BCUU,,2M
J030026.19+000941.8,45.1091487,0.161619,Im,17.693,0.184,16.644,0.282,12.708,,9.228,,,,,,,,0000,0,nnnn,988,1330,-2741,1406,BBUU,,2M
J030027.06+000944.5,45.1127709,0.1623713,Im,17.775,0.194,17.268,,12.491,,8.869,,,,,,,,0000,0,nnnn,965,1737,-2906,1853,BUUU,,2M
J030031.76+000917.4,45.1323574,0.1548498,Im,16.28,0.057,15.938,0.139,12.453,,9.009,,,,,,,,0000,0,0nnn,332,357,199,377,ABUU,,2M
J030033.40+000940.2,45.139191,0.1611901,Im,17.629,0.179,17.395,0.523,12.323,,9.113,,,,,,,,0000,0,nnnn,157,1527,227,1604,BCUU,,2M
J030031.63+000931.5,45.1318256,0.1587702,Im,17.889,0.211,17.319,0.505,12.348,,8.867,,,,,,,,0000,0,nnnn,88,1997,-461,2092,BCUU,,2M
J030031.83+000941.2,45.132627,0.1614569,Im,17.825,0.196,16.817,,12.818,,9.061,,,,,,,,0000,0,nnnn,502,1797,1167,1882,BUUU,,2M
J030034.38+000956.3,45.1432737,0.165649,Im,16.613,0.077,16.376,0.206,12.345,,8.677,,,,,,,,0000,0,1nnn,312,528,568,554,ABUU,,2M
J030035.86+000951.0,45.1494492,0.1641827,Im,16.979,0.098,16.947,0.348,12.122,,9.193,,,,,,,,0000,0,nnnn,28,739,-1485,785,ABUU,,2M
J030033.35+000957.7,45.1389761,0.1660413,Im,17.089,0.103,16.256,0.195,12.559,,8.816,,,,,,,,0000,0,nnnn,-1004,729,753,774,ABUU,,2M
J030033.84+001022.5,45.1410373,0.1729284,Im,17.542,0.153,16.712,,12.82,,9.271,,,,,,,,0000,0,nnnn,3335,1236,-1828,1321,BUUU,,2M
J030029.54+001004.6,45.123089,0.1679666,Im,17.185,0.122,16.634,0.283,12.704,,8.897,,,,,,,,0000,0,nnnn,-1599,840,-787,878,BBUU,,2M
J030030.16+001013.9,45.1256903,0.1705294,Im,16.7,0.082,16.093,0.185,12.626,0.501,8.681,,,,,,,,0000,0,nnnn,-5033,530,8003,553,ABCU,,2M
J030026.88+001003.7,45.1120317,0.1677169,Im,17.215,0.113,16.977,0.361,12.123,,8.459,,,,,,,,0000,0,nnnn,832,866,-1238,923,BCUU,,2M
J030028.88+001009.4,45.1203378,0.1692792,Im,17.822,0.21,17.376,,12.69,,8.953,,,,,,,,0000,0,nnnn,-926,1919,1374,2044,BUUU,,2M
J030029.70+001021.7,45.1237686,0.1727013,Im,16.444,0.069,17.248,0.514,12.402,,9.016,,,,,,,,0000,0,0nnn,806,450,-517,477,ACUU,,2M
J030031.63+001037.7,45.1318185,0.1771457,Im,16.287,0.06,15.999,0.148,12.272,,8.801,,,,,,,,0000,0,0nnn,-306,366,188,387,ABUU,,2M
J030029.75+001041.9,45.1239595,0.178325,Im,17.909,0.217,17.326,,12.077,,9.084,,,,,,,,0000,0,nnnn,-745,1602,1386,1709,BUUU,,2M
J030010.20+000705.1,45.0425136,0.1180951,Im,17.88,0.191,16.776,,12.538,,9.211,,,,,,,,0000,0,nnnn,450,1846,-364,1937,BUUU,,2M
J030011.91+000725.3,45.0496269,0.1236952,Im,17.756,0.178,17.436,0.537,12.34,,9.181,,,,,,,,0000,0,nnnn,468,1658,291,1755,BCUU,,2M
J030008.75+000722.9,45.0364597,0.1230478,Im,16.969,0.096,17.217,,12.79,,9.189,,,,,,,,0000,0,nnnn,680,720,517,762,AUUU,,2M
J030013.95+000738.6,45.0581485,0.1274143,Im,10.292,0.022,10.361,0.02,10.257,0.06,9.047,,10.971,0.022,10.527,0.025,10.35,0.02,0000,0,011n,0,28,0,27,AAAU,0.263,2M
J030012.27+000733.1,45.0511374,0.1258645,Im,17.456,0.138,17.109,0.411,12.867,,8.988,,,,,,,,h000,0,nnnn,-783,1124,157,1187,BCUU,,2M
J030013.36+000803.5,45.0556949,0.1343154,Im,15.773,0.044,15.124,0.075,12.632,,9.153,,,,,,,,h000,0,00nn,-99,227,456,243,AAUU,,2M
J030008.06+000742.9,45.0336231,0.1286069,Im,12.325,0.023,12.343,0.024,11.787,0.258,8.699,,12.983,0.025,12.548,0.028,12.389,0.03,0000,0,11nn,-48,34,-28,34,AABU,0.472,2M
J030009.57+000753.9,45.0399119,0.1316492,Im,16.892,0.088,16.41,0.225,12.433,,9.237,,,,,,,,0000,0,nnnn,87,625,-516,654,ABUU,,2M
J030005.70+000749.4,45.0237631,0.1304063,Im,15.988,0.052,15.837,0.129,12.355,,9.138,,,,,,,,0000,0,0nnn,-42,304,467,315,ABUU,,2M
J030012.98+000822.3,45.0541008,0.1395463,Im,17.861,0.205,16.875,,12.73,,9.207,,,,,,,,0000,0,nnnn,-1928,1936,886,2080,BUUU,,2M
J030011.01+000824.5,45.0458879,0.1401399,Im,16.559,0.067,16.395,0.205,12.667,,8.654,,,,,,,,0000,0,1nnn,-108,485,-283,521,ABUU,,2M
J030009.35+000811.2,45.0389595,0.1364501,Im,17.727,0.191,17.242,0.471,12.824,,9.029,,,,,,,,0000,0,nnnn,679,1661,685,1744,BCUU,,2M
J030010.28+000827.6,45.0428464,0.1410166,Im,17.156,0.108,17.351,0.497,12.216,,8.595,,,,,,,,0000,0,nnnn,-116,859,-397,905,ACUU,,2M
J030011.35+000844.0,45.0472947,0.1455572,Im,16.958,0.096,16.81,0.309,12.684,,9.206,,,,,,,,0000,0,nnnn,76,681,265,718,ABUU,,2M
J030016.14+000841.9,45.0672725,0.1449844,Im,16.597,0.073,16.862,0.359,12.726,,8.967,,,,,,,,0000,0,nnnn,794,510,-563,541,ACUU,,2M
J030018.07+000907.9,45.0753267,0.1522157,Im,17.031,0.103,15.622,0.11,11.907,0.228,8.6,,,,,,,,0000,0,nnnn,-33,598,-218,643,ABBU,,2M
J030017.75+000918.7,45.073966,0.1552175,Im,16.312,0.058,16.823,0.322,12.09,,9.083,,,,,,,,0000,0,0nnn,-105,382,-456,398,ABUU,,2M
J030013.42+000845.9,45.0559278,0.1461022,Im,13.382,0.024,13.406,0.03,12.727,0.521,8.87,,13.926,0.026,13.514,0.035,13.344,0.044,0000,0,00nn,45,48,31,50,AACU,0.166,2M
J030014.76+000900.3,45.0615362,0.1500881,Im,17.266,0.122,16.996,0.361,12.254,,8.844,,,,,,,,0000,0,nnnn,-549,895,50,932,BCUU,,2M
J030013.68+000920.4,45.057036,0.1556911,Im,17.356,0.136,16.864,0.318,12.112,,9.282,,,,,,,,0000,0,nnnn,-1801,1002,1176,1057,BBUU,,2M
J030016.39+000907.1,45.0683063,0.1519779,Im,16.69,0.08,16.08,0.167,12.769,,9.212,,,,,,,,0000,0,0nnn,-459,528,-92,550,ABUU,,2M
J030016.48+000920.1,45.0686669,0.155595,Im,17.37,0.132,17.128,0.419,12.591,,8.863,,,,,,,,0000,0,nnnn,-699,1101,-490,1143,BCUU,,2M
J030018.00+000934.3,45.0750329,0.1595453,Im,15.483,0.039,15.24,0.086,12.804,,9.321,,,,,,,,0000,0,0nnn,-372,180,39,189,AAUU,,2M
J030014.19+000923.2,45.0591332,0.156445,Im,17.129,0.112,16.688,0.266,12.752,0.494,9.199,,,,,,,,0000,0,nnnn,945,803,-450,838,BBCU,,2M
J030007.45+000820.5,45.0310709,0.1390482,Im,16.05,0.055,16.23,0.19,12.147,,8.828,,,,,,,,0000,0,0nnn,77,316,79,334,ABUU,,2M
J030006.41+000833.3,45.0267332,0.1425951,Im,17.096,0.104,17.142,0.426,12.783,,8.987,,,,,,,,0000,0,nnnn,-335,807,-126,839,ACUU,,2M
J030005.77+000844.0,45.0240492,0.1455815,Im,17.11,0.109,16.944,,12.453,,9.105,,,,,,,,0000,0,nnnn,-356,837,-806,873,AUUU,,2M
J030004.91+000838.1,45.0204607,0.1439243,Im,17.685,0.172,17.428,,12.731,0.514,9.239,,,,,,,,0000,0,nnnn,-792,1421,110,1492,BUCU,,2M
J030004.40+000845.2,45.0183463,0.1458998,Im,17.935,0.214,17.102,,12.443,,9.152,,,,,,,,0000,0,nnnn,1306,2016,769,2093,BUUU,,2M
J030007.63+000838.9,45.0318269,0.1441661,Im,15.742,0.042,15.948,0.147,12.704,,9.313,,16.765,0.186,15.761,0.147,16.277,,0000,0,0nnn,213,239,-127,248,ABUU,0.053,2M
J030008.55+000849.4,45.0356535,0.1470679,Im,17.702,0.173,17.374,0.504,12.579,,9.021,,,,,,,,0000,0,nnnn,-560,1574,981,1641,BCUU,,2M
J030006.64+000852.3,45.0277032,0.1478684,Im,17.55,0.157,17.344,0.496,12.729,,8.858,,,,,,,,0000,0,nnnn,2449,1202,-1138,1256,BCUU,,2M
J030007.37+000852.7,45.0307373,0.1479856,Im,17.733,0.18,16.178,0.172,12.713,,9.288,,,,,,,,0000,0,nnnn,384,1116,1092,1188,BBUU,,2M
J030002.43+000846.5,45.0101355,0.1462631,Im,17.18,0.112,16.902,0.326,12.352,,8.518,,,,,,,,0000,0,nnnn,-851,859,230,895,BBUU,,2M
J030002.53+000855.4,45.0105782,0.148738,Im,16.715,0.08,16.646,0.266,12.013,,8.883,,,,,,,,0000,0,0nnn,100,566,-401,585,ABUU,,2M
J030001.58+000900.9,45.0066159,0.1502714,Im,16.24,0.058,15.969,0.15,12.463,,8.574,,,,,,,,0000,0,0nnn,209,360,219,374,ABUU,,2M
J030001.30+000913.5,45.0054554,0.153776,Im,16.966,0.094,17.052,0.371,12.537,,8.988,,,,,,,,0000,0,nnnn,187,694,49,732,ACUU,,2M
J030004.13+000921.0,45.0172257,0.155838,Im,15.83,0.044,15.278,0.085,11.283,0.159,8.82,0.364,,,,,,,0000,0,0nnn,239,238,-266,250,AABC,,2M
J030004.63+000948.1,45.0193037,0.1633842,Im,13.951,0.026,13.309,0.029,9.777,0.045,7.433,0.111,16.286,0.121,15.757,0.153,14.15,,0000,0,0000,25,101,12,98,AAAB,0.862,2M
J030010.73+000908.5,45.0447224,0.1523863,Im,16.467,0.064,16.309,0.195,12.467,,8.945,,,,,,,,0000,0,0nnn,-183,444,-461,461,ABUU,,2M
J030013.17+000932.8,45.0549027,0.1591198,Im,17.343,0.137,16.679,0.279,12.048,,9.203,,,,,,,,0000,0,nnnn,52,1029,-18,1074,BBUU,,2M
J030013.39+000942.8,45.0558081,0.1619054,Im,16.134,0.054,16.266,0.197,12.412,,8.997,,,,,,,,0000,0,0nnn,-364,324,521,340,ABUU,,2M
J030012.85+000952.0,45.0535738,0.1644504,Im,16.15,0.055,16.173,0.179,12.405,,9.192,,,,,,,,0000,0,0nnn,-500,346,-158,359,ABUU,,2M
J030014.11+001003.0,45.0588092,0.1675147,Im,16.178,0.058,16.07,0.165,12.641,,9.272,,,,,,,,0000,0,0nnn,27,342,3,360,ABUU,,2M
J030014.79+001015.4,45.0616302,0.1709487,Im,15.993,0.051,15.823,0.133,12.796,,8.572,,16.693,0.167,16.139,0.191,16.258,,0000,0,0nnn,3,291,-138,305,ABUU,0.437,2M
J030012.08+001003.9,45.050355,0.1677591,Im,17.06,0.104,16.09,0.172,12.785,,8.912,,,,,,,,0000,0,nnnn,1743,776,-253,818,ABUU,,2M
J030005.70+001002.8,45.0237693,0.1674566,Im,16.565,0.067,17.001,0.355,12.179,,8.842,0.365,,,,,,,0000,0,0nnn,561,484,-299,506,ABUC,,2M
J030012.42+001042.8,45.0517843,0.1785632,Im,16.471,0.066,16.058,0.163,12.72,,9.199,,,,,,,,0000,0,0nnn,-320,431,635,454,ABUU,,2M
J030009.74+001044.8,45.0406038,0.1791382,Im,16.267,0.06,16.356,0.221,12.359,,8.735,,,,,,,,0000,0,0nnn,-85,384,462,406,ABUU,,2M
J030010.32+001101.8,45.0430202,0.1838569,Im,16.643,0.078,16.624,0.273,12.114,,9.051,,,,,,,,0000,0,0nnn,164,556,-187,593,ABUU,,2M
J030019.07+000925.8,45.079473,0.1571729,Im,17.428,0.138,17.278,0.494,12.799,,9.22,,,,,,,,0000,0,nnnn,824,1160,58,1206,BCUU,,2M
J030021.43+000956.4,45.0893029,0.1656678,Im,17.121,0.113,16.596,0.256,12.417,,9.207,,,,,,,,0000,0,nnnn,661,863,49,910,BBUU,,2M
J030025.09+001019.1,45.1045709,0.1719981,Im,17.3,0.125,17.157,0.415,12.747,,8.858,,,,,,,,0000,0,nnnn,776,1044,576,1102,BCUU,,2M
J030022.96+000957.1,45.0957011,0.1658806,Im,16.812,0.089,16.855,0.327,12.398,,9.209,,,,,,,,0000,0,nnnn,-838,653,721,694,ABUU,,2M
J030019.35+001000.2,45.0806531,0.1667313,Im,16.878,0.089,17.207,0.438,12.501,,9.248,,,,,,,,0000,0,nnnn,274,673,723,714,ACUU,,2M
J030020.08+001009.7,45.0836793,0.169362,Im,14.652,0.03,14.769,0.058,12.724,,9.16,,15.532,0.066,14.91,0.076,14.502,0.101,0000,0,00nn,23,95,15,100,AAUU,0.131,2M
J030022.02+001034.2,45.091756,0.1761928,Im,17.283,0.126,16.593,0.265,12.796,,8.617,,,,,,,,0000,0,nnnn,-381,996,-828,1083,BBUU,,2M
J030022.39+001048.9,45.0933311,0.1802628,Im,17.761,0.199,17.1,0.41,12.472,,8.848,,,,,,,,0000,0,nnnn,840,1644,354,1740,BCUU,,2M
J030019.82+001050.3,45.082608,0.1806642,Im,17.73,0.189,17.413,,12.161,,9.125,,,,,,,,0000,0,nnnn,880,1595,756,1700,BUUU,,2M
J030028.35+001029.9,45.118138,0.1749993,Im,17.249,0.126,17.041,,12.796,,9.029,,,,,,,,0000,0,nnnn,266,1023,-75,1073,BUUU,,2M
J030028.72+001038.2,45.1196719,0.1773007,Im,17.872,0.208,17.298,,12.44,,8.861,,,,,,,,0000,0,nnnn,-157,1896,-870,2032,BUUU,,2M
J030024.27+001033.6,45.1011481,0.1760084,Im,16.611,0.075,16.156,0.178,12.409,,8.4,,,,,,,,0000,0,0nnn,-494,492,-178,523,ABUU,,2M
J030025.85+001052.8,45.1077442,0.1813499,Im,17.325,0.125,16.93,,11.998,,9.218,,,,,,,,0000,0,nnnn,-83,1016,-73,1092,BUUU,,2M
J030030.39+001057.7,45.1266596,0.1827,Im,17.102,0.104,16.718,,12.729,,8.817,,,,,,,,0000,0,nnnn,-1216,829,-362,871,AUUU,,2M
J030027.25+001109.2,45.1135581,0.185916,Im,17.685,0.188,16.969,,12.594,,8.8,,,,,,,,0000,0,nnnn,-919,1578,1763,1714,BUUU,,2M
J030029.54+001132.4,45.1231198,0.1923424,Im,17.615,0.162,16.74,,12.809,,8.788,,,,,,,,0000,0,nnnn,1698,1508,-923,1601,BUUU,,2M
J030023.26+001052.7,45.0969498,0.1813058,Im,15.994,0.051,15.51,0.097,12.463,,9.109,,16.935,0.209,16.389,0.231,15.794,0.316,0000,0,1nnn,248,292,122,306,AAUU,0.086,2M
J030025.15+001058.4,45.104808,0.1829166,Im,17.445,0.148,17.353,0.487,12.442,,8.713,,,,,,,,0000,0,nnnn,-132,1230,451,1283,BCUU,,2M
J030024.29+001113.0,45.1012353,0.1869681,Im,17.078,0.104,16.809,0.319,11.964,0.302,8.829,,,,,,,,0000,0,nnnn,1113,740,907,776,ABBU,,2M
J030024.68+001121.1,45.1028724,0.1892062,Im,16.327,0.059,15.672,0.121,12.479,0.489,8.955,,,,,,,,0000,0,0nnn,-48,364,467,381,ABCU,,2M
J030022.40+001106.9,45.0933409,0.1852618,Im,17.349,0.136,16.749,0.323,12.55,0.423,8.965,,,,,,,,0000,0,nnnn,80,990,264,1057,BBCU,,2M
J030027.90+001157.5,45.1162714,0.1993228,Im,17.893,0.215,17.227,0.485,12.698,,8.327,,,,,,,,0000,0,nnnn,2317,1712,-284,1848,BCUU,,2M
J030025.24+001143.5,45.1051981,0.1954178,Im,17.338,0.136,17.306,0.487,12.212,,9.146,,,,,,,,d000,0,nnnn,291,1084,-1600,1130,BCUU,,2M
J030015.95+001013.2,45.0664634,0.1703408,Im,16.909,0.097,16.405,0.217,12.226,,8.839,,,,,,,,0000,0,nnnn,487,686,636,730,ABUU,,2M
J030017.53+001033.3,45.0730567,0.175936,Im,16.294,0.062,15.812,0.127,12.029,,8.712,,,,,,,,0000,0,0nnn,-85,372,-806,394,ABUU,,2M
J030015.27+001033.3,45.0636252,0.1759168,Im,16.899,0.094,16.285,0.203,12.415,0.369,9.03,0.506,,,,,,,0000,0,nnnn,406,641,-82,676,ABCC,,2M
J030016.90+001054.0,45.0704197,0.1816896,Im,17.217,0.119,17.073,,12.525,0.405,9.267,,,,,,,,0000,0,nnnn,686,904,1417,958,BUCU,,2M
J030018.35+001054.2,45.0764647,0.1817339,Im,17.6,0.171,16.572,0.252,12.268,,8.59,,,,,,,,0000,0,nnnn,82,1258,1655,1347,BBUU,,2M
J030018.83+001113.0,45.078482,0.1869471,Im,16.647,0.077,16.209,0.181,12.41,0.399,8.444,,,,,,,,0000,0,nnnn,428,525,110,542,ABCU,,2M
J030016.76+001119.1,45.0698609,0.1886504,Im,17.128,0.119,16.67,,12.428,,9.265,,,,,,,,0000,0,nnnn,-426,848,-1547,902,BUUU,,2M
J030017.66+001133.8,45.0736021,0.1927351,Im,17.357,0.137,16.421,0.233,12.192,,8.874,,,,,,,,0000,0,nnnn,-74,988,148,1036,BBUU,,2M
J030015.21+001113.0,45.0633935,0.18695,Im,17.617,0.167,17.245,,12.457,0.416,8.583,,,,,,,,0000,0,nnnn,-840,1265,1894,1327,BUCU,,2M
J030012.50+001114.1,45.052109,0.1872767,Im,17.155,0.114,17.328,,12.015,,9.2,,,,,,,,0000,0,nnnn,630,893,82,933,BUUU,,2M
J030011.65+001118.1,45.0485442,0.1883755,Im,17.017,0.102,17.192,0.436,12.106,,8.981,,,,,,,,0000,0,nnnn,760,776,1430,804,ACUU,,2M
J030012.09+001127.9,45.0503882,0.1911096,Im,16.39,0.064,16.514,0.26,12.024,,9.02,,,,,,,,0000,0,0nnn,-466,418,-472,435,ABUU,,2M
J030015.22+001144.3,45.0634463,0.195642,Im,14.15,0.027,14.154,0.043,12.247,,9.193,,14.604,0.032,14.31,0.048,14.083,0.062,0000,0,11nn,-40,71,-103,73,AAUU,0.078,2M
J030020.88+001120.7,45.0870101,0.189093,Im,17.353,0.127,16.989,,12.82,,9.132,,,,,,,,0000,0,nnnn,-1050,1050,239,1110,BUUU,,2M
J030018.94+001144.3,45.0789391,0.1956588,Im,17.903,0.219,17.456,,12.751,,8.7,,,,,,,,0000,0,nnnn,-1546,1773,297,1871,BUUU,,2M
J030021.69+001207.9,45.0903801,0.2021997,Im,16.903,0.092,16.77,0.305,12.805,,9.052,,,,,,,,0000,0,nnnn,-400,713,-108,756,ABUU,,2M
J030023.82+001147.0,45.0992789,0.1964117,Im,16.597,0.074,16.249,0.192,12.644,,9.008,,,,,,,,0000,0,0nnn,-218,515,655,546,ABUU,,2M
J030025.56+001211.8,45.1065207,0.2032833,Im,16.344,0.063,16.111,0.184,12.476,,8.975,,,,,,,,0000,0,0nnn,-7,408,635,429,ABUU,,2M
J030022.05+001223.2,45.091881,0.2064643,Im,16.192,0.056,15.969,0.153,12.434,0.436,8.489,,,,,,,,d000,0,0nnn,163,356,-103,370,ABCU,,2M
J030019.01+001240.5,45.0792156,0.2112709,Im,16.775,0.082,15.867,0.144,12.816,,9.182,,,,,,,,D000,0,nnnn,-86,556,601,585,ABUU,,2M
J030023.26+001251.1,45.0969335,0.2142041,Im,17.663,0.179,17.356,0.519,12.719,,9.04,0.502,,,,,,,0000,0,nnnn,496,1403,893,1443,BCUC,,2M
J030019.52+001304.4,45.0813702,0.2178968,Im,16.984,0.092,16.652,0.299,12.587,,8.793,,,,,,,,0000,0,nnnn,785,709,697,740,ABUU,,2M
J025940.64+000501.1,44.9193732,0.0836454,Im,17.612,0.16,16.781,,12.86,,8.709,,,,,,,,0000,0,nnnn,383,1412,1779,1478,BUUU,,2M
J025937.03+000458.8,44.9043292,0.0830022,Im,17.498,0.145,16.709,,12.793,,8.613,,,,,,,,0000,0,nnnn,-534,1312,-343,1360,BUUU,,2M
J025939.08+000504.7,44.9128541,0.0846442,Im,17.873,0.214,16.411,0.227,12.242,,9.142,,,,,,,,0000,0,nnnn,116,1620,-511,1750,BBUU,,2M
J025942.57+000538.0,44.9273776,0.0938928,Im,17.798,0.195,16.799,,12.802,,8.868,,,,,,,,0000,0,nnnn,-3256,1701,-1140,1792,BUUU,,2M
J025941.51+000549.3,44.9229931,0.0970494,Im,16.787,0.084,17.121,0.458,12.742,,9.131,,,,,,,,0000,0,nnnn,409,658,687,700,ACUU,,2M
J025937.18+000517.7,44.9049236,0.0882509,Im,17.579,0.158,17.044,,12.752,,9.373,,,,,,,,0000,0,nnnn,116,1347,-1540,1415,BUUU,,2M
J025936.16+000531.7,44.9006685,0.0921594,Im,16.685,0.08,16.965,0.358,12.722,,9.046,,,,,,,,0000,0,nnnn,217,580,-319,614,ACUU,,2M
J025937.95+000527.6,44.9081485,0.0910146,Im,17.41,0.138,16.663,0.283,12.761,,8.916,,,,,,,,0000,0,nnnn,761,1117,389,1176,BBUU,,2M
J025938.45+000538.1,44.9102358,0.093937,Im,16.568,0.07,16.435,0.231,12.623,,9.31,,,,,,,,0000,0,nnnn,58,486,935,512,ABUU,,2M
J025936.95+000558.3,44.9039701,0.0995359,Im,17.286,0.122,16.362,0.206,12.601,,9.298,,,,,,,,0000,0,nnnn,1696,882,-618,943,BBUU,,2M
J025935.45+000547.9,44.8977484,0.0966507,Im,17.287,0.129,17.28,0.498,12.778,,9.311,,,,,,,,0000,0,nnnn,157,1004,728,1058,BCUU,,2M
J025940.54+000606.8,44.9189574,0.101908,Im,16.68,0.079,17.179,0.479,12.701,,9.243,,,,,,,,0000,0,0nnn,-182,561,371,602,ACUU,,2M
J025944.01+000539.9,44.9333791,0.0944276,Im,16.483,0.067,16.634,0.302,12.395,,9.133,,,,,,,,0000,0,0nnn,-290,459,332,476,ABUU,,2M
J025947.55+000630.9,44.9481555,0.1086001,Im,17.296,0.127,16.864,0.343,12.217,,8.722,,,,,,,,0000,0,nnnn,1536,981,1342,1019,BBUU,,2M
J025946.44+000628.9,44.9435281,0.1080326,Im,16.884,0.092,16.197,0.185,12.856,,9.376,,,,,,,,0000,0,nnnn,687,647,596,684,ABUU,,2M
J025948.44+000641.2,44.9518636,0.1114495,Im,15.35,0.037,15.092,0.076,12.096,,9.028,,,,,,,,0000,0,01nn,-167,163,144,167,AAUU,,2M
J025945.73+000638.8,44.9405527,0.1107983,Im,17.227,0.12,16.979,0.427,12.709,,8.871,,,,,,,,0000,0,nnnn,645,954,561,1033,BCUU,,2M
J025944.73+000642.7,44.9363919,0.1118853,Im,17.426,0.134,17.257,,12.862,,8.706,,,,,,,,0000,0,nnnn,-435,1162,-1845,1217,BUUU,,2M
J025947.69+000700.1,44.9487315,0.1167132,Im,15.432,0.037,15.305,0.087,12.309,,8.812,,,,,,,,0000,0,0nnn,0,173,0,180,AAUU,,2M
J025940.77+000629.5,44.9198974,0.1082098,Im,17.208,0.114,17.252,,12.613,,9.17,,,,,,,,0000,0,nnnn,372,959,-407,1015,BUUU,,2M
J025942.64+000656.8,44.9276817,0.1157981,Im,15.766,0.043,15.709,0.117,12.376,,9.292,,,,,,,,0000,0,0nnn,52,234,18,244,ABUU,,2M
J025939.86+000646.9,44.9160987,0.1130284,Im,16.891,0.098,16.165,0.192,12.369,,8.473,,,,,,,,0000,0,nnnn,148,673,-199,709,ABUU,,2M
J025941.14+000649.5,44.921452,0.1137606,Im,16.152,0.056,15.771,0.121,11.95,0.23,9.392,,,,,,,,0000,0,0nnn,-103,338,195,356,ABBU,,2M
J025940.68+000657.1,44.9195391,0.1158871,Im,16.041,0.054,15.912,0.137,12.838,0.516,8.98,,,,,,,,0000,0,0nnn,-518,313,259,333,ABCU,,2M
J025943.66+000743.4,44.9319541,0.1287271,Im,17.014,0.105,16.426,0.222,12.646,,9.247,,,,,,,,0000,0,nnnn,-155,745,-193,796,ABUU,,2M
J025934.66+000550.4,44.8944582,0.097356,Im,15.898,0.048,15.906,0.144,12.641,,8.995,,,,,,,,0000,0,1nnn,185,272,-414,289,ABUU,,2M
J025933.63+000609.3,44.8901433,0.1025861,Im,17.88,0.216,17.379,,12.655,,9.269,,,,,,,,0000,0,nnnn,121,1846,902,1901,BUUU,,2M
J025933.65+000631.2,44.8902224,0.1086757,Im,17.041,0.104,16.696,0.279,12.367,,8.849,,,,,,,,0000,0,nnnn,740,802,576,838,ABUU,,2M
J025934.75+000650.6,44.8948227,0.1140673,Im,12.732,0.023,12.753,0.025,11.975,0.258,8.632,,13.181,0.024,12.868,0.022,12.797,0.03,0000,0,11nn,-48,38,-28,38,AABU,0.387,2M
J025935.59+000706.2,44.8983272,0.118405,Im,16.81,0.086,16.247,0.193,12.214,,9.302,,,,,,,,0000,0,nnnn,201,616,189,648,ABUU,,2M
J025930.35+000630.4,44.8764783,0.1084705,Im,17.231,0.123,17.189,0.462,12.5,,9.087,,,,,,,,0000,0,nnnn,832,962,-368,1014,BCUU,,2M
J025929.49+000648.4,44.8728883,0.113467,Im,17.733,0.191,16.326,0.208,12.456,,8.868,,,,,,,,0000,0,nnnn,-364,1253,1785,1351,BBUU,,2M
J025934.77+000712.2,44.8948905,0.1200585,Im,16.141,0.052,15.705,0.127,12.134,0.273,9.214,,,,,,,,0000,0,0nnn,-606,325,129,342,ABBU,,2M
J025931.74+000715.9,44.8822904,0.1211078,Im,16.905,0.097,16.555,0.249,12.695,0.49,9.176,0.521,,,,,,,0000,0,nnnn,-517,650,367,697,ABCC,,2M
J025938.46+000652.9,44.9102814,0.1147171,Im,14.958,0.032,14.718,0.064,12.763,,9.121,,15.936,0.082,15.171,0.081,14.986,0.138,0000,0,00nn,-30,128,106,132,AAUU,0.12,2M
J025939.64+000701.4,44.9151829,0.11706,Im,16.675,0.079,16.627,0.285,12.644,,9.054,,,,,,,,0000,0,0nnn,518,598,-901,626,ABUU,,2M
J025940.30+000715.0,44.9179388,0.1208596,Im,17.69,0.183,16.784,,12.624,,9.162,,,,,,,,0000,0,nnnn,-854,1693,-974,1746,BUUU,,2M
J025939.06+000726.3,44.9127686,0.1239944,Im,14.216,0.026,14.201,0.043,12.786,,8.603,,15.002,0.048,14.376,0.048,14.219,0.071,0000,0,00nn,16,76,-81,79,AAUU,0.156,2M
J025941.65+000719.5,44.923562,0.1220915,Im,17.74,0.187,17.315,0.482,12.466,,9.168,,,,,,,,0000,0,nnnn,2575,1685,-1214,1771,BCUU,,2M
J025940.32+000735.6,44.9180315,0.1265761,Im,17.722,0.178,16.853,,12.903,,9.155,,,,,,,,0000,0,nnnn,1114,1554,-606,1621,BUUU,,2M
J025941.21+000755.3,44.9217097,0.1320471,Im,17.489,0.143,16.696,,12.823,,9.226,,,,,,,,0000,0,nnnn,631,1234,-534,1305,BUUU,,2M
J025936.92+000752.0,44.9038337,0.1311385,Im,16.551,0.072,15.851,0.142,12.216,0.292,8.618,,,,,,,,0000,0,0nnn,-523,492,-308,523,ABBU,,2M
J025938.66+000815.0,44.9110992,0.1375151,Im,16.178,0.056,15.823,0.137,12.655,0.458,9.125,,,,,,,,0000,0,0nnn,-464,357,64,375,ABCU,,2M
J025949.80+000700.8,44.9575075,0.1169081,Im,16.802,0.082,17.306,0.511,12.748,0.514,9.134,,,,,,,,0000,0,nnnn,269,616,-349,654,ACCU,,2M
J025947.94+000721.2,44.9497873,0.1225722,Im,15.469,0.038,15.232,0.079,12.315,0.333,9.037,,,,,,,,0000,0,11nn,13,188,-330,194,AABU,,2M
J025949.71+000723.6,44.9571438,0.1232257,Im,17.547,0.147,16.723,,12.46,,9.192,,,,,,,,0000,0,nnnn,210,1225,-1054,1262,BUUU,,2M
J025948.45+000733.8,44.9518825,0.12606,Im,15.84,0.046,15.442,0.091,11.795,0.204,9.133,0.491,,,,,,,0000,0,0nnn,360,253,-300,263,AABC,,2M
J025951.75+000724.0,44.965638,0.1233536,Im,16.234,0.058,15.796,0.122,11.695,0.211,8.512,,,,,,,,0000,0,0nnn,-547,350,-189,372,ABBU,,2M
J025951.22+000733.3,44.9634361,0.1259289,Im,17.789,0.2,16.587,0.252,12.673,,9.004,,,,,,,,0000,0,nnnn,42,1506,100,1577,BBUU,,2M
J025946.98+000735.6,44.9457763,0.1265649,Im,17.526,0.153,17.383,,12.751,,9.201,,,,,,,,0000,0,nnnn,161,1273,-107,1330,BUUU,,2M
J025947.72+000742.0,44.9488726,0.1283409,Im,17.25,0.122,16.755,,12.683,,9.371,,,,,,,,0000,0,nnnn,375,982,-1969,1006,BUUU,,2M
J025946.70+000754.7,44.9446107,0.1318705,Im,16.13,0.055,16.044,0.161,12.207,,8.455,,,,,,,,0000,0,0nnn,200,340,-94,353,ABUU,,2M
J025945.89+000811.2,44.9412231,0.1364605,Im,17.305,0.126,16.718,,12.927,,9.304,,,,,,,,0000,0,nnnn,-455,974,2816,1032,BUUU,,2M
J025946.65+000809.8,44.9443794,0.1360702,Im,16.588,0.07,16.35,0.207,12.218,,8.617,,,,,,,,0000,0,0nnn,-175,483,-667,514,ABUU,,2M
J025948.70+000801.7,44.9529238,0.1338304,Im,14.29,0.027,14.073,0.041,12.83,,9.082,,15.333,0.054,14.661,0.052,14.423,0.089,0000,0,00nn,54,73,-12,76,AAUU,0.094,2M
J025951.52+000829.3,44.9646977,0.1414851,Im,16.796,0.085,16.11,0.167,12.538,0.446,8.893,,,,,,,,0000,0,nnnn,-619,581,135,610,ABCU,,2M
J025956.06+000810.5,44.9835891,0.1362501,Im,17.239,0.124,16.715,,12.549,,9.017,,,,,,,,0000,0,nnnn,484,964,-897,1003,BUUU,,2M
J025955.81+000831.2,44.9825619,0.1420191,Im,17.651,0.166,17.063,0.386,12.299,,9.166,,,,,,,,0000,0,nnnn,2279,1453,824,1516,BCUU,,2M
J025958.43+000856.5,44.9934922,0.1490356,Im,15.503,0.041,15.169,0.081,12.629,,9.232,,16.616,0.158,15.89,0.155,15.417,0.198,0000,0,0nnn,26,185,8,193,AAUU,0.288,2M
J025957.43+000902.9,44.9893306,0.1508218,Im,17.851,0.201,17.442,,12.01,,8.929,,,,,,,,0000,0,nnnn,-1015,1684,-1235,1725,BUUU,,2M
J025957.81+000923.3,44.9908824,0.1564907,Im,17.436,0.143,16.48,0.234,12.192,,9.201,0.502,,,,,,,0000,0,nnnn,366,1015,1317,1062,BBUC,,2M
J025956.75+000928.8,44.9864625,0.1580092,Im,17.93,0.219,17.187,0.433,12.299,,8.657,,,,,,,,0000,0,nnnn,1511,1790,-337,1858,BCUU,,2M
J025955.17+000928.9,44.9798886,0.1580515,Im,16.148,0.056,15.896,0.145,12.748,,9.273,,,,,,,,0000,0,0nnn,-110,341,-2,356,ABUU,,2M
J025953.60+000918.4,44.9733655,0.1551353,Im,12.736,0.024,12.52,0.025,12.433,0.439,8.917,,13.653,0.026,13.162,0.033,12.889,0.033,0000,0,00nn,163,38,27,37,AACU,2.083,2M
J025946.16+000825.3,44.9423616,0.1403677,Im,15.59,0.039,15.611,0.108,12.825,0.494,9.244,,,,,,,,0000,0,0nnn,-506,209,-336,218,AACU,,2M
J025945.49+000837.8,44.9395481,0.143854,Im,17.95,0.212,17.196,0.442,12.682,,9.136,,,,,,,,0000,0,nnnn,-1013,1769,-1990,1886,BCUU,,2M
J025944.64+000833.7,44.9360061,0.1427067,Im,15.459,0.038,15.371,0.089,12.903,,9.156,,,,,,,,0000,0,0nnn,20,177,-378,185,AAUU,,2M
J025944.31+000853.7,44.9346354,0.1482767,Im,16.987,0.099,16.805,0.323,12.795,,8.785,,,,,,,,0000,0,nnnn,-1023,754,825,770,ABUU,,2M
J025947.02+000853.5,44.9459563,0.1481967,Im,17.59,0.161,17.142,0.418,12.75,,9.206,,,,,,,,0000,0,nnnn,1072,1424,821,1494,BCUU,,2M
J025947.95+000842.8,44.9498161,0.1452328,Im,16.916,0.093,17.21,0.497,12.168,,8.553,,,,,,,,0000,0,nnnn,-85,725,405,745,ACUU,,2M
J025948.80+000849.9,44.9533412,0.1472096,Im,16.664,0.084,16.45,0.219,12.304,,9.137,,,,,,,,0000,0,1nnn,-270,592,-604,628,ABUU,,2M
J025945.84+000909.4,44.9410112,0.1526361,Im,17.82,0.205,17.163,0.467,12.799,,8.537,,,,,,,,0000,0,nnnn,584,1752,1063,1816,BCUU,,2M
J025940.99+000845.7,44.9207925,0.1460419,Im,15.269,0.035,15.372,0.095,12.159,,9.019,,15.687,0.07,15.388,0.095,14.94,0.128,0000,0,0nnn,106,160,88,164,AAUU,0.211,2M
J025943.06+000902.1,44.9294307,0.1506052,Im,16.488,0.07,16.062,0.164,12.909,,9.178,,,,,,,,0000,0,0nnn,146,456,617,473,ABUU,,2M
J025941.48+000904.1,44.922858,0.1511578,Im,14.504,0.028,14.417,0.051,12.572,,9.118,,15.408,0.053,14.809,0.069,14.494,0.093,0000,0,11nn,24,87,13,91,AAUU,0.402,2M
J025941.96+000915.0,44.9248685,0.1541821,Im,16.907,0.091,16.309,0.208,12.799,,9.118,,,,,,,,0000,0,nnnn,1218,654,536,677,ABUU,,2M
J025945.54+000928.7,44.9397693,0.1579823,Im,15.394,0.038,15.424,0.098,12.515,,9.214,,16.307,0.112,15.631,0.126,15.348,,0000,0,0nnn,38,180,-40,186,AAUU,0.744,2M
J025944.67+000934.2,44.9361542,0.1595243,Im,17.519,0.156,17.116,,12.881,,9.353,,,,,,,,0000,0,nnnn,-1741,1340,915,1366,BUUU,,2M
J025942.76+000918.3,44.9282074,0.155091,Im,17.682,0.176,16.749,,12.495,,8.82,,,,,,,,0000,0,nnnn,-1664,1415,1181,1497,BUUU,,2M
J025944.23+000941.4,44.9342968,0.1615182,Im,17.599,0.167,16.707,,12.625,,9.309,,,,,,,,0000,0,nnnn,568,1565,-1440,1638,BUUU,,2M
J025950.14+000908.5,44.9589556,0.1523651,Im,14.718,0.03,14.57,0.053,12.591,,9.134,,15.672,0.07,15.114,0.084,14.992,0.142,0000,0,00nn,45,100,-100,104,AAUU,0.104,2M
J025951.53+000928.5,44.9647349,0.1579272,Im,16.774,0.088,15.838,0.144,12.173,,9.168,,,,,,,,0000,0,nnnn,-432,554,298,586,ABUU,,2M
J025948.34+000924.2,44.951452,0.1567467,Im,14.778,0.03,14.956,0.071,12.277,,9.223,,15.452,0.054,14.908,0.072,14.977,0.14,0000,0,01nn,0,110,0,114,AAUU,0.171,2M
J025948.52+000939.3,44.9521827,0.1609259,Im,17.656,0.173,17.033,,12.759,,9.246,,,,,,,,0000,0,nnnn,-66,1589,-882,1682,BUUU,,2M
J025949.20+000959.6,44.955009,0.1665606,Im,16.133,0.055,15.953,0.15,12.617,,9.169,0.473,,,,,,,0000,0,1nnn,74,342,-82,360,ABUC,,2M
J025952.79+000948.8,44.9699758,0.1635633,Im,14.344,0.027,14.345,0.048,12.264,,8.904,,15.44,0.058,14.775,0.063,14.377,0.08,0000,0,01nn,-6,80,83,84,AAUU,0.212,2M
J025952.48+001006.0,44.9686768,0.1683505,Im,17.397,0.144,16.896,,12.206,,8.958,,,,,,,,0000,0,nnnn,-2579,1156,1230,1211,BUUU,,2M
J025952.41+001028.4,44.968394,0.1745674,Im,15.873,0.046,15.192,0.084,12.016,0.284,8.902,0.494,,,,,,,0000,0,00nn,434,256,26,269,AABC,,2M
J025947.95+001002.2,44.9498293,0.1673038,Im,17.719,0.177,16.774,0.318,12.696,,9.224,0.513,,,,,,,0000,0,nnnn,1510,1425,-2544,1502,BBUC,,2M
J025947.21+001001.6,44.9467241,0.1671383,Im,17.11,0.106,16.75,0.31,12.43,,9.216,,,,,,,,0000,0,nnnn,-292,856,-157,897,ABUU,,2M
J025946.96+001015.8,44.9456937,0.1710762,Im,16.726,0.081,16.787,0.313,12.316,,9.143,,,,,,,,0000,0,nnnn,-225,571,-161,596,ABUU,,2M
J025947.66+001028.5,44.9485893,0.1746013,Im,15.839,0.046,15.68,0.12,12.836,,9.03,,,,,,,,0000,0,0nnn,-193,251,-336,261,ABUU,,2M
J025947.66+001039.6,44.9486049,0.1776887,Im,17.111,0.111,17.326,0.519,12.672,,9.157,,,,,,,,0000,0,nnnn,873,866,640,914,BCUU,,2M
J025930.09+000705.4,44.8754046,0.1181754,Im,14.376,0.027,14.442,0.048,12.828,,9.084,,14.915,0.032,14.617,0.046,14.596,0.084,0000,0,00nn,-108,83,-20,85,AAUU,0.114,2M
J025930.92+000715.7,44.8788728,0.1210537,Im,16.948,0.099,16.272,0.193,12.543,,8.67,,,,,,,,0000,0,nnnn,-577,686,48,718,ABUU,,2M
J025929.97+000720.6,44.8749115,0.1224038,Im,16.907,0.094,17.249,0.473,12.361,,9.012,,,,,,,,0000,0,nnnn,605,732,-620,758,ACUU,,2M
J025930.47+000755.9,44.8769635,0.13221,Im,17.022,0.103,17.163,0.468,12.521,0.418,8.976,,,,,,,,0000,0,nnnn,-638,787,-930,819,ACCU,,2M
J025926.76+000750.6,44.8615175,0.1307407,Im,15.591,0.041,15.523,0.103,12.341,,9.285,,,,,,,,0000,0,0nnn,-94,204,403,213,AAUU,,2M
J025926.33+000755.7,44.8597465,0.1321614,Im,16.176,0.055,15.542,0.102,12.161,,9.192,,,,,,,,0000,0,0nnn,717,320,-243,338,AAUU,,2M
J025924.81+000741.1,44.853377,0.1281098,Im,14.506,0.028,14.172,0.043,12.27,0.349,8.866,,16.364,0.134,15.488,0.129,14.834,0.125,0000,0,00nn,0,90,0,91,AABU,0.187,2M
J025928.74+000821.0,44.8697886,0.1391854,Im,17.353,0.139,16.636,0.296,12.358,,9.179,,,,,,,,0000,0,nnnn,-579,1068,-840,1122,BBUU,,2M
J025927.04+000817.0,44.8626786,0.1380816,Im,17.266,0.125,17.156,0.443,12.384,,9.216,,,,,,,,0000,0,nnnn,-1622,981,-1332,1006,BCUU,,2M
J025926.32+000823.5,44.8596834,0.1398882,Im,16.673,0.081,16.72,0.3,12.415,,9.12,,,,,,,,0000,0,nnnn,-160,574,-289,592,ABUU,,2M
J025934.08+000835.7,44.8920262,0.1432706,Im,17.277,0.128,17.244,0.478,12.787,,8.971,,,,,,,,0000,0,nnnn,-270,996,574,1052,BCUU,,2M
J025936.53+000859.3,44.9022166,0.14982,Im,16.076,0.053,15.84,0.134,12.726,,9.224,,,,,,,,0000,0,0nnn,660,324,-28,339,ABUU,,2M
J025934.07+000858.4,44.8919955,0.1495797,Im,16.249,0.059,15.81,0.134,12.302,0.351,9.2,,,,,,,,0000,0,1nnn,-208,375,73,391,ABBU,,2M
J025932.36+000911.8,44.8848529,0.1532817,Im,17.417,0.143,16.296,0.213,12.705,,8.664,,,,,,,,0000,0,nnnn,365,1046,518,1110,BBUU,,2M
J025929.26+000848.9,44.8719311,0.1469242,Im,15.958,0.047,16.08,0.17,12.724,0.498,9.206,,,,,,,,0000,0,1nnn,102,298,130,310,ABCU,,2M
J025931.13+000909.9,44.8797431,0.1527695,Im,16.589,0.072,16.467,0.249,12.773,,9.173,,,,,,,,0000,0,0nnn,556,500,637,526,ABUU,,2M
J025933.84+000909.9,44.8910232,0.1527716,Im,16.67,0.083,16.324,0.234,11.983,,8.865,,,,,,,,0000,0,0nnn,-1523,626,-933,691,ABUU,,2M
J025934.00+000914.2,44.8916931,0.1539458,Im,15.712,0.044,15.333,0.088,12.239,0.335,8.949,,,,,,,,0000,0,00nn,-538,231,135,242,AABU,,2M
J025932.67+000918.1,44.8861475,0.1550372,Im,17.4,0.141,16.513,0.258,12.611,,9.052,,,,,,,,0000,0,nnnn,-251,1087,215,1171,BBUU,,2M
J025935.65+000931.7,44.8985746,0.1588228,Im,17.56,0.172,16.416,0.223,12.425,,8.788,,,,,,,,0000,0,nnnn,1285,1171,-169,1239,BBUU,,2M
J025932.21+000926.6,44.8842487,0.1573986,Im,17.639,0.167,16.526,0.267,12.55,,8.763,,,,,,,,0000,0,nnnn,-26,1331,9,1411,BBUU,,2M
J025933.41+000936.6,44.8892277,0.1601901,Im,17.776,0.2,17.375,,12.265,,8.989,,,,,,,,0000,0,nnnn,-10,1851,276,1906,BUUU,,2M
J025934.56+000944.4,44.8940327,0.1623334,Im,17.752,0.202,16.896,,12.616,,8.828,,,,,,,,0000,0,nnnn,493,1696,765,1792,BUUU,,2M
J025933.40+000954.7,44.8891761,0.1652108,Im,17.209,0.118,16.348,0.208,12.777,,9.011,,,,,,,,0000,0,nnnn,-130,866,-334,924,BBUU,,2M
J025922.57+000814.0,44.8440423,0.1372373,Im,17.801,0.198,17.25,0.481,12.697,,8.963,,,,,,,,0000,0,nnnn,149,2106,-1426,2184,BCUU,,2M
J025922.63+000851.1,44.8442951,0.1475428,Im,17.455,0.149,16.838,0.354,12.718,,9.143,,,,,,,,0000,0,nnnn,-624,1240,110,1291,BBUU,,2M
J025925.05+000834.2,44.8544126,0.1428521,Im,17.137,0.112,16.472,0.243,12.142,,9.235,,,,,,,,0000,0,nnnn,784,846,-156,887,BBUU,,2M
J025926.01+000845.0,44.8584055,0.1458373,Im,16.611,0.078,16.254,0.196,12.19,0.337,8.585,,,,,,,,0000,0,0nnn,445,509,-219,540,ABBU,,2M
J025927.57+000900.8,44.8649113,0.1502385,Im,16.49,0.069,16.498,0.242,12.057,,8.859,,,,,,,,0000,0,0nnn,-29,471,219,496,ABUU,,2M
J025919.75+000843.7,44.8323195,0.1454759,Im,17.37,0.143,16.894,0.382,12.579,,9.097,,,,,,,,0000,0,nnnn,-168,1173,-466,1242,BCUU,,2M
J025921.64+000909.2,44.8401959,0.1525801,Im,14.948,0.032,14.854,0.065,12.274,0.357,8.792,,15.949,0.084,15.463,0.105,15.049,0.161,0000,0,00nn,133,127,-35,132,AACU,0.455,2M
J025923.98+000909.1,44.8499337,0.1525388,Im,17.086,0.108,16.558,,12.391,,9.013,,,,,,,,0000,0,nnnn,-1238,873,220,897,AUUU,,2M
J025922.66+000920.0,44.8444473,0.1555675,Im,17.231,0.124,16.618,0.279,12.744,,9.246,,,,,,,,0000,0,nnnn,-782,944,-696,978,BBUU,,2M
J025924.48+000933.6,44.8520406,0.1593374,Im,17.087,0.109,16.843,0.334,12.361,,9.017,,,,,,,,0000,0,nnnn,-44,813,-272,851,ABUU,,2M
J025922.47+000930.7,44.8436317,0.1585291,Im,17.798,0.202,16.736,,12.749,,8.693,,,,,,,,0000,0,nnnn,4118,1560,-821,1644,BUUU,,2M
J025923.69+000943.0,44.8487413,0.1619544,Im,17.343,0.133,17.349,,12.428,,9.285,,,,,,,,0000,0,nnnn,281,1203,-304,1231,BUUU,,2M
J025928.39+000935.5,44.8683213,0.1598796,Im,17.624,0.173,17.282,0.513,12.115,,9.184,,,,,,,,0000,0,nnnn,-1334,1429,-349,1531,BCUU,,2M
J025928.99+000952.5,44.8707924,0.1646025,Im,17.747,0.199,17.325,,12.737,,9.235,,,,,,,,0000,0,nnnn,2446,1535,-275,1593,BUUU,,2M
J025932.34+000953.1,44.8847576,0.1647644,Im,15.926,0.048,15.067,0.077,12.229,0.369,8.623,,,,,,,,0000,0,11nn,134,263,209,274,AACU,,2M
J025932.48+001009.7,44.8853492,0.1693699,Im,16.954,0.104,16.896,0.356,11.973,,9.173,,,,,,,,0000,0,nnnn,444,780,413,812,ACUU,,2M
J025930.68+001014.1,44.8778346,0.1706005,Im,16.325,0.062,15.874,0.134,12.439,,9.24,,,,,,,,0000,0,1nnn,-359,389,419,411,ABUU,,2M
J025931.79+001025.4,44.8824755,0.1737406,Im,17.621,0.173,17.217,0.496,12.556,,8.768,,,,,,,,0000,0,nnnn,211,1482,-885,1571,BCUU,,2M
J025925.48+000948.7,44.8561771,0.1635534,Im,16.763,0.086,16.514,0.252,12.434,,8.868,,,,,,,,0000,0,0nnn,-5,628,358,650,ABUU,,2M
J025925.62+000959.4,44.8567772,0.1665246,Im,17.004,0.106,16.725,0.293,12.716,,8.744,,,,,,,,0000,0,nnnn,42,793,-1682,822,ABUU,,2M
J025924.41+000953.4,44.8517202,0.1648599,Im,16.352,0.063,16.304,0.21,12.767,,9.075,,,,,,,,0000,0,0nnn,185,431,240,448,ABUU,,2M
J025923.47+001004.8,44.8478113,0.1680196,Im,16.512,0.07,16.838,0.332,12.773,,8.594,,,,,,,,0000,0,1nnn,-378,491,-611,516,ABUU,,2M
J025928.90+001020.7,44.8704383,0.1724271,Im,14.495,0.028,14.449,0.052,12.681,,9.173,,15.517,0.077,14.794,0.065,14.671,0.109,0000,0,00nn,61,92,92,94,AAUU,0.747,2M
J025927.59+001039.1,44.8649873,0.1775392,Im,16.353,0.059,15.516,0.106,12.887,,8.772,,,,,,,,0000,0,0nnn,-334,368,330,382,AAUU,,2M
J025929.08+001053.3,44.8711863,0.1814832,Im,17.383,0.138,17.011,0.398,12.729,,8.782,,,,,,,,0000,0,nnnn,599,1130,-343,1161,BCUU,,2M
J025939.32+000920.4,44.9138467,0.1556786,Im,16.65,0.08,17.317,,12.545,,8.679,,,,,,,,0000,0,nnnn,140,581,205,594,AUUU,,2M
J025939.65+000930.0,44.9152411,0.15835,Im,16.523,0.067,16.782,0.314,12.355,,8.965,,,,,,,,0000,0,0nnn,127,474,-792,497,ABUU,,2M
J025937.25+000920.1,44.9052429,0.1556014,Im,16.525,0.076,16.142,0.18,12.713,,9.119,,,,,,,,0000,0,nnnn,673,498,-151,519,ABUU,,2M
J025939.12+000939.2,44.9130249,0.160909,Im,17.821,0.191,17.397,,12.237,,9.293,,,,,,,,0000,0,nnnn,1333,1648,-1552,1720,BUUU,,2M
J025938.20+000944.1,44.909168,0.1622649,Im,17.178,0.11,16.69,,12.24,,8.877,,,,,,,,0000,0,nnnn,488,909,772,956,BUUU,,2M
J025938.63+000958.1,44.9109962,0.1661636,Im,16.869,0.093,17.194,0.453,12.718,,9.155,,,,,,,,0000,0,nnnn,-212,676,130,713,ACUU,,2M
J025942.15+000948.6,44.9256412,0.1635041,Im,17.284,0.131,16.783,0.307,12.375,,9.39,,,,,,,,0000,0,nnnn,836,963,1450,1004,BBUU,,2M
J025941.31+000956.7,44.9221634,0.1657744,Im,17.595,0.172,16.826,0.32,12.35,,9.346,,,,,,,,0000,0,nnnn,71,1206,-84,1275,BBUU,,2M
J025942.14+001007.8,44.9256142,0.1688474,Im,14.585,0.029,14.613,0.055,12.755,,8.849,,15.021,0.045,14.622,0.06,14.586,0.092,0000,0,11nn,-23,96,-15,98,AAUU,0.145,2M
J025935.61+000947.2,44.8984101,0.1631276,Im,17.559,0.166,17.36,0.533,12.545,,9.24,,,,,,,,0000,0,nnnn,1558,1402,634,1461,BCUU,,2M
J025936.70+000954.6,44.9029554,0.1651851,Im,16.867,0.092,17.064,0.411,12.657,,9.284,,,,,,,,0000,0,nnnn,-101,681,849,723,ACUU,,2M
J025939.11+001011.9,44.9129671,0.1699996,Im,17.499,0.151,16.901,0.364,12.744,,9.16,,,,,,,,0000,0,nnnn,2838,1140,42,1216,BCUU,,2M
J025939.72+001021.6,44.9155149,0.1726881,Im,16.561,0.077,16.867,0.336,12.801,,8.821,,,,,,,,0000,0,1nnn,525,528,2,551,ABUU,,2M
J025937.79+001048.7,44.9074876,0.1802214,Im,17.902,0.212,17.3,,12.382,,9.252,,,,,,,,0000,0,nnnn,-271,1958,51,2006,BUUU,,2M
J025939.07+001050.7,44.9128293,0.180767,Im,17.62,0.174,17.343,,12.733,,8.901,,,,,,,,0000,0,nnnn,-940,1365,8,1425,BUUU,,2M
J025938.08+001058.2,44.9086802,0.1828512,Im,17.249,0.127,16.519,0.242,12.607,,9.073,,,,,,,,0000,0,nnnn,-43,909,71,963,BBUU,,2M
J025944.99+001025.7,44.937494,0.1738296,Im,14.7,0.03,14.368,0.049,12.416,0.43,9.036,,16.562,0.146,15.821,0.151,15.093,0.165,0000,0,11nn,-11,101,25,104,AACU,0.358,2M
J025945.81+001043.1,44.9409121,0.1786506,Im,16.899,0.093,17.307,,12.642,,9.116,,,,,,,,0000,0,nnnn,672,704,-576,748,AUUU,,2M
J025945.34+001050.3,44.9389291,0.1806467,Im,17.742,0.201,16.857,,12.251,,8.701,,,,,,,,0000,0,nnnn,1110,1607,1849,1720,BUUU,,2M
J025944.28+001041.2,44.9345254,0.1781155,Im,16.432,0.066,16.335,0.217,12.638,,9.166,,,,,,,,0000,0,0nnn,-233,459,196,479,ABUU,,2M
J025947.21+001053.2,44.9467498,0.1814647,Im,16.311,0.062,16.315,0.212,12.57,,9.284,,,,,,,,0000,0,0nnn,640,419,-726,441,ABUU,,2M
J025946.00+001057.4,44.9416769,0.182633,Im,16.35,0.064,16.093,0.185,11.929,0.253,8.937,,,,,,,,0000,0,0nnn,-108,425,21,443,ABBU,,2M
J025946.99+001108.7,44.9457972,0.1857654,Im,17.109,0.115,16.469,0.259,12.259,,8.52,,,,,,,,0000,0,nnnn,491,871,82,910,BBUU,,2M
J025948.30+001111.7,44.9512663,0.1865913,Im,16.782,0.088,15.413,0.105,12.26,0.381,9.213,0.486,,,,,,,0000,0,nnnn,246,510,646,538,AACC,,2M
J025946.36+001110.5,44.9431676,0.1862703,Im,16.447,0.067,16.146,0.185,12.16,,9.26,,,,,,,,0000,0,0nnn,411,451,56,471,ABUU,,2M
J025945.01+001118.3,44.9375775,0.1884355,Im,11.723,0.022,11.777,0.022,11.306,0.149,8.43,,12.401,0.022,11.879,0.026,11.794,0.029,0000,0,11nn,61,31,-56,30,AABU,0.587,2M
J025946.93+001123.9,44.9455687,0.1899813,Im,16.544,0.076,16.029,0.167,12.442,,8.883,,,,,,,,0000,0,0nnn,-228,486,-504,512,ABUU,,2M
J025940.51+001105.1,44.918804,0.1847586,Im,17.5,0.149,17.398,,12.661,,8.977,,,,,,,,0000,0,nnnn,420,1315,-1259,1387,BUUU,,2M
J025942.33+001122.6,44.9263995,0.1896307,Im,17.492,0.155,16.965,0.374,12.581,,8.735,,,,,,,,0000,0,nnnn,1235,1293,148,1349,BCUU,,2M
J025940.76+001129.4,44.9198402,0.1915087,Im,14.439,0.028,14.126,0.04,12.29,,8.788,,16.628,0.158,15.678,0.123,14.798,0.123,0000,0,01nn,-127,84,107,88,AAUU,0.431,2M
J025943.70+001123.2,44.9321111,0.1897845,Im,17.273,0.125,16.425,0.235,12.411,,9.01,,,,,,,,0000,0,nnnn,184,983,837,1015,BBUU,,2M
J025942.53+001138.9,44.9272455,0.1941451,Im,17.59,0.173,16.423,0.231,12.531,,9.128,,,,,,,,0000,0,nnnn,858,1243,-1952,1316,BBUU,,2M
J025933.63+001016.2,44.8901415,0.1711881,Im,17.703,0.185,16.726,0.286,12.839,,9.043,,,,,,,,0000,0,nnnn,-721,1506,405,1590,BBUU,,2M
J025934.17+001021.9,44.8923846,0.1727757,Im,16.231,0.061,16.103,0.176,12.089,,9.138,,,,,,,,0000,0,0nnn,274,398,-31,406,ABUU,,2M
J025932.64+001023.2,44.886034,0.1731178,Im,17.516,0.153,16.681,0.292,12.564,,9.08,,,,,,,,0000,0,nnnn,-2678,1246,-1742,1296,BBUU,,2M
J025934.02+001058.5,44.8917592,0.1829259,Im,17.064,0.111,17.064,0.432,12.418,,9.141,,,,,,,,0000,0,nnnn,433,865,88,907,BCUU,,2M
J025932.03+001112.4,44.883469,0.1867955,Im,17.145,0.109,16.989,0.351,12.819,0.525,8.782,,,,,,,,0000,0,nnnn,546,844,266,883,ABCU,,2M
J025930.31+001114.5,44.8763132,0.187375,Im,17.274,0.128,16.579,0.247,12.783,,8.942,,,,,,,,0000,0,nnnn,101,997,-599,1049,BBUU,,2M
J025931.00+001112.8,44.8791726,0.1869157,Im,16.387,0.064,16.284,0.19,12.696,0.461,9.079,,,,,,,,0000,0,0nnn,69,413,-296,440,ABCU,,2M
J025933.15+001126.4,44.8881389,0.1906751,Im,15.593,0.04,15.471,0.1,12.426,,9.189,,,,,,,,0000,0,0nnn,-160,215,41,224,AAUU,,2M
J025935.41+001150.2,44.8975559,0.1972892,Im,16.563,0.071,16.304,0.197,12.448,,8.789,,,,,,,,0000,0,0nnn,19,513,-386,543,ABUU,,2M
J025938.54+001122.9,44.9106015,0.1897003,Im,14.579,0.029,13.84,0.036,11.169,0.131,8.073,0.206,,,,,,,0000,0,11nn,70,90,-44,92,AABB,,2M
J025938.94+001139.1,44.9122763,0.194203,Im,17.425,0.149,16.648,0.297,12.402,,9.192,,,,,,,,0000,0,nnnn,-1240,1166,105,1229,BBUU,,2M
J025937.53+001135.3,44.9063764,0.193161,Im,16.954,0.098,17.382,0.518,12.534,,8.641,,,,,,,,0000,0,nnnn,-570,748,-211,788,ACUU,,2M
J025937.11+001149.7,44.9046557,0.1971662,Im,17.75,0.193,16.803,0.324,12.337,,9.171,,,,,,,,0000,0,nnnn,575,1421,77,1523,BBUU,,2M
J025939.67+001159.4,44.9153242,0.1998363,Im,16.306,0.062,16.171,0.186,12.457,,9.184,,16.686,0.156,16.808,,15.661,,0000,0,0nnn,203,404,804,419,ABUU,0.595,2M
J025943.50+001218.8,44.931281,0.2052227,Im,16.523,0.068,17.186,0.491,12.773,,8.75,,,,,,,,0000,0,0nnn,-452,487,-130,505,ACUU,,2M
J025942.45+001214.2,44.9269134,0.203954,Im,15.895,0.047,15.716,0.131,12.908,,8.92,,,,,,,,0000,0,1nnn,-107,281,194,294,ABUU,,2M
J025936.07+001154.7,44.9002969,0.1985361,Im,17.809,0.207,16.964,0.365,12.76,,8.794,,,,,,,,0000,0,nnnn,999,1632,-2125,1735,BCUU,,2M
J025937.47+001203.3,44.9061375,0.200927,Im,15.817,0.044,15.562,0.108,12.871,,8.997,,,,,,,,0000,0,1nnn,-212,246,61,261,AAUU,,2M
J025937.68+001221.7,44.9070203,0.2060373,Im,14.09,0.026,14.04,0.04,12.775,,9.145,,15.064,0.045,14.375,0.046,14.218,0.082,0000,0,00nn,0,66,0,70,AAUU,0.244,2M
J025935.85+001220.1,44.8993787,0.2055878,Im,16.845,0.089,16.527,0.244,12.781,,9.271,,,,,,,,0000,0,nnnn,466,655,-545,691,ABUU,,2M
J025938.24+001235.8,44.9093679,0.2099466,Im,16.621,0.076,16.352,0.219,12.592,0.486,9.112,,,,,,,,0000,0,0nnn,-985,529,-485,541,ABCU,,2M
J025940.30+001243.5,44.9179518,0.2120997,Im,15.741,0.045,15.815,0.128,12.018,,8.678,,,,,,,,0000,0,0nnn,-163,246,-371,253,ABUU,,2M
J025940.82+001256.9,44.9201134,0.2158092,Im,16.889,0.096,16.188,0.187,12.713,0.484,9.167,,,,,,,,0000,0,nnnn,-162,656,1493,717,ABCU,,2M
J025938.03+001246.8,44.9084961,0.2130236,Im,16.423,0.066,16.001,0.164,12.192,0.313,8.716,,,,,,,,0000,0,0nnn,308,438,184,445,ABBU,,2M
J025939.36+001317.6,44.9140133,0.2215576,Im,17.493,0.158,17.036,,12.187,,9.074,,,,,,,,0000,0,nnnn,-1482,1323,1287,1391,BUUU,,2M
J030001.84+000938.3,45.0076987,0.1606566,Im,16.658,0.077,16.368,0.205,12.737,,9.203,,,,,,,,0000,0,nnnn,-28,524,-135,552,ABUU,,2M
J030000.66+001008.7,45.0027752,0.1690895,Im,16.327,0.061,16.301,0.197,12.527,,9.054,,,,,,,,d000,0,0nnn,-107,394,542,405,ABUU,,2M
J030003.24+001014.0,45.0135326,0.1705619,Im,12.663,0.023,12.593,0.025,12.096,,8.718,,13.598,0.029,12.997,0.025,12.788,0.035,0000,0,00nn,76,36,-80,36,AAUU,0.586,2M
J025955.91+001008.6,44.9829977,0.1690778,Im,16.758,0.078,17.292,0.484,12.663,,8.921,,,,,,,,0000,0,nnnn,557,602,307,620,ACUU,,2M
J025956.90+001026.7,44.9871008,0.1740859,Im,16.666,0.077,16.853,0.323,12.698,,8.757,0.372,,,,,,,0000,0,nnnn,-559,549,1278,573,ABUC,,2M
J025959.88+001024.9,44.9995341,0.1735943,Im,16.984,0.099,17.338,0.517,12.603,,9.14,,,,,,,,d000,0,nnnn,-520,733,1078,759,ACUU,,2M
J030002.06+001043.1,45.0085949,0.1786426,Im,16.388,0.063,16.357,0.23,12.627,,9.208,,,,,,,,0000,0,0nnn,210,417,-784,440,ABUU,,2M
J025959.02+001034.9,44.9959462,0.1763878,Im,17.225,0.119,17.382,0.54,12.683,,8.727,,,,,,,,0000,0,nnnn,-145,944,-359,976,BCUU,,2M
J025959.85+001046.8,44.9993802,0.1796794,Im,17.546,0.156,17.118,,12.733,,9.021,,,,,,,,0000,0,nnnn,210,1455,1198,1515,BUUU,,2M
J030005.02+001023.3,45.0209548,0.1731456,Im,17.749,0.187,16.956,0.356,12.661,,9.0,,,,,,,,0000,0,nnnn,461,1495,-1840,1575,BCUU,,2M
J030007.02+001028.8,45.0292609,0.1746711,Im,16.593,0.072,16.407,0.218,12.336,,9.314,,,,,,,,0000,0,0nnn,4,504,55,528,ABUU,,2M
J030004.72+001048.2,45.019672,0.1800815,Im,16.465,0.067,16.43,0.218,12.625,,9.149,,,,,,,,0000,0,0nnn,-414,462,13,482,ABUU,,2M
J030008.41+001106.3,45.0350496,0.1851059,Im,16.039,0.053,15.91,0.145,12.089,0.329,8.676,,,,,,,,0000,0,0nnn,266,324,318,340,ABBU,,2M
J030006.96+001119.7,45.029009,0.188809,Im,17.118,0.111,16.731,,12.798,,9.034,,,,,,,,0000,0,nnnn,-293,840,1439,879,BUUU,,2M
J030007.19+001135.6,45.0299907,0.193237,Im,17.125,0.117,17.158,0.435,12.753,,9.026,,,,,,,,0000,0,nnnn,-294,902,-564,920,BCUU,,2M
J030003.09+001044.6,45.012908,0.17908,Im,16.09,0.053,16.635,0.285,12.714,,9.175,,,,,,,,0000,0,0nnn,-288,320,258,333,ABUU,,2M
J030003.64+001053.9,45.0151685,0.1816631,Im,16.376,0.064,16.329,0.209,11.9,,8.739,0.359,,,,,,,0000,0,0nnn,877,410,678,432,ABUC,,2M
J030004.54+001102.2,45.0189452,0.1839475,Im,17.045,0.101,16.652,0.28,12.161,,8.736,,,,,,,,0000,0,nnnn,-95,784,100,826,ABUU,,2M
J030003.54+001113.4,45.0147531,0.1870774,Im,17.255,0.12,16.821,0.31,12.528,,8.952,,,,,,,,0000,0,nnnn,-307,993,650,1025,BBUU,,2M
J030001.05+001059.2,45.004382,0.1831226,Im,16.414,0.065,16.274,0.2,12.162,,9.319,,,,,,,,d000,0,0nnn,47,430,-328,448,ABUU,,2M
J030001.67+001106.7,45.0069844,0.1852046,Im,16.221,0.057,16.413,0.227,12.369,,9.063,,,,,,,,d000,0,0nnn,-1264,367,139,377,ABUU,,2M
J030000.56+001116.7,45.0023731,0.1879803,Im,15.903,0.046,15.863,0.141,12.78,,8.54,,,,,,,,0000,0,1nnn,446,265,-598,278,ABUU,,2M
J030002.43+001118.2,45.0101616,0.1884069,Im,15.253,0.035,15.029,0.075,12.008,0.26,8.777,,,,,,,,d000,0,0nnn,30,166,135,174,AABU,,2M
J030005.12+001118.2,45.0213431,0.1884034,Im,15.748,0.043,15.591,0.113,12.598,0.496,9.169,,,,,,,,0000,0,0nnn,276,244,17,251,ABCU,,2M
J030004.53+001147.9,45.0189044,0.196662,Im,17.802,0.196,17.359,,12.767,,9.318,,,,,,,,0000,0,nnnn,297,1606,744,1692,BUUU,,2M
J025954.60+001011.7,44.9775039,0.169936,Im,16.841,0.105,17.244,0.53,11.847,,9.113,,,,,,,,0000,0,nnnn,1835,771,259,870,ACUU,,2M
J025955.12+001022.4,44.9796888,0.172911,Im,15.99,0.051,16.075,0.167,12.303,,9.097,,,,,,,,0000,0,0nnn,0,296,625,307,ABUU,,2M
J025954.46+001019.6,44.9769443,0.1721164,Im,15.735,0.045,15.468,0.099,12.074,,9.16,,,,,,,,0000,0,0nnn,145,237,202,252,AAUU,,2M
J025954.86+001050.8,44.9786205,0.1807878,Im,17.452,0.152,17.409,,12.22,,9.229,,,,,,,,0000,0,nnnn,-556,1224,-988,1284,BUUU,,2M
J025958.61+001100.5,44.994233,0.1834733,Im,17.905,0.212,16.883,0.352,12.793,,8.929,,,,,,,,0000,0,nnnn,-672,1695,-486,1798,BBUU,,2M
J025956.08+001058.4,44.9836912,0.1829022,Im,17.662,0.184,17.246,,12.365,,8.986,,,,,,,,0000,0,nnnn,196,1369,-2655,1429,BUUU,,2M
J025956.53+001118.9,44.9855829,0.1885874,Im,16.325,0.061,16.725,0.306,12.386,,9.004,,16.59,0.136,16.527,0.267,15.557,,0000,0,0nnn,-616,414,370,432,ABUU,0.328,2M
J025951.97+001043.5,44.9665538,0.178766,Im,17.573,0.163,17.036,,12.112,,8.633,,,,,,,,0000,0,nnnn,892,1372,189,1427,BUUU,,2M
J025954.19+001116.1,44.9758109,0.1878314,Im,12.675,0.023,12.708,0.025,12.372,0.434,9.25,,13.106,0.025,12.789,0.027,12.736,0.03,0000,0,00nn,21,36,-80,37,AACU,0.312,2M
J025952.62+001104.7,44.9692509,0.1846513,Im,14.897,0.031,14.612,0.056,12.074,,9.077,,,,,,,,0000,0,00nn,-32,124,106,126,AAUU,,2M
J025952.19+001121.9,44.9674634,0.1894204,Im,16.742,0.086,16.232,0.205,12.711,,8.783,,,,,,,,0000,0,nnnn,21,608,-386,636,ABUU,,2M
J025955.99+001128.1,44.9833167,0.1911485,Im,17.217,0.13,17.056,0.409,12.663,,9.193,,,,,,,,0000,0,nnnn,-1336,939,-538,990,BCUU,,2M
J025955.29+001131.8,44.9804046,0.1921741,Im,17.575,0.165,16.792,0.327,12.276,0.339,8.654,,,,,,,,0000,0,nnnn,-22,1247,-80,1320,BBBU,,2M
J025956.26+001141.2,44.9844294,0.1947785,Im,16.703,0.08,16.816,0.322,12.543,,9.112,,,,,,,,0000,0,nnnn,184,586,60,614,ABUU,,2M
J025954.27+001145.5,44.976162,0.195983,Im,15.582,0.041,15.437,0.101,12.62,,9.167,,,,,,,,0000,0,0nnn,-279,206,-121,216,AAUU,,2M
J025953.26+001154.6,44.9719326,0.1985196,Im,15.493,0.039,15.018,0.072,11.955,0.293,8.797,,,,,,,,0000,0,01nn,-55,195,3,203,AABU,,2M
J025954.53+001212.6,44.9772363,0.2035169,Im,16.792,0.087,16.542,0.264,11.91,,8.363,,,,,,,,0000,0,nnnn,485,634,-773,659,ABUU,,2M
J030001.13+001127.4,45.0047426,0.1909616,Im,17.37,0.137,16.794,,12.031,,9.238,,,,,,,,0000,0,nnnn,778,1084,-1040,1138,BUUU,,2M
J030001.49+001141.7,45.0062189,0.1949436,Im,17.539,0.159,17.418,,12.792,,9.012,,,,,,,,0000,0,nnnn,-435,1305,-293,1346,BUUU,,2M
J030001.88+001150.1,45.007866,0.1972668,Im,17.043,0.104,16.952,,12.552,,8.765,,,,,,,,0000,0,nnnn,-342,790,234,823,AUUU,,2M
J030001.30+001157.9,45.005446,0.1994356,Im,17.418,0.145,17.42,,12.801,,9.139,0.468,,,,,,,0000,0,nnnn,935,1087,-88,1134,BUUC,,2M
J030002.36+001209.7,45.009843,0.2027048,Im,17.806,0.207,17.036,,12.35,,9.169,,,,,,,,0000,0,nnnn,20,1789,-109,1913,BUUU,,2M
J025956.86+001159.7,44.9869314,0.1999396,Im,17.372,0.14,16.824,,12.76,,9.033,,,,,,,,0000,0,nnnn,-303,1259,-527,1301,BUUU,,2M
J025958.68+001203.4,44.9945174,0.2009509,Im,16.788,0.087,16.333,0.217,12.097,,9.222,,,,,,,,0000,0,nnnn,-157,615,786,652,ABUU,,2M
J025958.93+001221.4,44.9955502,0.2059592,Im,17.729,0.201,16.943,,12.462,,8.961,,,,,,,,0000,0,nnnn,443,1896,282,1983,BUUU,,2M
J025958.42+001226.0,44.9934248,0.2072485,Im,17.747,0.209,16.96,0.37,12.579,,9.102,,,,,,,,0000,0,nnnn,326,1600,-480,1674,BCUU,,2M
J025955.81+001214.2,44.9825757,0.2039476,Im,17.067,0.11,16.582,0.284,12.659,,9.16,,,,,,,,0000,0,nnnn,1460,842,118,893,BBUU,,2M
J030000.00+001251.1,45.0000112,0.2142083,Im,12.742,0.025,12.564,0.028,12.232,0.325,8.963,,13.798,0.026,13.193,0.027,12.966,0.034,0000,0,11nn,111,42,-29,43,AABU,0.828,2M
J025959.62+001304.0,44.9984269,0.2177885,Im,16.307,0.088,16.055,0.188,11.931,,8.693,,,,,,,,0000,0,0nnn,1240,544,830,522,ABUU,,2M
J030011.04+001134.3,45.0460382,0.1928881,Im,17.635,0.171,16.953,0.377,12.757,0.518,9.179,,,,,,,,0000,0,nnnn,341,1458,1763,1521,BCCU,,2M
J030010.29+001135.6,45.0428778,0.1932274,Im,16.731,0.081,15.991,0.158,12.81,,8.729,,,,,,,,0000,0,nnnn,990,565,-521,591,ABUU,,2M
J030012.70+001143.4,45.0529394,0.1954086,Im,16.855,0.088,16.853,0.321,12.717,,8.504,,,,,,,,0000,0,nnnn,-847,641,466,658,ABUU,,2M
J030011.63+001152.6,45.0484813,0.1979496,Im,17.346,0.151,16.607,,12.496,,8.643,,,,,,,,0000,0,nnnn,913,1237,-962,1374,BUUU,,2M
J030009.19+001129.3,45.038316,0.1914832,Im,16.331,0.061,15.699,0.123,12.242,,9.064,,,,,,,,0000,0,0nnn,-396,392,-566,417,ABUU,,2M
J030011.57+001158.6,45.0482265,0.1996344,Im,16.199,0.058,15.814,0.148,11.847,0.211,8.8,,,,,,,,0000,0,0nnn,208,365,-482,382,ABBU,,2M
J030011.39+001209.0,45.0474944,0.2025005,Im,15.884,0.048,15.521,0.113,12.575,,9.137,,,,,,,,0000,0,0nnn,-395,261,-484,284,ABUU,,2M
J030011.03+001311.9,45.045962,0.2199877,Im,16.188,0.053,17.465,,12.728,,9.21,,,,,,,,hH00,0,0nnn,-566,375,-158,390,AUUU,,2M
J030014.93+001257.3,45.062233,0.2159289,Im,11.201,0.022,11.196,0.021,11.001,0.133,8.965,,12.095,0.023,11.497,0.025,11.342,0.025,0000,0,00nn,23,30,50,29,AABU,0.537,2M
J030017.83+001306.6,45.0743314,0.2185153,Im,16.756,0.081,16.982,0.388,12.392,,9.077,,,,,,,,0000,0,0nnn,944,619,-124,644,ACUU,,2M
J030018.55+001326.4,45.0773159,0.2240113,Im,17.229,0.122,16.752,,12.686,,9.22,,,,,,,,0000,0,nnnn,120,1062,218,1112,BUUU,,2M
J030016.94+001324.8,45.0706235,0.2235791,Im,16.959,0.104,16.148,0.19,12.335,,8.781,,,,,,,,0000,0,nnnn,-63,714,660,746,ABUU,,2M
J030018.29+001345.3,45.0762306,0.2292764,Im,16.878,0.092,16.954,0.39,12.757,,9.114,,,,,,,,0000,0,nnnn,250,709,118,742,ACUU,,2M
J030012.01+001321.4,45.0500665,0.2226372,Im,16.028,0.048,16.193,0.174,12.017,,9.224,,,,,,,,hh00,0,0nnn,-90,321,232,333,ABUU,,2M
J030010.90+001323.3,45.0454535,0.2231538,Im,16.323,0.06,17.441,,12.297,,8.563,,,,,,,,hH00,0,0nnn,-390,454,-884,484,AUUU,,2M
J030016.98+001405.1,45.0707755,0.2347572,Im,12.334,0.022,12.365,0.024,12.038,0.272,8.621,,13.18,0.028,12.557,0.03,12.418,0.03,0000,0,11nn,-26,35,10,35,AABU,0.241,2M
J030006.74+001240.4,45.0280834,0.211235,Im,15.759,0.044,15.632,0.125,12.746,,9.153,,,,,,,,hh00,0,0nnn,-58,256,-270,272,ABUU,,2M
J030007.49+001246.9,45.0312459,0.2130417,Im,16.542,0.073,16.412,0.251,12.752,,9.08,,,,,,,,hh00,0,0nnn,522,528,57,540,ABUU,,2M
J030004.93+001256.7,45.020564,0.2157553,Im,16.282,0.058,15.948,0.155,12.552,,8.996,,,,,,,,hh00,0,0nnn,68,395,-520,418,ABUU,,2M
J030004.78+001309.1,45.0199571,0.219212,Im,16.67,0.075,15.319,0.085,12.105,,8.95,,,,,,,,hh00,0,0nnn,-966,446,-47,475,AAUU,,2M
J030008.21+001302.4,45.0342087,0.2173523,Im,16.034,0.049,16.841,0.32,12.068,,8.797,,,,,,,,hH00,0,0nnn,359,330,-14,350,ABUU,,2M
J030009.68+001318.9,45.040339,0.221923,Im,15.413,0.038,15.736,0.119,12.111,,9.112,,,,,,,,hH00,0,0nnn,266,208,-76,216,ABUU,,2M
J030002.47+001302.7,45.0103092,0.217432,Im,16.854,0.094,16.636,0.29,12.652,0.476,8.859,,,,,,,,hh00,0,nnnn,-387,669,-148,709,ABCU,,2M
J030001.24+001314.7,45.0051764,0.2207745,Im,17.851,0.208,16.776,,12.179,,9.178,,,,,,,,0000,0,nnnn,861,1771,-440,1877,BUUU,,2M
J030004.57+001344.5,45.0190445,0.2290429,Im,16.288,0.086,16.551,0.29,12.707,,9.095,,,,,,,,hH00,0,nnnn,2109,591,109,593,ABUU,,2M
J030013.54+001452.3,45.0564423,0.2478678,Im,17.453,0.154,16.917,0.357,12.644,,8.844,,,,,,,,hh00,0,nnnn,100,1209,711,1254,BCUU,,2M
J030008.22+001407.4,45.0342587,0.2353973,Im,5.97,0.113,5.921,0.039,5.985,0.015,5.905,0.042,6.606,0.023,6.133,0.024,6.019,0.02,0000,0,0011,54,29,280,27,BAAA,0.354,2M
J025949.26+001209.5,44.9552643,0.2026409,Im,16.851,0.09,16.591,,12.684,,9.187,,,,,,,,0000,0,nnnn,-1296,679,-1404,711,AUUU,,2M
J025951.70+001233.8,44.9654562,0.2093942,Im,16.035,0.052,15.565,0.111,11.711,0.198,8.566,,,,,,,,0000,0,0nnn,260,317,488,335,ABBU,,2M
J025947.11+001209.7,44.9463315,0.2027043,Im,16.978,0.097,16.329,0.204,12.527,0.455,9.09,,,,,,,,0000,0,nnnn,-1141,684,1279,731,ABCU,,2M
J025945.98+001230.0,44.9416052,0.2083405,Im,16.949,0.096,16.593,0.258,12.23,,9.341,,,,,,,,0000,0,nnnn,204,718,296,754,ABUU,,2M
J025949.35+001228.3,44.9556493,0.2078627,Im,17.291,0.132,17.094,0.437,12.151,,8.657,,,,,,,,0000,0,nnnn,-672,1100,-254,1141,BCUU,,2M
J025947.58+001258.6,44.9482633,0.2162944,Im,16.63,0.074,16.594,0.267,12.727,,8.898,,,,,,,,0000,0,1nnn,126,507,-679,539,ABUU,,2M
J025953.98+001231.1,44.9749407,0.2086558,Im,15.64,0.042,15.348,0.09,12.672,,8.687,,,,,,,,0000,0,0nnn,251,214,-430,222,AAUU,,2M
J025955.87+001303.3,44.9827989,0.2175839,Im,17.074,0.108,16.979,0.37,12.703,,8.52,,,,,,,,0000,0,nnnn,-1136,829,227,857,ACUU,,2M
J025953.26+001250.2,44.9719238,0.2139546,Im,17.227,0.123,16.909,0.366,12.256,,9.175,,,,,,,,0000,0,nnnn,-345,953,-1021,1000,BCUU,,2M
J025952.70+001255.2,44.9696056,0.2153406,Im,16.441,0.064,16.416,0.222,12.21,,9.312,,,,,,,,0000,0,0nnn,-442,440,3,457,ABUU,,2M
J025953.35+001307.5,44.9723005,0.2187506,Im,17.257,0.126,16.648,,12.733,0.531,9.172,,,,,,,,0000,0,nnnn,260,999,92,1044,BUCU,,2M
J025954.28+001302.2,44.9761686,0.2173013,Im,15.481,0.037,15.753,0.131,12.7,,9.192,,16.023,0.095,15.687,0.13,15.624,,0000,0,0nnn,322,189,-78,200,ABUU,0.12,2M
J025953.99+001315.8,44.9749978,0.2210753,Im,16.514,0.069,16.59,0.25,12.721,0.524,9.136,,,,,,,,0000,0,0nnn,299,507,773,527,ABCU,,2M
J025956.59+001322.1,44.9858264,0.2228102,Im,16.441,0.067,15.565,0.11,12.318,0.361,8.97,,,,,,,,0000,0,0nnn,-764,414,-241,443,ABCU,,2M
J025957.51+001332.6,44.9896526,0.2257252,Im,15.166,0.034,14.653,0.056,11.087,0.132,8.484,0.321,,,,,,,0000,0,00nn,-31,155,-77,164,AABB,,2M
J025951.95+001326.3,44.9664742,0.2239932,Im,15.642,0.041,15.376,0.097,12.512,,9.197,,,,,,,,0000,0,0nnn,-284,213,-263,221,AAUU,,2M
J025953.75+001338.9,44.9739947,0.2274799,Im,14.647,0.028,14.501,0.051,12.558,,9.183,,16.267,0.131,15.656,0.134,15.102,0.174,0000,0,11nn,-1,94,-55,97,AAUU,0.765,2M
J025955.74+001409.7,44.9822695,0.2360316,Im,17.42,0.145,16.884,0.343,12.806,,9.162,,,,,,,,0000,0,nnnn,-82,1135,-144,1194,BBUU,,2M
J025953.39+001352.7,44.9724773,0.2313223,Im,17.242,0.126,17.353,0.495,12.274,,9.193,,,,,,,,0000,0,nnnn,1529,946,-966,985,BCUU,,2M
J025954.82+001410.2,44.9784451,0.2361719,Im,16.883,0.095,16.593,0.279,12.757,,9.113,,,,,,,,0000,0,nnnn,140,690,677,731,ABUU,,2M
J025943.20+001233.2,44.9300371,0.2092385,Im,17.309,0.123,16.869,,12.682,,9.029,,,,,,,,0000,0,nnnn,865,1069,1451,1123,BUUU,,2M
J025945.71+001239.7,44.9404885,0.2110286,Im,17.339,0.136,17.023,0.378,12.555,0.472,9.289,,,,,,,,0000,0,nnnn,2070,1009,-1552,1066,BCCU,,2M
J025945.17+001256.8,44.9382128,0.2157932,Im,17.078,0.109,16.386,0.21,12.436,,9.113,,,,,,,,0000,0,nnnn,-1139,795,-727,837,ABUU,,2M
J025943.64+001311.2,44.9318404,0.2198014,Im,17.499,0.15,16.578,0.266,12.549,,8.834,,,,,,,,0000,0,nnnn,1728,1135,1254,1209,BBUU,,2M
J025945.98+001328.3,44.9416144,0.2245385,Im,17.898,0.212,17.388,0.542,12.201,,8.943,,,,,,,,0000,0,nnnn,1563,1646,-3631,1706,BCUU,,2M
J025941.75+001256.1,44.9239922,0.215592,Im,16.72,0.081,15.89,0.144,12.542,,9.076,,,,,,,,0000,0,0nnn,-524,549,-916,574,ABUU,,2M
J025942.63+001308.8,44.9276557,0.2191325,Im,12.828,0.024,12.891,0.027,12.359,,9.082,,13.49,0.025,12.979,0.027,12.868,0.032,0000,0,11nn,0,38,0,39,AAUU,0.227,2M
J025941.00+001308.0,44.9208339,0.2189039,Im,14.546,0.029,14.379,0.047,12.092,,8.629,,15.776,0.077,15.281,0.1,14.781,0.13,0000,0,11nn,-31,90,240,92,AAUU,0.775,2M
J025942.77+001339.2,44.9282116,0.2275806,Im,14.566,0.03,14.48,0.051,12.807,,9.197,,15.512,0.063,14.843,0.068,14.927,0.144,0000,0,00nn,17,93,22,96,AAUU,0.468,2M
J025941.04+001341.1,44.9210409,0.2281083,Im,17.186,0.118,16.69,,12.854,,9.147,,,,,,,,0000,0,nnnn,-269,887,-755,908,BUUU,,2M
J025944.46+001340.1,44.9352704,0.2278086,Im,16.534,0.069,16.577,0.264,12.28,,8.975,,,,,,,,0000,0,0nnn,-474,485,874,515,ABUU,,2M
J025949.81+001402.5,44.9575719,0.2340464,Im,16.645,0.079,16.707,0.298,12.744,,8.84,,,,,,,,0000,0,nnnn,333,560,-133,598,ABUU,,2M
J025948.36+001400.8,44.9515353,0.2335589,Im,15.064,0.033,14.824,0.064,12.617,0.461,9.223,,16.939,0.201,15.893,0.16,15.088,,0000,0,11nn,38,137,-132,144,AACU,0.325,2M
J025947.88+001404.9,44.9495413,0.2347222,Im,16.225,0.059,15.911,0.15,12.602,0.493,9.059,0.528,,,,,,,0000,0,1nnn,229,393,276,414,ABCC,,2M
J025951.65+001405.5,44.9652323,0.2348622,Im,16.668,0.079,16.348,0.218,12.848,,8.657,,,,,,,,0000,0,0nnn,-46,542,-579,566,ABUU,,2M
J025953.41+001416.5,44.9725662,0.2379251,Im,12.018,0.022,11.94,0.023,12.252,0.335,9.218,,12.962,0.025,12.338,0.027,12.145,0.03,0000,0,00nn,95,31,-56,31,AABU,1.123,2M
J025952.33+001457.7,44.9680533,0.2493864,Im,16.731,0.085,16.586,0.271,12.096,,9.243,,,,,,,,0000,0,nnnn,-66,597,353,640,ABUU,,2M
J025947.33+001414.0,44.9472246,0.2372332,Im,17.404,0.165,16.688,,12.473,0.487,8.784,,,,,,,,0000,0,nnnn,596,1371,-864,1453,BUCU,,2M
J025948.61+001428.4,44.9525748,0.2412336,Im,15.721,0.043,15.317,0.09,12.659,0.503,8.839,,17.038,0.222,16.735,0.345,15.389,0.191,0000,0,1nnn,45,236,101,250,AACU,0.248,2M
J025949.10+001454.7,44.9546239,0.248551,Im,17.516,0.164,17.152,0.415,12.031,,8.725,,,,,,,,0000,0,nnnn,212,1288,2010,1365,BCUU,,2M
J030000.20+001332.9,45.0008386,0.2258142,Im,16.74,0.084,16.495,0.244,12.843,,8.856,,,,,,,,0000,0,nnnn,-288,634,-598,664,ABUU,,2M
J025959.71+001350.1,44.9988008,0.230594,Im,14.805,0.031,14.786,0.064,12.332,,8.67,,15.487,0.078,15.353,0.117,15.055,0.156,0000,0,00nn,62,110,92,115,AAUU,0.461,2M
J025958.37+001417.0,44.9932108,0.238073,Im,17.657,0.187,17.45,,12.115,,9.179,0.541,,,,,,,0000,0,nnnn,688,1375,66,1460,BUUC,,2M
J025958.73+001441.3,44.9947253,0.2448089,Im,17.259,0.134,17.015,0.403,12.775,,9.031,,,,,,,,0000,0,nnnn,-215,1025,-51,1079,BCUU,,2M
J025955.07+001436.6,44.9794776,0.2435098,Im,17.537,0.158,17.022,0.384,12.484,,9.082,,,,,,,,0000,0,nnnn,1767,1274,-85,1362,BCUU,,2M
J025956.99+001441.1,44.9874839,0.2447681,Im,17.32,0.137,16.791,0.3,12.638,,8.679,,,,,,,,0000,0,nnnn,334,1098,-729,1144,BBUU,,2M
J025959.39+001442.3,44.9974912,0.2451021,Im,16.915,0.097,16.808,0.312,12.808,0.529,9.268,,,,,,,,0000,0,nnnn,31,709,219,748,ABCU,,2M
J030005.24+001515.2,45.0218557,0.2542461,Im,15.779,0.043,16.644,0.283,12.713,,9.061,,,,,,,,hh00,0,0nnn,89,267,-261,279,ABUU,,2M
J030006.98+001526.7,45.0291021,0.2574401,Im,16.602,0.07,16.772,,12.511,0.424,8.675,,,,,,,,hH00,0,0nnn,536,520,-287,541,AUCU,,2M
J030008.98+001541.8,45.0374188,0.2616174,Im,14.191,0.026,14.033,0.04,12.526,,9.115,,15.242,0.057,14.611,0.058,14.404,0.084,hh00,0,00nn,-80,71,-20,74,AAUU,0.252,2M
J030007.43+001559.5,45.0309662,0.2665336,Im,16.475,0.068,16.355,0.213,12.091,,9.151,,,,,,,,0h00,0,0nnn,-711,462,-1652,480,ABUU,,2M
J030001.12+001536.6,45.0046819,0.2601715,Im,17.563,0.161,16.387,0.223,12.776,0.486,9.144,,,,,,,,0000,0,nnnn,71,1145,604,1227,BBCU,,2M
J030001.40+001549.2,45.0058368,0.2636878,Im,17.691,0.184,16.808,0.343,12.127,,9.128,,,,,,,,0000,0,nnnn,-42,1597,-468,1716,BBUU,,2M
J030003.10+001613.0,45.01293,0.2703011,Im,17.748,0.184,16.127,0.183,12.646,,8.676,0.366,,,,,,,0000,0,nnnn,137,1146,-478,1248,BBUC,,2M
J030004.93+001617.8,45.0205809,0.2716273,Im,17.162,0.115,16.448,0.243,12.3,0.357,9.088,,,,,,,,0000,0,nnnn,-316,860,826,907,BBCU,,2M
J030005.61+001626.7,45.0233821,0.2741103,Im,16.767,0.085,16.68,0.293,12.705,,8.903,,,,,,,,0000,0,0nnn,-411,662,1232,709,ABUU,,2M
J030004.83+001626.0,45.0201266,0.2738953,Im,17.876,0.21,16.758,0.328,12.501,,9.15,,,,,,,,0000,0,nnnn,774,1680,-1497,1794,BBUU,,2M
J025954.42+001440.4,44.9767801,0.2445746,Im,15.704,0.042,15.418,0.093,11.539,0.187,8.51,,,,,,,,0000,0,0nnn,288,242,-97,250,AABU,,2M
J025956.15+001459.2,44.9839813,0.2497966,Im,17.688,0.181,17.406,,12.264,,8.622,,,,,,,,0000,0,nnnn,-150,1445,445,1552,BUUU,,2M
J025953.52+001452.3,44.9730011,0.247885,Im,17.739,0.197,17.349,0.507,12.742,,9.047,,,,,,,,0000,0,nnnn,1130,1605,-369,1698,BCUU,,2M
J025959.06+001547.5,44.9960945,0.2632083,Im,17.678,0.177,16.834,,12.469,,8.928,,,,,,,,0000,0,nnnn,-1235,1474,-733,1568,BUUU,,2M
J025957.73+001546.2,44.9905536,0.2628438,Im,17.354,0.136,17.383,0.501,12.798,,9.148,,,,,,,,0000,0,nnnn,-54,1022,-467,1079,BCUU,,2M
J025952.22+001514.4,44.9676119,0.2540237,Im,17.757,0.192,17.021,,12.705,,8.977,,,,,,,,0000,0,nnnn,430,1617,302,1707,BUUU,,2M
J025952.50+001534.1,44.9687754,0.259488,Im,16.718,0.08,16.682,0.283,12.699,,9.15,,,,,,,,0000,0,nnnn,336,567,-728,596,ABUU,,2M
J025950.25+001531.7,44.9593894,0.2588279,Im,16.761,0.084,16.466,0.234,12.789,,8.861,,,,,,,,0000,0,nnnn,-1185,612,594,631,ABUU,,2M
J025952.46+001555.3,44.9685897,0.265366,Im,17.02,0.103,16.214,0.183,12.545,,9.213,,,,,,,,0000,0,0nnn,-442,727,-2,760,ABUU,,2M
J025951.42+001603.8,44.9642518,0.2677427,Im,17.816,0.199,16.725,,12.524,,8.688,,,,,,,,0000,0,nnnn,223,1756,1252,1843,BUUU,,2M
J025956.80+001609.8,44.9866831,0.269398,Im,16.876,0.095,16.5,0.241,12.755,,9.168,,,,,,,,0000,0,nnnn,-677,655,136,684,ABUU,,2M
J025955.90+001614.7,44.9829395,0.2707666,Im,17.647,0.183,16.99,,12.364,,8.437,,,,,,,,0000,0,nnnn,314,1680,-1146,1743,BUUU,,2M
J025952.46+001608.9,44.9686188,0.2691607,Im,16.759,0.084,16.13,0.173,12.839,,9.144,,,,,,,,d000,0,0nnn,85,567,713,604,ABUU,,2M
J025959.82+001607.3,44.9992594,0.2687051,Im,17.079,0.106,16.709,,12.513,0.515,9.137,,,,,,,,0000,0,nnnn,-858,815,-793,838,AUCU,,2M
J025957.59+001614.1,44.989977,0.2706106,Im,16.925,0.095,16.982,0.384,12.635,,9.224,,,,,,,,0000,0,nnnn,578,729,-51,755,ACUU,,2M
J025959.54+001640.8,44.9980987,0.2780082,Im,17.236,0.119,16.766,,12.242,,9.231,,,,,,,,0000,0,nnnn,-47,893,-1799,956,BUUU,,2M
J030002.45+001642.9,45.0102456,0.2785976,Im,17.077,0.111,16.853,,12.671,,8.663,,,,,,,,0000,0,nnnn,196,894,102,952,BUUU,,2M
J030003.97+001653.4,45.0165781,0.2815113,Im,17.537,0.158,16.686,,12.805,,8.716,,,,,,,,0000,0,nnnn,-164,1361,24,1438,BUUU,,2M
J030001.54+001636.0,45.0064178,0.2766848,Im,17.142,0.112,16.801,0.321,12.725,,8.908,,,,,,,,0000,0,nnnn,-18,859,-276,912,BBUU,,2M
J030001.87+001706.4,45.0078254,0.2851218,Im,17.356,0.137,17.026,,12.753,,8.48,,,,,,,,0000,0,nnnn,-99,1156,-934,1211,BUUU,,2M
J025957.51+001631.3,44.9896652,0.2753816,Im,16.461,0.07,16.435,0.224,12.852,,9.037,,,,,,,,0000,0,0nnn,-536,460,287,482,ABUU,,2M
J025957.89+001648.3,44.9912235,0.2800862,Im,15.44,0.038,15.36,0.089,12.433,,8.884,,,,,,,,0000,0,1nnn,-272,187,48,195,AAUU,,2M
J025957.38+001647.1,44.9891162,0.2797655,Im,17.155,0.122,17.327,0.519,12.681,0.5,8.985,,,,,,,,0000,0,nnnn,1154,1076,533,1045,BCCU,,2M
J025956.11+001637.4,44.9838033,0.2770741,Im,16.651,0.076,16.329,0.207,12.79,,9.048,,,,,,,,0000,0,0nnn,273,518,-43,554,ABUU,,2M
J025955.24+001641.9,44.980197,0.2783125,Im,17.813,0.203,16.812,,12.762,,9.135,,,,,,,,0000,0,nnnn,440,2088,-1222,2153,BUUU,,2M
J025957.67+001659.3,44.9903233,0.2831508,Im,15.192,0.034,15.288,0.089,12.295,,9.093,,16.152,0.099,15.537,0.108,15.73,0.243,0000,0,0nnn,68,153,-120,161,AAUU,0.628,2M
J025959.01+001716.3,44.9958971,0.2878646,Im,13.067,0.024,13.081,0.027,12.264,,9.273,,13.574,0.025,13.194,0.031,13.125,0.037,0000,0,00nn,-20,41,-20,42,AAUU,0.368,2M
J030000.29+001731.3,45.0012372,0.2920414,Im,17.032,0.106,16.511,0.24,12.6,,9.093,,,,,,,,0000,0,nnnn,541,828,429,876,ABUU,,2M
J030041.04+000934.6,45.171012,0.1596307,Im,17.678,0.183,16.879,,12.69,,8.873,,,,,,,,0000,0,nnnn,687,1559,510,1661,BUUU,,2M
J030042.18+000952.2,45.1757627,0.1645166,Im,17.182,0.192,16.235,0.276,11.951,,9.064,,,,,,,,0000,0,nnnn,1620,1034,1674,1255,BBUU,,2M
J030042.12+000958.1,45.17551,0.16615,Im,16.504,0.064,15.981,0.151,12.276,,9.163,,,,,,,,0000,0,0nnn,177,439,-777,466,ABUU,,2M
J030044.15+000947.3,45.1839904,0.1631582,Im,13.631,0.025,13.529,0.03,12.303,,9.055,,14.547,0.033,13.989,0.043,13.77,0.051,0000,0,11nn,26,50,-8,51,AAUU,0.25,2M
J030045.22+000957.2,45.1884241,0.1659056,Im,17.016,0.097,16.341,0.205,12.115,,8.592,,,,,,,,0000,0,nnnn,-79,684,2651,732,ABUU,,2M
J030046.10+000956.7,45.192085,0.1657711,Im,14.971,0.033,14.663,0.058,11.888,,8.887,,16.724,0.184,15.966,0.19,15.425,0.209,0000,0,00nn,224,122,161,130,AAUU,0.335,2M
J030046.88+001001.6,45.1953609,0.167113,Im,16.781,0.086,16.289,0.204,12.39,0.424,8.602,,,,,,,,0000,0,nnnn,600,575,-340,618,ABCU,,2M
J030043.07+000958.3,45.1794955,0.1661952,Im,17.274,0.12,16.517,0.244,12.671,,8.843,,,,,,,,0000,0,nnnn,1006,867,614,923,BBUU,,2M
J030044.13+001015.9,45.18391,0.17111,Im,17.57,0.158,16.932,0.362,12.315,,8.317,,,,,,,,0000,0,nnnn,647,1230,-241,1334,BCUU,,2M
J030039.76+000941.8,45.1657007,0.161627,Im,17.619,0.162,16.889,0.351,12.372,,9.063,,,,,,,,0000,0,nnnn,-152,1283,1094,1389,BBUU,,2M
J030041.39+001007.5,45.1724747,0.1687639,Im,17.28,0.126,16.622,0.266,12.245,,9.318,,,,,,,,0000,0,nnnn,895,947,281,1015,BBUU,,2M
J030039.06+000959.0,45.1627578,0.1663897,Im,17.282,0.128,16.832,,12.41,,8.899,,,,,,,,0000,0,nnnn,835,995,-289,1066,BUUU,,2M
J030043.35+001035.2,45.1806297,0.1764658,Im,15.437,0.039,15.373,0.092,12.706,,9.112,,16.397,0.123,15.62,0.123,15.435,0.196,0000,0,1nnn,-32,175,-106,189,AAUU,0.809,2M
J030047.79+001016.9,45.1991323,0.1713732,Im,17.452,0.143,16.77,,12.565,,8.768,,,,,,,,0000,0,nnnn,289,1236,-212,1297,BUUU,,2M
J030046.46+001038.5,45.1935861,0.177368,Im,17.217,0.121,16.975,,12.634,,8.935,,,,,,,,0000,0,nnnn,539,929,700,999,BUUU,,2M
J030048.12+001055.4,45.2005326,0.1820644,Im,17.911,0.217,16.992,,12.069,,8.987,,,,,,,,0000,0,nnnn,-128,2050,1872,2194,BUUU,,2M
J030050.96+001053.4,45.2123451,0.1815172,Im,15.521,0.039,15.035,0.069,12.635,,8.91,,,,,,,,0000,0,11nn,-49,179,334,192,AAUU,,2M
J030049.22+001052.8,45.2050952,0.1813423,Im,17.707,0.193,16.855,0.317,12.549,,8.377,,,,,,,,0000,0,nnnn,-1297,1431,10,1523,BBUU,,2M
J030050.15+001103.7,45.2089593,0.1843887,Im,16.929,0.096,16.349,0.212,12.568,,8.735,,,,,,,,0000,0,nnnn,1251,660,-51,692,ABUU,,2M
J030044.19+001049.4,45.1841412,0.1804061,Im,16.661,0.077,16.866,0.332,12.655,,8.66,,,,,,,,0000,0,0nnn,-104,557,128,590,ABUU,,2M
J030043.48+001106.1,45.1812048,0.1850474,Im,16.484,0.068,15.962,0.145,12.663,,8.836,0.45,,,,,,,0000,0,1nnn,-30,433,-358,467,ABUC,,2M
J030042.43+001114.0,45.1767933,0.1872448,Im,16.01,0.048,15.855,0.123,12.187,,9.072,,,,,,,,0000,0,1nnn,146,283,127,300,ABUU,,2M
J030047.22+001145.1,45.1967905,0.1958694,Im,17.356,0.136,17.35,0.498,12.256,,8.981,,,,,,,,0000,0,nnnn,-831,1031,-204,1090,BCUU,,2M
J030045.37+001138.1,45.1890476,0.1939276,Im,16.997,0.101,16.861,0.324,12.684,,9.062,,,,,,,,0000,0,nnnn,-524,724,711,776,ABUU,,2M
J030036.62+001013.1,45.1526217,0.1703166,Im,13.55,0.025,13.112,0.027,9.864,0.046,8.036,0.204,15.911,0.111,15.047,0.099,14.208,0.09,0000,4,111n,-79,80,-26,106,AAAB,0.174,2M
J030039.06+001033.9,45.1627879,0.176106,Im,17.941,0.217,16.806,,12.672,,9.182,,,,,,,,0000,0,nnnn,-589,2025,-1399,2113,BUUU,,2M
J030035.28+001044.8,45.1470052,0.1791184,Im,17.244,0.122,16.626,0.265,12.502,,9.083,,,,,,,,0000,0,nnnn,-654,884,-726,953,BBUU,,2M
J030037.48+001101.4,45.1561874,0.1837438,Im,16.342,0.057,16.48,0.219,12.489,,8.77,,,,,,,,d000,0,1nnn,308,396,122,416,ABUU,,2M
J030036.81+001100.3,45.1534086,0.1834355,Im,17.679,0.168,17.451,0.539,12.617,,8.983,,,,,,,,0000,0,nnnn,2246,1364,-3931,1441,BCUU,,2M
J030040.00+001057.1,45.1666965,0.1825305,Im,16.002,0.047,16.303,0.185,12.512,,8.997,,,,,,,,0000,0,0nnn,-303,290,19,308,ABUU,,2M
J030039.62+001114.4,45.1650953,0.1873374,Im,17.912,0.205,17.473,,12.289,,9.122,,,,,,,,0h00,0,nnnn,-1064,1786,164,1926,BUUU,,2M
J030039.54+001130.8,45.1647688,0.1919024,Im,16.812,0.087,16.038,0.156,12.454,,8.525,,,,,,,,hh00,0,nnnn,-210,560,-220,595,ABUU,,2M
J030035.44+001117.7,45.1476887,0.1882506,Im,17.711,0.182,16.895,,12.476,,9.081,,,,,,,,0000,0,nnnn,-731,1546,-326,1642,BUUU,,2M
J030033.55+001122.2,45.1398138,0.1895076,Im,17.843,0.202,16.761,,12.708,,9.186,,,,,,,,0000,0,nnnn,437,1734,170,1832,BUUU,,2M
J030034.78+001140.6,45.1449383,0.1946217,Im,17.55,0.159,17.416,,12.591,,9.107,,,,,,,,0000,0,nnnn,1063,1205,-4155,1316,BUUU,,2M
J030035.31+001154.8,45.1471268,0.1985687,Im,16.657,0.071,16.149,0.164,12.656,0.523,9.093,,,,,,,,0000,0,0nnn,-454,513,-119,536,ABCU,,2M
J030036.67+001201.3,45.1528076,0.2003801,Im,13.826,0.025,13.77,0.033,12.543,,9.05,,14.856,0.045,14.166,0.048,13.922,0.064,0h00,0,01nn,52,56,-18,58,AAUU,0.208,2M
J030041.77+001126.0,45.174046,0.1905699,Im,17.816,0.189,17.318,0.471,12.093,,8.978,,,,,,,,0h00,0,nnnn,772,1673,533,1810,BCUU,,2M
J030042.17+001155.5,45.1757394,0.1987604,Im,17.065,0.107,16.49,0.244,12.555,,8.804,,,,,,,,hh00,0,nnnn,-790,783,-126,828,ABUU,,2M
J030043.21+001201.4,45.180077,0.2004135,Im,17.456,0.141,17.01,0.364,12.295,,9.109,,,,,,,,0000,0,nnnn,-1182,1200,-723,1254,BCUU,,2M
J030043.97+001159.8,45.1832483,0.1999683,Im,15.703,0.041,15.718,0.113,12.689,,9.187,,16.624,0.162,16.36,,15.472,0.199,0000,0,0nnn,-103,230,39,246,ABUU,0.145,2M
J030039.59+001200.4,45.1649923,0.200129,Im,9.301,0.022,9.337,0.02,9.266,0.035,9.133,0.502,9.652,0.023,9.45,0.025,9.349,0.019,0000,0,110n,-18,26,-81,25,AAAC,0.544,2M
J030042.18+001219.6,45.1757745,0.2054488,Im,16.311,0.06,16.28,0.206,12.348,,8.954,,,,,,,,0h00,0,1nnn,319,400,707,420,ABUU,,2M
J030043.31+001237.1,45.1804743,0.2103121,Im,17.559,0.151,17.268,0.451,12.621,,8.591,,,,,,,,0000,0,nnnn,2437,1327,1017,1420,BCUU,,2M
J030053.30+001136.2,45.2220907,0.1933969,Im,17.889,0.207,16.793,0.312,12.577,,9.02,,,,,,,,0000,0,nnnn,-2686,1529,795,1655,BBUU,,2M
J030053.09+001149.2,45.2212126,0.1970095,Im,17.589,0.168,16.981,0.367,12.679,,8.85,,,,,,,,0000,0,nnnn,383,1330,51,1428,BCUU,,2M
J030054.04+001151.8,45.2251945,0.1977322,Im,16.904,0.091,16.474,0.231,12.361,,9.009,,,,,,,,0000,0,nnnn,227,670,-313,701,ABUU,,2M
J030051.82+001134.6,45.2159438,0.1929623,Im,17.138,0.116,16.358,0.206,12.48,,8.783,,,,,,,,0000,0,nnnn,-764,817,-385,879,BBUU,,2M
J030050.22+001143.7,45.2092596,0.1954742,Im,16.845,0.088,16.514,0.239,12.695,,9.032,,,,,,,,0000,0,nnnn,256,610,163,657,ABUU,,2M
J030054.73+001155.6,45.2280453,0.198795,Im,17.912,0.21,16.988,,12.098,,8.986,,,,,,,,0000,0,nnnn,4237,1844,-886,1861,BUUU,,2M
J030057.37+001212.5,45.2390594,0.2034911,Im,15.683,0.043,15.312,0.085,11.881,,8.476,,,,,,,,0000,0,0nnn,5,214,-249,228,AAUU,,2M
J030055.40+001243.5,45.2308643,0.2121095,Im,15.784,0.047,15.504,0.102,12.23,,8.722,,,,,,,,0000,0,0nnn,-359,252,9,269,AAUU,,2M
J030051.64+001210.6,45.2151729,0.2029605,Im,17.574,0.159,16.777,,12.495,,8.678,,,,,,,,0000,0,nnnn,560,1319,2164,1389,BUUU,,2M
J030051.44+001230.3,45.2143458,0.2084365,Im,17.7,0.182,17.385,0.52,12.352,,9.099,,,,,,,,0000,0,nnnn,-827,1556,-443,1614,BCUU,,2M
J030048.88+001213.9,45.2036994,0.2038713,Im,15.779,0.045,14.594,0.056,10.386,0.07,7.599,0.133,,,,,,,0000,0,110n,-111,205,158,223,AAAB,,2M
J030053.00+001227.3,45.2208489,0.2075868,Im,16.193,0.056,15.834,0.127,12.592,,8.742,,,,,,,,0000,0,0nnn,231,330,274,355,ABUU,,2M
J030052.02+001243.5,45.2167764,0.2121092,Im,17.874,0.214,17.133,,12.298,,8.858,,,,,,,,0000,0,nnnn,-175,1774,-696,1947,BUUU,,2M
J030052.42+001300.7,45.2184368,0.2168766,Im,16.629,0.077,16.096,0.165,12.212,,8.783,,,,,,,,0000,0,nnnn,794,512,-360,535,ABUU,,2M
J030058.36+001237.4,45.2431781,0.2104001,Im,17.835,0.197,16.856,,12.551,,9.198,0.537,,,,,,,0000,0,nnnn,1477,1691,869,1801,BUUC,,2M
J030059.12+001249.8,45.2463377,0.2138346,Im,17.409,0.137,17.183,,12.482,,9.036,,,,,,,,0000,0,nnnn,75,1142,266,1233,BUUU,,2M
J030057.05+001250.7,45.2377176,0.2140983,Im,17.301,0.125,17.039,0.406,12.474,,8.945,,,,,,,,0000,0,nnnn,458,988,-256,1027,BCUU,,2M
J030058.84+001309.5,45.2451818,0.2193114,Im,17.431,0.138,17.222,0.473,11.955,,8.533,,,,,,,,0000,0,nnnn,-1623,1078,1581,1156,BCUU,,2M
J030058.21+001315.1,45.2425778,0.2208639,Im,17.238,0.121,16.824,0.316,12.521,,8.507,,,,,,,,0000,0,nnnn,446,888,-528,960,BBUU,,2M
J030101.00+001318.1,45.2541742,0.2217111,Im,17.84,0.204,17.437,,12.426,,9.06,,,,,,,,0000,0,nnnn,1628,1778,92,1887,BUUU,,2M
J030058.84+001326.9,45.2451695,0.2241652,Im,17.856,0.2,17.24,0.486,12.607,,8.826,,,,,,,,0000,0,nnnn,933,1838,943,1992,BCUU,,2M
J030101.45+001347.3,45.2560571,0.2298315,Im,16.616,0.073,16.056,0.163,12.381,,8.929,,,,,,,,0000,0,nnnn,310,498,276,525,ABUU,,2M
J030059.98+001335.4,45.2499408,0.2265115,Im,17.63,0.175,16.966,0.35,12.538,0.505,8.745,,,,,,,,0000,0,nnnn,-331,1387,17,1512,BBCU,,2M
J030055.25+001257.0,45.2302302,0.215839,Im,17.758,0.191,16.422,0.231,12.161,,8.755,,,,,,,,0000,0,nnnn,1128,1280,586,1385,BBUU,,2M
J030055.69+001310.3,45.2320672,0.2195401,Im,16.947,0.094,16.53,0.243,12.24,,8.468,,,,,,,,0000,0,nnnn,-249,662,-3,710,ABUU,,2M
J030056.15+001316.8,45.2339739,0.2213399,Im,16.518,0.069,15.919,0.14,12.638,,9.122,,,,,,,,0000,0,0nnn,136,442,-240,464,ABUU,,2M
J030056.67+001341.0,45.2361429,0.228058,Im,15.706,0.044,15.283,0.087,12.347,,8.651,,,,,,,,0000,0,0nnn,-148,248,125,261,AAUU,,2M
J030053.99+001319.9,45.2249804,0.2222209,Im,16.431,0.064,16.165,0.173,12.063,,8.67,,,,,,,,0000,0,0nnn,-59,413,213,444,ABUU,,2M
J030055.56+001330.5,45.2315378,0.2251449,Im,16.459,0.068,15.865,0.142,12.444,,8.733,,,,,,,,0000,0,0nnn,106,421,128,457,ABUU,,2M
J030055.38+001348.7,45.2307903,0.2302143,Im,17.613,0.167,16.964,,12.368,,8.895,,,,,,,,0000,0,nnnn,197,1457,-267,1562,BUUU,,2M
J030057.39+001406.9,45.2391458,0.235259,Im,17.704,0.183,17.25,0.469,12.711,,8.796,,,,,,,,0000,0,nnnn,-97,1489,-544,1611,BCUU,,2M
J030048.76+001256.9,45.2031817,0.2158106,Im,17.267,0.121,17.065,0.389,12.06,,8.804,,,,,,,,0000,0,nnnn,1338,977,-717,1039,BCUU,,2M
J030048.65+001307.0,45.202719,0.2186333,Im,17.829,0.206,16.922,,12.392,,9.074,,,,,,,,0000,0,nnnn,-125,2031,1900,2134,BUUU,,2M
J030045.51+001255.0,45.1896449,0.2152821,Im,17.76,0.194,17.422,,12.643,,9.086,,,,,,,,0000,0,nnnn,1574,1548,-861,1643,BUUU,,2M
J030048.00+001302.5,45.2000163,0.2173821,Im,17.878,0.208,16.968,,12.471,,8.733,,,,,,,,0000,0,nnnn,-252,1969,1046,2118,BUUU,,2M
J030047.63+001314.3,45.1984768,0.2206441,Im,17.772,0.19,16.867,,12.744,,9.0,,,,,,,,0000,0,nnnn,-1619,1625,-1846,1719,BUUU,,2M
J030043.78+001306.8,45.1824312,0.2185654,Im,13.569,0.024,13.6,0.032,12.249,,9.166,,14.466,0.032,13.83,0.039,13.674,0.055,0000,0,00nn,42,51,-71,53,AAUU,0.175,2M
J030045.16+001314.6,45.1881689,0.220743,Im,17.354,0.135,17.381,0.542,12.496,,9.117,,,,,,,,0000,0,nnnn,953,1054,154,1136,BCUU,,2M
J030047.14+001331.0,45.1964366,0.2252953,Im,16.727,0.081,15.591,0.111,11.937,,8.493,,,,,,,,0000,0,nnnn,198,498,-859,539,ABUU,,2M
J030046.33+001342.0,45.1930737,0.2283467,Im,17.192,0.118,16.697,0.276,12.572,,9.193,,,,,,,,0000,0,nnnn,1489,868,443,913,BBUU,,2M
J030049.12+001402.2,45.204689,0.2339459,Im,14.928,0.032,14.929,0.067,12.097,,8.65,,15.389,0.058,14.974,0.076,14.997,0.131,0000,0,00nn,1,120,-110,127,AAUU,0.222,2M
J030045.60+001353.4,45.1900291,0.2315128,Im,17.102,0.106,16.401,0.225,12.668,,8.606,,,,,,,,0000,0,nnnn,-142,784,-418,816,ABUU,,2M
J030045.97+001406.5,45.1915495,0.2351574,Im,17.349,0.134,16.81,0.299,12.406,,8.422,,,,,,,,0000,0,nnnn,1337,1033,-1397,1091,BBUU,,2M
J030052.28+001422.5,45.2178417,0.239605,Im,17.876,0.207,17.29,,12.615,,9.205,,,,,,,,0000,0,nnnn,-840,2048,1394,2156,BUUU,,2M
J030055.98+001431.4,45.2332592,0.2420664,Im,17.434,0.14,16.906,0.346,12.694,,9.075,,,,,,,,0000,0,nnnn,18,1110,386,1180,BBUU,,2M
J030053.72+001423.6,45.2238524,0.2398896,Im,17.192,0.114,16.799,0.338,12.523,,8.556,,,,,,,,0000,0,nnnn,-349,933,-392,972,BBUU,,2M
J030049.08+001422.4,45.2045192,0.2395696,Im,17.457,0.147,16.639,,12.029,,8.727,,,,,,,,0000,0,nnnn,397,1229,1918,1306,BUUU,,2M
J030050.03+001458.1,45.2084703,0.2494928,Im,17.563,0.17,16.868,0.35,11.963,,9.136,,,,,,,,0000,0,nnnn,684,1297,-295,1370,BBUU,,2M
J030051.08+001506.6,45.2128335,0.251861,Im,17.065,0.105,16.594,0.27,12.385,,9.042,,,,,,,,0000,0,nnnn,-1200,777,180,811,ABUU,,2M
J030053.14+001517.3,45.2214326,0.2548152,Im,16.299,0.06,16.009,0.151,12.135,,8.956,,,,,,,,0000,0,1nnn,-152,395,325,410,ABUU,,2M
J030052.57+001520.3,45.2190801,0.2556513,Im,16.645,0.076,15.7,0.118,12.453,0.442,8.817,,,,,,,,0000,0,0nnn,2172,476,-1466,500,ABCU,,2M
J030031.87+001138.0,45.1328219,0.1939078,Im,16.486,0.069,16.148,0.172,12.326,,9.028,,,,,,,,0000,0,0nnn,133,442,273,473,ABUU,,2M
J030030.29+001155.4,45.1262339,0.19874,Im,16.253,0.058,16.684,0.284,12.78,,8.542,,,,,,,,0000,0,0nnn,-522,380,-55,398,ABUU,,2M
J030030.95+001209.4,45.1289902,0.2026209,Im,17.146,0.118,16.765,0.291,12.491,,8.92,,,,,,,,0000,0,nnnn,-194,851,-1395,927,BBUU,,2M
J030033.34+001205.4,45.138917,0.2015199,Im,17.091,0.111,16.671,,12.457,0.439,8.795,,,,,,,,0000,0,nnnn,-84,840,-234,901,BUCU,,2M
J030032.82+001216.6,45.136762,0.204637,Im,16.426,0.064,15.98,0.149,12.123,,8.676,,,,,,,,0000,0,0nnn,434,429,241,452,ABUU,,2M
J030033.43+001223.9,45.1393192,0.2066395,Im,17.118,0.119,16.282,0.204,12.727,,9.144,,,,,,,,0000,0,nnnn,135,832,-28,880,BBUU,,2M
J030030.19+001212.0,45.1257962,0.2033604,Im,15.675,0.044,15.502,0.101,12.707,,8.957,,,,,,,,0000,0,0nnn,-69,219,120,235,AAUU,,2M
J030028.94+001236.9,45.1205857,0.2102503,Im,17.21,0.117,16.679,,12.212,,8.885,,,,,,,,0000,0,nnnn,86,933,2170,970,BUUU,,2M
J030028.71+001246.7,45.1196412,0.2129818,Im,16.806,0.086,16.546,0.256,12.673,,8.979,,,,,,,,0000,0,nnnn,-225,607,-1021,633,ABUU,,2M
J030031.36+001229.0,45.1306851,0.2080587,Im,15.289,0.037,15.254,0.08,12.638,,9.046,,15.767,0.084,15.481,0.114,15.154,,0000,0,0nnn,193,161,-15,173,AAUU,0.094,2M
J030031.86+001245.7,45.1327692,0.2127033,Im,17.173,0.115,17.197,0.447,12.194,,8.941,,,,,,,,0000,0,nnnn,698,910,260,958,BCUU,,2M
J030029.85+001243.2,45.1243956,0.2120198,Im,17.575,0.164,17.347,0.519,12.218,,9.194,,,,,,,,0000,0,nnnn,-433,1432,-607,1503,BCUU,,2M
J030031.79+001307.2,45.1324646,0.2186895,Im,16.766,0.084,16.488,0.253,12.294,,9.208,,,,,,,,0000,0,nnnn,368,592,-189,622,ABUU,,2M
J030038.04+001253.9,45.1585132,0.2149978,Im,17.101,0.102,17.118,,12.307,,9.171,,,,,,,,0000,0,nnnn,-763,786,-679,860,AUUU,,2M
J030039.33+001321.2,45.1639054,0.222559,Im,17.426,0.147,16.289,0.201,12.612,,8.521,,,,,,,,0000,0,nnnn,1933,1013,2094,1076,BBUU,,2M
J030040.54+001320.9,45.1689546,0.2224746,Im,17.365,0.137,16.755,0.308,12.789,,8.676,,,,,,,,0000,0,nnnn,126,1084,-306,1160,BBUU,,2M
J030039.82+001325.9,45.1659412,0.2238703,Im,17.184,0.121,16.493,0.249,12.582,,8.826,,,,,,,,0000,0,nnnn,-835,860,1369,919,BBUU,,2M
J030040.85+001333.3,45.1702243,0.2259239,Im,16.788,0.085,15.447,0.1,11.926,,8.539,,,,,,,,0000,0,0nnn,151,509,197,548,AAUU,,2M
J030038.33+001314.4,45.1597126,0.2206922,Im,17.715,0.182,16.804,,12.005,,8.711,,,,,,,,0000,0,nnnn,-762,1550,1654,1670,BUUU,,2M
J030036.42+001323.6,45.1517807,0.2232421,Im,17.49,0.171,17.312,,12.441,0.49,9.023,,,,,,,,0000,0,nnnn,-700,1426,-388,1612,BUCU,,2M
J030032.66+001326.7,45.1361195,0.2240967,Im,17.248,0.126,17.171,0.437,12.377,,9.127,,,,,,,,0000,0,nnnn,296,967,-1150,1000,BCUU,,2M
J030037.91+001339.8,45.1579911,0.2277431,Im,14.483,0.028,14.087,0.041,11.569,0.202,8.839,,16.558,0.179,15.814,0.145,14.958,0.134,0000,0,00nn,-97,87,169,93,AABU,0.996,2M
J030036.12+001339.3,45.1505139,0.2275968,Im,13.279,0.024,13.318,0.03,12.62,0.521,8.555,,13.869,0.029,13.459,0.032,13.447,0.045,0000,0,00nn,-19,45,-109,47,AACU,0.033,2M
J030038.01+001359.4,45.1584032,0.2331796,Im,17.819,0.21,17.152,,12.401,,9.118,,,,,,,,0000,0,nnnn,-1201,1876,560,1977,BUUU,,2M
J030035.62+001355.4,45.1484406,0.2320753,Im,15.127,0.033,15.006,0.072,11.956,,9.051,,16.291,0.124,15.596,0.127,15.661,0.252,0000,0,00nn,-50,139,-129,149,AAUU,0.726,2M
J030027.89+001308.3,45.1162193,0.2189831,Im,14.785,0.03,14.81,0.061,12.486,,9.001,,15.711,0.081,14.982,0.079,14.875,0.129,0000,0,11nn,4,108,-55,112,AAUU,0.241,2M
J030030.45+001315.6,45.1268864,0.2210246,Im,17.463,0.148,17.049,0.423,12.659,,8.737,,,,,,,,0000,0,nnnn,507,1189,-2029,1247,BCUU,,2M
J030027.44+001320.7,45.1143563,0.2224209,Im,16.787,0.085,16.84,0.326,12.471,,9.118,,,,,,,,0000,0,nnnn,169,617,408,647,ABUU,,2M
J030028.88+001349.3,45.1203629,0.2303667,Im,16.926,0.092,16.133,0.176,12.516,,9.158,,,,,,,,0000,0,0nnn,-514,648,268,689,ABUU,,2M
J030023.13+001315.7,45.0964013,0.2210366,Im,16.194,0.057,16.316,0.206,12.422,,8.837,,,,,,,,0000,0,0nnn,-440,372,417,392,ABUU,,2M
J030024.36+001322.5,45.1015408,0.2229304,Im,16.56,0.071,16.433,0.239,12.098,,9.08,,,,,,,,0000,0,nnnn,-263,505,-608,536,ABUU,,2M
J030026.98+001350.7,45.1124567,0.2307775,Im,17.233,0.124,17.336,0.533,12.743,,8.887,,,,,,,,0000,0,nnnn,-1090,937,761,978,BCUU,,2M
J030025.81+001402.3,45.1075673,0.2339918,Im,16.417,0.066,16.286,0.215,12.529,,8.651,,,,,,,,0000,0,0nnn,131,449,-211,474,ABUU,,2M
J030035.47+001419.5,45.1478019,0.2387748,Im,17.147,0.117,17.166,0.435,12.139,,9.192,,,,,,,,0000,0,nnnn,132,855,42,905,BCUU,,2M
J030035.28+001428.4,45.1470056,0.241227,Im,16.912,0.097,17.143,0.425,12.358,,9.098,,,,,,,,0000,0,nnnn,-253,695,846,749,ACUU,,2M
J030035.03+001452.5,45.1459976,0.2479323,Im,16.09,0.052,16.028,0.157,12.66,,9.212,,16.959,0.221,16.181,0.205,15.641,0.247,0000,0,0nnn,-118,330,368,348,ABUU,1.011,2M
J030033.24+001450.5,45.1385134,0.2473826,Im,16.758,0.086,16.108,0.17,12.542,,8.681,,,,,,,,0000,0,nnnn,10,622,497,649,ABUU,,2M
J030028.45+001420.2,45.1185648,0.2389586,Im,17.671,0.188,16.79,,12.697,,9.101,,,,,,,,0000,0,nnnn,561,1520,146,1574,BUUU,,2M
J030029.90+001441.8,45.1246042,0.2449711,Im,17.81,0.212,17.111,,12.473,,8.776,,,,,,,,0000,0,nnnn,-1181,1653,997,1750,BUUU,,2M
J030032.26+001518.4,45.1344287,0.255138,Im,16.933,0.103,16.286,0.203,12.748,,8.951,,,,,,,,0000,0,nnnn,755,737,-163,779,ABUU,,2M
J030041.83+001415.9,45.1743255,0.2377537,Im,17.258,0.132,16.744,,12.648,,8.93,,,,,,,,0000,0,nnnn,-543,1064,96,1118,BUUU,,2M
J030044.21+001414.9,45.1842119,0.2374857,Im,17.776,0.184,16.863,,12.51,,9.08,,,,,,,,0000,0,nnnn,-1254,1603,-1164,1684,BUUU,,2M
J030045.59+001449.4,45.1899807,0.2470632,Im,17.732,0.186,16.949,0.375,12.532,,8.923,,,,,,,,0000,0,nnnn,633,1544,-1318,1629,BCUU,,2M
J030044.32+001455.7,45.1846877,0.2488323,Im,17.4,0.138,16.912,0.342,12.509,,8.493,,,,,,,,0000,0,nnnn,24,1121,-358,1163,BBUU,,2M
J030040.94+001435.7,45.1706175,0.2432668,Im,16.96,0.101,16.828,0.35,12.282,,9.091,,,,,,,,0000,0,nnnn,-695,789,-989,830,ABUU,,2M
J030040.09+001447.4,45.1670732,0.2465234,Im,16.688,0.081,16.934,0.386,12.513,,8.954,,,,,,,,0000,0,0nnn,17,622,192,654,ACUU,,2M
J030048.77+001500.9,45.2032125,0.2502649,Im,17.751,0.191,16.39,0.221,12.752,,8.665,,,,,,,,0000,0,nnnn,464,1314,-510,1404,BBUU,,2M
J030047.89+001506.8,45.1995461,0.2518964,Im,16.085,0.051,15.929,0.149,12.303,,9.003,,,,,,,,0000,0,0nnn,0,320,0,336,ABUU,,2M
J030047.17+001505.5,45.1965669,0.2515364,Im,17.433,0.142,16.448,0.242,12.141,,9.07,,,,,,,,0000,0,nnnn,30,1061,-1379,1106,BBUU,,2M
J030045.40+001509.8,45.189202,0.252724,Im,17.737,0.182,17.106,0.433,12.138,,8.65,,,,,,,,0000,0,nnnn,-1539,1566,-436,1660,BCUU,,2M
J030046.67+001525.9,45.194484,0.2572147,Im,17.327,0.133,16.874,,12.149,,8.657,,,,,,,,0000,0,nnnn,586,1195,-460,1285,BUUU,,2M
J030051.92+001531.6,45.2163548,0.2588011,Im,17.707,0.183,16.974,,12.557,,8.62,,,,,,,,0000,0,nnnn,686,1653,211,1713,BUUU,,2M
J030052.29+001542.9,45.2178884,0.2619265,Im,17.503,0.156,16.856,,12.021,,9.023,,,,,,,,0000,0,nnnn,-1120,1326,-1250,1404,BUUU,,2M
J030049.64+001543.4,45.2068574,0.2620737,Im,16.212,0.058,16.098,0.169,12.245,,9.129,,,,,,,,0000,0,0nnn,93,371,102,386,ABUU,,2M
J030045.41+001518.6,45.1892418,0.2551732,Im,17.251,0.127,16.886,0.337,12.131,,8.794,,,,,,,,0000,0,nnnn,-119,955,2591,1012,BBUU,,2M
J030045.60+001534.0,45.1900125,0.2594701,Im,17.614,0.168,16.752,,12.442,,8.981,,,,,,,,0000,0,nnnn,-380,1446,68,1523,BUUU,,2M
J030045.98+001547.5,45.1915998,0.2632182,Im,17.333,0.135,16.643,0.283,12.231,,9.005,,,,,,,,0000,0,nnnn,-450,1027,364,1066,BBUU,,2M
J030044.23+001544.6,45.1842957,0.2624143,Im,16.485,0.068,15.903,0.136,12.201,,9.098,,,,,,,,0000,0,0nnn,-313,462,-500,482,ABUU,,2M
J030046.91+001602.9,45.1954933,0.2674859,Im,16.424,0.07,16.287,0.201,12.687,,8.978,,,,,,,,0000,0,0nnn,-102,467,344,476,ABUU,,2M
J030045.67+001610.3,45.1903073,0.2695342,Im,16.526,0.072,16.58,0.274,12.465,,8.811,,,,,,,,0000,0,0nnn,816,490,102,512,ABUU,,2M
J030037.36+001451.3,45.1557055,0.2476094,Im,17.817,0.207,16.981,,12.618,,8.489,,,,,,,,0000,0,nnnn,80,1926,-112,2039,BUUU,,2M
J030035.84+001449.1,45.1493518,0.2469952,Im,15.668,0.043,15.636,0.108,12.641,,9.215,,,,,,,,0000,0,0nnn,-180,225,-128,236,AAUU,,2M
J030036.45+001511.6,45.1518835,0.2532333,Im,16.154,0.054,15.728,0.125,11.537,0.199,8.892,0.42,,,,,,,0000,0,0nnn,-263,353,-152,373,ABBC,,2M
J030038.27+001523.1,45.1594939,0.2564396,Im,16.218,0.059,16.184,0.181,12.694,,9.246,,,,,,,,0000,0,0nnn,45,394,-300,411,ABUU,,2M
J030040.53+001531.6,45.1689053,0.2587885,Im,16.964,0.1,17.328,0.538,11.931,,9.005,,,,,,,,0000,0,nnnn,290,790,-686,829,ACUU,,2M
J030037.21+001543.2,45.1550709,0.2620269,Im,17.757,0.19,17.237,0.474,12.611,,9.257,,,,,,,,0000,0,nnnn,1126,1593,844,1672,BCUU,,2M
J030034.59+001512.2,45.1441571,0.2533901,Im,17.227,0.126,16.801,0.316,12.469,0.508,8.922,,,,,,,,0000,0,nnnn,-1402,970,102,1015,BBCU,,2M
J030032.73+001532.2,45.1364104,0.2589479,Im,16.598,0.072,16.494,0.24,12.278,,9.19,,,,,,,,0000,0,0nnn,-524,543,-25,560,ABUU,,2M
J030033.00+001551.5,45.1375145,0.2643272,Im,17.846,0.199,17.399,,12.612,,8.413,,,,,,,,0000,0,nnnn,-315,1771,796,1848,BUUU,,2M
J030034.15+001609.4,45.1423206,0.2692917,Im,17.852,0.201,17.179,,12.576,,9.12,,,,,,,,0000,0,nnnn,-1011,1786,1132,1877,BUUU,,2M
J030037.36+001613.7,45.1556953,0.2704819,Im,16.969,0.103,16.303,0.202,12.427,,8.884,,,,,,,,0000,0,nnnn,1379,716,1230,756,ABUU,,2M
J030037.95+001619.2,45.1581559,0.2720198,Im,15.851,0.047,15.601,0.112,12.297,,8.6,,,,,,,,0000,0,0nnn,-115,270,-281,284,ABUU,,2M
J030035.43+001607.6,45.1476498,0.2687902,Im,16.672,0.075,16.376,0.215,12.168,,9.127,,,,,,,,0000,0,0nnn,71,557,180,589,ABUU,,2M
J030036.70+001627.0,45.1529502,0.274182,Im,16.987,0.099,16.729,0.288,12.759,,9.044,,,,,,,,0000,0,nnnn,-1062,760,815,795,ABUU,,2M
J030042.53+001608.6,45.1772186,0.26908,Im,16.813,0.087,15.898,0.142,12.545,0.489,8.577,,,,,,,,0000,0,nnnn,240,565,371,595,ABCU,,2M
J030043.19+001622.1,45.1799729,0.2728089,Im,17.566,0.176,16.76,0.294,12.636,,8.581,,,,,,,,0000,0,nnnn,598,1232,284,1304,BBUU,,2M
J030041.44+001610.5,45.1726978,0.2695889,Im,17.593,0.157,17.119,,12.397,,8.767,,,,,,,,0000,0,nnnn,-2772,1412,-1358,1466,BUUU,,2M
J030039.81+001614.7,45.1658919,0.2707523,Im,17.148,0.118,16.897,0.344,12.596,0.509,8.545,,,,,,,,0000,0,nnnn,-408,909,556,966,BBCU,,2M
J030040.93+001621.7,45.1705462,0.272696,Im,17.8,0.198,16.692,,12.587,,8.754,,,,,,,,0000,0,nnnn,-279,1729,-1688,1848,BUUU,,2M
J030045.22+001628.9,45.1884553,0.2746968,Im,15.457,0.038,15.196,0.079,11.856,0.314,8.995,,,,,,,,0000,0,0nnn,110,200,-9,207,AABU,,2M
J030044.24+001643.9,45.1843718,0.2788743,Im,17.172,0.117,16.718,0.315,12.184,,8.623,,,,,,,,0000,0,nnnn,442,887,-416,945,BBUU,,2M
J030043.57+001647.4,45.1815634,0.2798358,Im,17.554,0.163,16.98,0.372,12.397,,9.022,,,,,,,,0000,0,nnnn,1407,1393,-18,1467,BCUU,,2M
J030045.26+001656.6,45.1885918,0.2824118,Im,15.307,0.035,13.849,0.036,10.646,0.089,8.093,0.222,,,,,,,0000,0,001n,-80,147,-23,150,AAAB,,2M
J030044.23+001701.4,45.1843312,0.2837446,Im,17.333,0.133,16.577,0.264,12.63,,8.383,,,,,,,,0000,0,nnnn,154,1037,-587,1102,BBUU,,2M
J030040.18+001623.1,45.1674364,0.2730871,Im,17.098,0.11,17.058,0.385,12.636,,8.99,0.527,,,,,,,0000,0,nnnn,190,871,429,910,BCUC,,2M
J030038.76+001626.0,45.1615151,0.2739144,Im,17.545,0.161,17.084,0.438,12.456,,8.534,,,,,,,,0000,0,nnnn,491,1332,-2248,1434,BCUU,,2M
J030040.53+001646.7,45.1689157,0.2796465,Im,16.258,0.058,16.173,0.171,12.48,,8.437,,,,,,,,0000,0,0nnn,66,386,520,402,ABUU,,2M
J030038.85+001648.9,45.161884,0.2802745,Im,16.213,0.058,16.282,0.187,12.269,,8.413,,,,,,,,0000,0,0nnn,-110,379,-312,397,ABUU,,2M
J030042.28+001649.4,45.1761893,0.2804126,Im,17.679,0.189,16.801,0.316,12.618,,8.983,,,,,,,,0000,0,nnnn,-364,1475,296,1555,BBUU,,2M
J030043.15+001713.3,45.1798214,0.2870325,Im,16.628,0.076,16.109,0.167,12.182,,8.816,,,,,,,,0000,0,1nnn,-300,519,44,544,ABUU,,2M
J030041.06+001715.0,45.1710873,0.2875183,Im,16.482,0.071,16.109,0.168,12.761,,8.957,,,,,,,,0000,0,0nnn,-353,458,-494,480,ABUU,,2M
J030042.89+001741.0,45.1787289,0.2947308,Im,15.478,0.04,15.29,0.087,11.393,0.159,8.656,,,,,,,,0000,0,0nnn,61,193,252,202,AABU,,2M
J030102.68+001344.2,45.2612038,0.228955,Im,17.481,0.143,16.908,,12.527,,8.847,,,,,,,,0000,0,nnnn,920,1143,379,1229,BUUU,,2M
J030104.10+001351.6,45.2670869,0.2310176,Im,15.586,0.039,15.964,0.151,12.271,0.348,9.087,,16.631,0.143,15.774,0.173,15.499,,0000,0,0nnn,-12,224,221,234,ABBU,0.192,2M
J030102.65+001353.3,45.2610534,0.2314824,Im,16.768,0.084,16.533,0.249,12.47,0.492,8.871,,,,,,,,0000,0,nnnn,-24,609,-248,639,ABCU,,2M
J030106.39+001416.0,45.2766335,0.2377878,Im,14.654,0.029,14.62,0.056,12.577,,9.033,,15.095,0.044,14.777,0.071,14.736,0.124,0000,0,11nn,54,97,-12,102,AAUU,0.144,2M
J030108.30+001434.6,45.2845898,0.2429717,Im,17.017,0.106,16.243,0.192,12.219,,9.08,,,,,,,,0000,0,nnnn,370,731,-372,779,ABUU,,2M
J030106.16+001500.9,45.2757012,0.2502546,Im,17.674,0.174,16.985,0.377,12.471,0.422,9.159,,,,,,,,0000,0,nnnn,-216,1413,1056,1517,BCCU,,2M
J030101.30+001414.0,45.2554424,0.2372225,Im,17.333,0.139,16.683,0.285,12.711,,8.863,,,,,,,,0000,0,nnnn,-762,1069,722,1124,BBUU,,2M
J030100.04+001416.6,45.2501678,0.2379574,Im,16.417,0.067,16.657,0.291,11.952,,8.409,,,,,,,,0000,0,0nnn,-178,459,-76,492,ABUU,,2M
J030059.60+001418.1,45.2483546,0.2383861,Im,17.414,0.15,16.9,0.38,12.327,,8.401,,,,,,,,0000,0,nnnn,-899,1138,-2096,1218,BCUU,,2M
J030101.81+001437.1,45.2575821,0.2436556,Im,17.49,0.161,17.102,,12.547,,8.967,,,,,,,,0000,0,nnnn,-712,1178,367,1278,BUUU,,2M
J030100.05+001434.4,45.2502249,0.2429052,Im,16.16,0.054,16.813,0.339,12.504,,8.818,,,,,,,,0000,0,0nnn,-306,352,-188,373,ABUU,,2M
J030059.16+001434.5,45.246523,0.2429346,Im,16.266,0.062,15.879,0.148,12.188,,8.632,,,,,,,,0000,0,0nnn,27,390,-330,420,ABUU,,2M
J030058.08+001433.6,45.2420186,0.2426693,Im,17.394,0.146,16.635,,12.682,0.517,8.552,,,,,,,,0000,0,nnnn,916,1169,757,1240,BUCU,,2M
J030103.83+001441.6,45.2659965,0.2449075,Im,16.175,0.058,15.046,0.074,11.9,0.247,8.367,,,,,,,,0000,0,00nn,-53,306,64,325,AABU,,2M
J030104.62+001505.4,45.2692603,0.2515086,Im,16.459,0.067,16.296,0.194,11.716,0.218,8.838,,,,,,,,0000,0,1nnn,-321,439,-84,474,ABBU,,2M
J030102.13+001504.3,45.2589006,0.2511953,Im,16.786,0.09,16.816,0.319,12.708,,8.239,,,,,,,,0000,0,nnnn,978,614,-184,645,ABUU,,2M
J030102.53+001514.1,45.2605753,0.2539422,Im,17.136,0.111,16.949,0.407,12.65,,8.341,,,,,,,,0000,0,nnnn,1210,787,-2250,832,BCUU,,2M
J030109.13+001447.5,45.2880479,0.2465385,Im,17.464,0.156,17.042,0.398,12.42,,9.142,,,,,,,,0000,0,nnnn,662,1153,25,1237,BCUU,,2M
J030108.01+001444.0,45.2833931,0.2455563,Im,17.408,0.146,16.879,0.345,12.424,,8.89,,,,,,,,0000,0,nnnn,89,1185,-1876,1272,BBUU,,2M
J030110.48+001530.6,45.2937027,0.258501,Im,17.033,0.109,17.16,0.448,12.024,,9.011,,,,,,,,0000,0,nnnn,-134,827,140,870,ACUU,,2M
J030112.48+001534.6,45.3020009,0.2596294,Im,16.577,0.072,16.101,0.165,12.727,,9.039,,,,,,,,0000,0,0nnn,302,482,32,507,ABUU,,2M
J030110.84+001538.6,45.2951702,0.2607469,Im,16.73,0.088,16.3,0.216,12.475,,8.878,,,,,,,,0000,0,nnnn,946,592,-800,617,ABUU,,2M
J030104.72+001538.8,45.2696865,0.2607805,Im,16.93,0.191,16.337,0.311,11.75,,8.973,,,,,,,,0000,0,nnnn,-1013,969,1112,1227,BBUU,,2M
J030103.68+001542.6,45.2653503,0.2618611,Im,13.63,0.026,13.601,0.036,12.4,,7.852,,14.647,0.037,13.927,0.053,13.748,0.058,0000,0,nnnn,80,49,-85,50,AAUU,0.162,2M
J030104.11+001543.5,45.2671415,0.262105,Im,14.995,0.051,14.683,0.071,11.708,,8.493,,,,,,,,0000,0,nnnn,,,,,AAUU,,2M
J030106.87+001559.3,45.2786617,0.2664814,Im,17.668,0.19,17.26,0.486,12.635,,8.836,,,,,,,,0000,0,nnnn,94,1507,-879,1598,BCUU,,2M
J030105.12+001600.9,45.2713381,0.2669352,Im,17.03,0.103,16.772,0.308,12.503,,9.044,,,,,,,,0000,0,nnnn,-44,761,-440,805,ABUU,,2M
J030110.39+001611.1,45.293313,0.2697523,Im,17.613,0.171,16.975,,12.256,,8.705,,,,,,,,0000,0,nnnn,544,1443,96,1526,BUUU,,2M
J030106.51+001620.8,45.2771525,0.2724616,Im,16.315,0.062,16.179,0.18,12.219,,8.615,,,,,,,,0000,0,0nnn,-356,406,49,425,ABUU,,2M
J030109.21+001623.2,45.2883899,0.2731281,Im,16.994,0.105,16.091,0.169,12.263,,8.941,,,,,,,,0000,0,nnnn,-468,715,388,767,ABUU,,2M
J030109.62+001630.7,45.2900947,0.2752171,Im,17.381,0.149,16.34,0.207,11.967,,8.343,,,,,,,,0000,0,nnnn,-165,1043,-981,1107,BBUU,,2M
J030058.43+001451.7,45.2434896,0.247711,Im,17.433,0.154,15.957,0.155,12.003,,8.375,,,,,,,,0000,0,nnnn,-1062,914,-533,979,BBUU,,2M
J030059.26+001456.1,45.2469183,0.2489365,Im,16.287,0.06,16.194,0.196,12.19,0.392,8.745,0.456,,,,,,,0000,0,0nnn,-717,413,-231,427,ABCC,,2M
J030058.69+001504.2,45.2445725,0.2511707,Im,17.331,0.139,16.699,,11.955,,8.627,,,,,,,,0000,0,nnnn,-524,1124,-1511,1185,BUUU,,2M
J030056.19+001505.9,45.2341598,0.2516424,Im,17.344,0.139,17.127,0.43,12.396,,8.867,,,,,,,,0000,0,nnnn,-772,1083,2086,1138,BCUU,,2M
J030055.58+001503.8,45.2315875,0.2510715,Im,17.213,0.122,16.336,0.204,11.953,,9.039,,,,,,,,0000,0,nnnn,-109,854,-85,905,BBUU,,2M
J030058.39+001524.0,45.2433112,0.2566714,Im,17.446,0.153,17.07,,12.517,0.516,9.035,,,,,,,,0000,0,nnnn,-1685,1231,-437,1307,BUCU,,2M
J030057.72+001523.1,45.2405345,0.2564186,Im,17.605,0.178,16.893,0.379,12.599,,9.092,,,,,,,,0000,0,nnnn,487,1370,-2593,1462,BCUU,,2M
J030101.98+001530.0,45.2582816,0.2583393,Im,15.932,0.051,15.698,0.129,12.664,,8.616,,,,,,,,0000,0,0nnn,-21,277,-108,290,ABUU,,2M
J030101.19+001541.0,45.2549698,0.2613897,Im,17.762,0.198,16.98,,12.559,,8.719,,,,,,,,0000,0,nnnn,591,1792,-141,1908,BUUU,,2M
J030059.02+001538.2,45.2459273,0.2606312,Im,17.357,0.134,17.073,0.431,11.7,,8.465,,,,,,,,0000,0,nnnn,-1016,1050,-114,1101,BCUU,,2M
J030100.66+001552.2,45.2527809,0.2645198,Im,15.16,0.034,15.0,0.078,12.115,0.367,8.933,,16.114,0.103,15.714,0.145,15.385,0.184,0000,0,01nn,212,150,61,158,AACU,0.147,2M
J030100.02+001604.6,45.2500904,0.2679489,Im,17.277,0.132,16.975,0.395,12.209,,8.486,,,,,,,,0000,0,nnnn,-158,1018,51,1074,BCUU,,2M
J030056.16+001519.5,45.2340102,0.2554218,Im,17.276,0.127,16.87,0.336,12.67,,9.011,,,,,,,,0000,0,nnnn,1177,952,163,1008,BBUU,,2M
J030054.69+001531.0,45.2279083,0.2586369,Im,16.813,0.09,16.061,0.168,12.572,,8.357,,,,,,,,0000,0,nnnn,1282,605,-207,637,ABUU,,2M
J030055.49+001528.9,45.2312448,0.258033,Im,17.018,0.103,15.912,0.145,12.359,,8.98,,,,,,,,0000,0,nnnn,-532,663,149,706,ABUU,,2M
J030053.90+001530.2,45.2246186,0.2584037,Im,17.074,0.105,16.041,0.152,12.611,,8.401,,,,,,,,0000,0,nnnn,-151,723,121,759,ABUU,,2M
J030058.02+001542.4,45.2417601,0.2617941,Im,15.917,0.051,15.571,0.115,11.933,0.282,8.653,,,,,,,,0000,0,1nnn,37,294,133,311,ABBU,,2M
J030103.38+001613.0,45.2640949,0.2702998,Im,17.228,0.127,16.942,0.38,12.633,,9.147,,,,,,,,0000,0,nnnn,1582,932,600,979,BCUU,,2M
J030101.03+001609.1,45.2542999,0.2691963,Im,15.588,0.041,15.147,0.076,11.824,0.271,8.864,,,,,,,,0000,0,01nn,-191,216,-29,225,AABU,,2M
J030104.06+001625.2,45.2669379,0.2736686,Im,15.487,0.04,15.29,0.09,12.611,,8.561,,,,,,,,0000,0,0nnn,-60,195,270,206,AAUU,,2M
J030103.03+001632.4,45.2626474,0.275688,Im,16.752,0.085,16.88,,12.525,,8.827,,,,,,,,0000,0,nnnn,362,624,722,642,AUUU,,2M
J030103.10+001642.3,45.2629323,0.2784396,Im,17.03,0.105,16.719,0.316,12.553,,9.022,,,,,,,,0000,0,nnnn,-153,791,-444,834,ABUU,,2M
J030106.53+001633.0,45.2772256,0.2758447,Im,16.417,0.066,16.238,0.195,12.62,,8.933,,,,,,,,0000,0,0nnn,0,429,0,456,ABUU,,2M
J030105.92+001639.2,45.2747028,0.2775634,Im,16.941,0.101,16.429,0.234,12.216,,8.511,,,,,,,,0000,0,nnnn,-67,705,984,742,ABUU,,2M
J030100.31+001626.0,45.251327,0.2739131,Im,17.161,0.114,16.787,0.345,12.208,,8.986,,,,,,,,0000,0,nnnn,-428,926,470,976,BBUU,,2M
J030058.20+001646.6,45.2425042,0.2796249,Im,17.767,0.206,17.354,,12.27,,8.942,,,,,,,,0000,0,nnnn,-1142,1664,-916,1774,BUUU,,2M
J030101.21+001659.1,45.2550539,0.2830889,Im,16.697,0.084,16.201,0.187,12.571,,8.983,,,,,,,,0000,0,0nnn,64,581,153,605,ABUU,,2M
J030101.39+001708.4,45.2558182,0.2856831,Im,17.177,0.118,17.139,0.459,12.572,,8.925,,,,,,,,0000,0,nnnn,868,969,168,1008,BCUU,,2M
J030101.36+001725.4,45.2556996,0.2904152,Im,13.476,0.024,13.269,0.028,11.965,,8.681,,14.528,0.037,13.943,0.039,13.711,0.048,0000,0,11nn,0,48,-166,49,AAUU,0.809,2M
J030113.34+001550.8,45.3055835,0.2641164,Im,15.457,0.039,15.492,0.106,12.592,,9.095,,16.331,0.114,15.711,0.163,15.297,,0000,0,0nnn,324,190,372,198,AAUU,0.596,2M
J030113.94+001608.6,45.3081013,0.2690719,Im,16.826,0.09,16.345,0.216,12.28,,8.751,,,,,,,,0000,0,nnnn,-225,665,-380,702,ABUU,,2M
J030115.52+001602.1,45.3146991,0.2672561,Im,17.866,0.211,16.905,,12.239,,8.664,,,,,,,,0000,0,nnnn,-65,1998,493,2107,BUUU,,2M
J030114.70+001621.9,45.3112586,0.2727522,Im,17.517,0.169,16.807,0.332,12.284,,8.248,,,,,,,,0000,0,nnnn,2244,1286,859,1361,BBUU,,2M
J030111.81+001607.9,45.2992342,0.2688734,Im,16.787,0.088,16.58,0.277,12.196,0.384,8.946,,,,,,,,0000,0,nnnn,-56,626,355,662,ABCU,,2M
J030113.45+001637.1,45.3060513,0.2769831,Im,17.401,0.145,17.044,0.38,12.098,,8.988,,,,,,,,0000,0,nnnn,25,1224,828,1334,BCUU,,2M
J030116.38+001639.0,45.3182845,0.2775203,Im,12.825,0.023,12.865,0.025,12.044,,8.975,,13.303,0.024,12.963,0.028,12.87,0.033,0000,0,00nn,-76,39,-34,39,AAUU,0.181,2M
J030118.59+001642.0,45.3274899,0.278345,Im,16.183,0.056,16.619,0.281,12.102,,9.07,,,,,,,,0000,0,0nnn,-301,378,-139,391,ABUU,,2M
J030115.17+001635.7,45.3132432,0.2765964,Im,17.559,0.167,16.282,0.196,12.142,,9.046,,,,,,,,0000,0,nnnn,-744,1137,-526,1222,BBUU,,2M
J030111.22+001619.7,45.296757,0.2721406,Im,17.577,0.17,17.292,0.523,11.998,,8.94,,,,,,,,0000,0,nnnn,-277,1518,-126,1583,BCUU,,2M
J030111.09+001628.9,45.2962337,0.274702,Im,17.028,0.107,16.721,,11.994,,9.084,,,,,,,,0000,0,nnnn,874,790,-475,835,AUUU,,2M
J030111.64+001630.3,45.2985275,0.275099,Im,17.432,0.152,16.839,,12.101,,8.411,,,,,,,,0000,0,nnnn,-237,1242,-1304,1318,BUUU,,2M
J030110.50+001640.0,45.2937773,0.2777896,Im,16.09,0.056,15.672,0.117,12.289,,9.182,,,,,,,,0000,0,1nnn,-581,321,-178,340,ABUU,,2M
J030111.02+001650.8,45.2959203,0.2808048,Im,16.046,0.053,15.357,0.09,12.5,,8.996,,,,,,,,0000,0,0nnn,-69,300,150,316,AAUU,,2M
J030111.75+001711.3,45.2989614,0.2864823,Im,16.88,0.096,16.111,0.181,12.095,,8.677,,,,,,,,0000,0,nnnn,-244,690,181,731,ABUU,,2M
J030113.03+001657.8,45.3042946,0.2827469,Im,17.628,0.173,16.417,0.224,12.126,,8.758,,,,,,,,0000,0,nnnn,-226,1362,380,1457,BBUU,,2M
J030114.57+001728.0,45.3107386,0.2911223,Im,17.199,0.116,16.84,0.321,11.951,,8.939,,,,,,,,0000,0,nnnn,220,869,-1128,916,BBUU,,2M
J030119.51+001707.1,45.3313324,0.2853114,Im,17.713,0.201,16.724,0.303,12.506,,8.918,,,,,,,,0000,0,nnnn,-621,1514,845,1604,BBUU,,2M
J030120.03+001741.6,45.3334908,0.294903,Im,17.549,0.162,16.664,,11.884,,8.874,,,,,,,,0000,0,nnnn,43,1466,800,1523,BUUU,,2M
J030121.39+001726.0,45.3391356,0.2905833,Im,15.433,0.039,14.817,0.059,11.469,0.224,8.79,,,,,,,,0000,0,11nn,302,191,-102,200,AABU,,2M
J030121.72+001743.7,45.3405328,0.2954861,Im,16.283,0.062,16.426,0.224,11.882,,9.128,,,,,,,,0000,0,0nnn,-80,398,-112,421,ABUU,,2M
J030123.47+001751.9,45.3478272,0.2977741,Im,16.595,0.072,16.254,0.205,12.492,,9.165,,,,,,,,0000,0,0nnn,33,508,357,531,ABUU,,2M
J030123.06+001757.9,45.3460952,0.2994402,Im,16.205,0.059,16.136,0.18,12.433,0.486,9.146,,,,,,,,0000,0,0nnn,-168,375,-253,400,ABCU,,2M
J030120.86+001756.7,45.3369219,0.2991002,Im,15.035,0.033,14.843,0.062,12.581,,8.612,,,,,,,,0000,0,00nn,105,130,128,137,AAUU,,2M
J030121.10+001818.4,45.3379189,0.3051191,Im,17.297,0.122,16.542,0.241,12.073,,8.941,,,,,,,,0000,0,nnnn,-974,943,-390,997,BBUU,,2M
J030121.90+001814.0,45.3412664,0.3038997,Im,17.516,0.149,17.377,0.53,12.485,,8.666,,,,,,,,0000,0,nnnn,280,1317,-838,1388,BCUU,,2M
J030116.19+001734.0,45.317474,0.2927878,Im,16.011,0.051,15.791,0.125,12.262,0.387,8.49,,,,,,,,0000,0,0nnn,277,305,446,319,ABCU,,2M
J030117.18+001745.7,45.3215936,0.29605,Im,13.6,0.024,13.51,0.031,12.568,,9.102,,14.597,0.03,13.92,0.03,13.615,0.049,0000,0,00nn,35,52,-75,53,AAUU,0.22,2M
J030117.81+001755.4,45.3242497,0.2987269,Im,16.173,0.056,16.187,0.192,12.575,,9.057,,,,,,,,0000,0,0nnn,177,350,-344,368,ABUU,,2M
J030114.60+001754.3,45.3108445,0.2984288,Im,16.166,0.055,16.222,0.187,12.625,0.516,8.922,,,,,,,,0000,0,0nnn,-563,340,5,355,ABCU,,2M
J030115.03+001808.0,45.3126563,0.3022348,Im,16.585,0.076,16.479,0.245,12.66,,9.144,,,,,,,,0000,0,0nnn,-361,512,-300,543,ABUU,,2M
J030116.05+001813.4,45.3168967,0.3037341,Im,16.848,0.095,16.865,0.329,12.269,,9.034,,,,,,,,0000,0,nnnn,-219,699,537,717,ABUU,,2M
J030120.34+001811.8,45.3347878,0.3032831,Im,17.21,0.123,16.693,,11.994,,8.748,,,,,,,,0000,0,nnnn,-397,928,-299,966,BUUU,,2M
J030118.85+001810.3,45.328564,0.30288,Im,17.162,0.121,16.453,0.239,12.658,,8.831,,,,,,,,0000,0,nnnn,-473,892,-285,933,BBUU,,2M
J030118.27+001815.3,45.3261538,0.304268,Im,16.341,0.066,16.162,0.192,12.605,,8.997,,,,,,,,0000,0,0nnn,-82,416,-378,431,ABUU,,2M
J030119.98+001824.8,45.3332626,0.30689,Im,16.479,0.066,16.903,0.34,12.388,,8.161,,,,,,,,0000,0,0nnn,88,473,-262,494,ABUU,,2M
J030107.80+001724.0,45.2825289,0.2900038,Im,17.267,0.142,17.173,0.451,12.627,,8.988,,,,,,,,0000,0,nnnn,-988,1118,1004,1160,BCUU,,2M
J030106.90+001720.1,45.2787763,0.2889406,Im,16.926,0.102,17.104,0.426,12.664,,8.591,,,,,,,,0000,0,nnnn,-617,763,368,817,ACUU,,2M
J030111.62+001729.5,45.2984308,0.2915483,Im,17.396,0.144,17.243,,11.917,,8.439,,,,,,,,0000,0,nnnn,-218,1180,2485,1249,BUUU,,2M
J030110.77+001732.9,45.2948755,0.2924943,Im,17.719,0.19,17.398,,12.624,,8.864,,,,,,,,0000,0,nnnn,547,1607,-1023,1691,BUUU,,2M
J030110.94+001741.2,45.2955981,0.2948004,Im,17.101,0.112,17.134,0.442,12.718,,9.119,,,,,,,,0000,0,nnnn,-653,871,299,904,BCUU,,2M
J030110.67+001759.0,45.2944975,0.2997318,Im,17.045,0.108,16.934,0.353,11.929,0.262,8.942,,,,,,,,0000,0,nnnn,800,800,-214,853,ABBU,,2M
J030109.01+001750.1,45.2875617,0.2972676,Im,17.885,0.213,17.383,,11.901,,8.885,,,,,,,,0000,0,nnnn,-332,1647,1826,1760,BUUU,,2M
J030111.89+001810.5,45.2995815,0.302924,Im,15.286,0.036,15.117,0.075,12.177,,8.635,,,,,,,,0000,0,11nn,0,166,0,175,AAUU,,2M
J030105.52+001737.4,45.2730136,0.2937385,Im,17.355,0.132,16.863,0.329,12.124,,8.636,,,,,,,,0000,0,nnnn,-428,1027,836,1085,BBUU,,2M
J030105.83+001752.9,45.2742983,0.2980374,Im,17.473,0.156,17.117,0.412,12.76,,9.169,,,,,,,,0000,0,nnnn,-131,1316,-211,1365,BCUU,,2M
J030106.17+001816.6,45.2757448,0.3046358,Im,16.669,0.078,16.261,0.192,12.688,,9.147,,,,,,,,P000,0,nnnn,1734,599,-2905,621,ABUU,,2M
J030108.94+001827.3,45.2872739,0.3075942,Im,17.558,0.159,17.108,0.408,11.911,,9.066,,,,,,,,0000,0,nnnn,390,1265,974,1355,BCUU,,2M
J030110.05+001842.0,45.2919012,0.3116838,Im,16.531,0.072,15.747,0.131,12.046,,8.543,,,,,,,,0000,0,0nnn,-146,468,-561,490,ABUU,,2M
J030107.73+001833.5,45.2822459,0.3093091,Im,15.837,0.046,16.024,0.155,11.878,,9.131,,16.478,0.143,16.135,0.24,15.388,0.209,0000,0,0nnn,-166,264,409,276,ABUU,0.382,2M
J030114.40+001817.5,45.31003,0.3048787,Im,16.819,0.09,17.23,0.458,12.638,,9.018,,,,,,,,0000,0,nnnn,359,633,207,663,ACUU,,2M
J030113.53+001845.0,45.3063966,0.3125089,Im,16.914,0.092,16.266,0.195,12.704,,8.734,,,,,,,,0000,0,nnnn,-1946,624,390,655,ABUU,,2M
J030118.07+001858.4,45.3252978,0.3162369,Im,16.982,0.101,16.888,0.341,12.253,0.372,8.649,,,,,,,,0000,0,nnnn,-576,734,844,764,ABCU,,2M
J030117.88+001915.4,45.3245029,0.3209502,Im,17.038,0.102,16.781,0.303,12.438,0.513,8.755,,,,,,,,0000,0,nnnn,1867,731,-962,762,ABCU,,2M
J030112.72+001914.6,45.3030292,0.3207368,Im,17.296,0.128,16.624,0.275,12.492,0.454,8.794,,,,,,,,0000,0,nnnn,174,937,-2732,975,BBCU,,2M
J030110.18+001918.1,45.2924536,0.3217168,Im,17.458,0.154,16.842,,12.212,,8.897,,,,,,,,0000,0,nnnn,371,1283,-287,1341,BUUU,,2M
J030115.25+001924.2,45.3135622,0.3234093,Im,17.789,0.187,17.424,,12.698,,8.489,,,,,,,,0000,0,nnnn,467,1801,-1358,1906,BUUU,,2M
J030111.43+001931.9,45.2976288,0.325555,Im,17.633,0.182,16.785,,12.654,,9.124,,,,,,,,0000,0,nnnn,-330,1584,-201,1648,BUUU,,2M
J030114.29+001944.0,45.3095711,0.3288907,Im,16.596,0.072,16.395,0.213,12.073,,9.009,,,,,,,,0000,0,0nnn,47,507,-30,530,ABUU,,2M
J030112.87+001956.0,45.3036571,0.332228,Im,16.079,0.055,15.809,0.131,12.461,,8.975,,,,,,,,0000,0,0nnn,-260,319,-92,337,ABUU,,2M
J030053.43+001631.8,45.2226555,0.2755048,Im,17.291,0.145,16.124,0.163,11.859,,8.935,,,,,,,,0000,0,nnnn,-162,943,869,1004,BBUU,,2M
J030056.03+001648.0,45.2334776,0.2800058,Im,16.471,0.069,16.242,0.197,12.393,,8.944,,,,,,,,0000,0,1nnn,573,496,94,518,ABUU,,2M
J030054.99+001654.6,45.2291601,0.2818583,Im,16.635,0.081,16.372,0.235,12.333,0.421,8.811,,,,,,,,0000,0,0nnn,526,576,-529,602,ABCU,,2M
J030050.84+001631.4,45.2118672,0.2754139,Im,16.992,0.106,16.726,0.298,12.222,,9.057,,,,,,,,0000,0,nnnn,766,754,-381,788,ABUU,,2M
J030052.61+001646.1,45.2192385,0.2794815,Im,16.833,0.09,16.779,,12.079,,9.082,,,,,,,,0000,0,nnnn,-170,674,-1725,707,AUUU,,2M
J030049.15+001657.7,45.2047929,0.2827031,Im,16.326,0.062,16.029,0.153,12.635,,8.969,,,,,,,,0000,0,0nnn,-274,414,380,434,ABUU,,2M
J030050.92+001700.6,45.2122031,0.283518,Im,17.352,0.131,16.983,0.382,11.998,,8.715,,,,,,,,0000,0,nnnn,40,1090,245,1147,BCUU,,2M
J030049.73+001714.7,45.2072421,0.2874314,Im,15.063,0.034,14.619,0.054,11.113,0.139,8.54,0.276,,,,,,,0000,0,00nn,-261,145,-154,150,AABB,,2M
J030053.96+001713.2,45.2248443,0.2870126,Im,17.876,0.215,17.399,,12.488,,9.064,,,,,,,,0000,0,nnnn,262,2089,-844,2168,BUUU,,2M
J030053.84+001728.1,45.2243541,0.2911586,Im,17.707,0.188,16.626,0.284,12.55,0.524,8.481,,,,,,,,0000,0,nnnn,897,1412,-161,1537,BBCU,,2M
J030057.29+001658.7,45.2387253,0.2829976,Im,16.076,0.055,15.857,0.139,12.5,,8.842,,,,,,,,0000,0,0nnn,-68,324,381,344,ABUU,,2M
J030057.78+001704.0,45.2407895,0.2844482,Im,15.454,0.037,15.141,0.084,12.693,,8.859,,,,,,,,0000,0,1nnn,-139,186,-467,192,AAUU,,2M
J030059.78+001714.4,45.2491152,0.2873425,Im,16.311,0.062,16.269,0.194,12.549,0.521,9.087,,,,,,,,0000,0,0nnn,-76,413,148,431,ABCU,,2M
J030056.01+001714.0,45.2334143,0.287226,Im,17.045,0.107,16.842,,12.519,,8.971,,,,,,,,0000,0,nnnn,231,797,377,852,AUUU,,2M
J030058.39+001736.5,45.2432988,0.2934723,Im,17.112,0.112,16.767,,12.473,0.431,8.904,,,,,,,,0000,0,nnnn,658,866,211,909,BUCU,,2M
J030058.00+001747.2,45.2416725,0.2964708,Im,16.59,0.07,16.5,0.244,12.242,,8.808,,,,,,,,0000,0,0nnn,-456,512,402,532,ABUU,,2M
J030101.69+001741.4,45.2570617,0.2948448,Im,16.779,0.084,16.472,0.233,12.078,,8.919,,,,,,,,0000,0,0nnn,548,621,-506,653,ABUU,,2M
J030101.68+001803.8,45.2570155,0.3010823,Im,15.306,0.036,15.222,0.084,12.777,0.54,8.948,,,,,,,,0000,0,00nn,9,168,221,175,AACU,,2M
J030054.36+001734.9,45.2265207,0.2930396,Im,17.304,0.133,16.791,0.34,12.285,,8.623,,,,,,,,0000,0,nnnn,748,1079,697,1147,BBUU,,2M
J030055.53+001752.1,45.2313949,0.2978082,Im,16.644,0.077,15.972,0.164,11.91,0.282,8.544,,,,,,,,0000,0,1nnn,-481,532,-209,561,ABBU,,2M
J030056.44+001806.5,45.2351942,0.3018098,Im,16.363,0.062,15.86,0.139,12.354,,9.033,,,,,,,,0000,0,0nnn,-51,401,522,416,ABUU,,2M
J030055.87+001804.9,45.2328025,0.3013676,Im,16.11,0.05,15.693,0.121,12.484,,9.019,,,,,,,,0000,0,0nnn,492,314,-182,327,ABUU,,2M
J030054.34+001813.5,45.2264276,0.3037602,Im,17.735,0.186,16.896,,11.919,,8.988,,,,,,,,0000,0,nnnn,-51,1760,467,1856,BUUU,,2M
J030057.83+001815.5,45.2409767,0.3043287,Im,17.407,0.134,17.356,,12.555,,8.922,,,,,,,,0000,0,nnnn,-1035,1128,-174,1172,BUUU,,2M
J030057.72+001834.4,45.2405181,0.3095681,Im,17.678,0.187,17.204,,12.352,,9.145,,,,,,,,0000,0,nnnn,-1744,1520,2775,1598,BUUU,,2M
J030047.95+001723.1,45.1997921,0.2897548,Im,17.559,0.169,16.82,0.335,12.542,,8.667,,,,,,,,0000,0,nnnn,-757,1245,-2194,1324,BBUU,,2M
J030050.16+001728.0,45.2090333,0.291131,Im,16.662,0.08,15.461,0.104,12.534,0.479,8.454,,,,,,,,0000,0,0nnn,-412,448,-1440,474,AACU,,2M
J030050.72+001804.8,45.2113354,0.3013427,Im,17.516,0.158,16.88,,12.557,,8.649,,,,,,,,0000,0,nnnn,159,1322,-2522,1370,BUUU,,2M
J030049.45+001809.1,45.2060444,0.3025513,Im,17.76,0.201,16.847,,12.588,,8.705,,,,,,,,0000,0,nnnn,-149,1773,-122,1887,BUUU,,2M
J030044.55+001744.4,45.1856467,0.2956876,Im,17.701,0.182,17.098,,12.255,,9.202,,,,,,,,0000,0,nnnn,-1010,1634,2882,1703,BUUU,,2M
J030047.26+001752.4,45.1969388,0.2978952,Im,17.722,0.188,16.727,,12.445,,8.58,,,,,,,,0000,0,nnnn,327,1636,-2332,1715,BUUU,,2M
J030046.48+001802.0,45.1937073,0.3005806,Im,16.264,0.059,15.677,0.12,12.691,,8.761,,,,,,,,0000,0,0nnn,-77,374,205,395,ABUU,,2M
J030046.17+001810.3,45.1924087,0.3028681,Im,16.505,0.069,16.361,0.213,12.42,,9.14,,,,,,,,0000,0,0nnn,442,480,-416,502,ABUU,,2M
J030042.85+001752.1,45.1785673,0.2978128,Im,15.026,0.032,14.668,0.055,12.059,,8.841,,,,,,,,0000,0,00nn,-12,129,165,135,AAUU,,2M
J030045.39+001807.2,45.1891367,0.3020165,Im,17.442,0.142,16.941,0.359,12.723,,8.877,,,,,,,,0000,0,nnnn,-482,1130,-568,1192,BCUU,,2M
J030047.38+001809.0,45.1974545,0.3025246,Im,16.138,0.058,15.644,0.113,12.277,0.411,8.723,,,,,,,,0000,0,2nnn,-89,352,-202,372,ABCU,,2M
J030052.47+001801.3,45.2186491,0.3003842,Im,17.825,0.197,16.756,0.294,12.166,,8.821,,,,,,,,0000,0,nnnn,863,1632,-772,1741,BBUU,,2M
J030054.92+001836.7,45.2288677,0.3102066,Im,16.332,0.063,16.827,0.326,12.55,,8.722,,,,,,,,d000,0,0nnn,268,450,-69,472,ABUU,,2M
J030056.78+001848.1,45.236589,0.3133762,Im,16.878,0.1,16.917,0.354,11.83,,8.385,,,,,,,,h000,0,nnnn,-93,791,3611,790,ABUU,,2M
J030056.27+001905.6,45.2344782,0.3182304,Im,10.362,0.023,10.407,0.02,10.356,0.078,8.632,,10.935,0.023,10.521,0.025,10.445,0.025,0000,0,000n,0,27,0,26,AAAU,0.539,2M
J030049.26+001850.4,45.2052579,0.314024,Im,17.868,0.207,16.96,,12.663,,9.111,,,,,,,,0000,0,nnnn,-374,2066,1299,2119,BUUU,,2M
J030049.85+001848.8,45.2077432,0.3135774,Im,17.774,0.183,16.712,,12.599,,9.284,,,,,,,,0000,0,nnnn,-1220,1642,-1566,1724,BUUU,,2M
J030050.81+001856.8,45.2117198,0.3157995,Im,17.6,0.163,17.166,,12.564,,8.778,,,,,,,,0000,0,nnnn,758,1438,-254,1472,BUUU,,2M
J030051.40+001906.9,45.2141911,0.318608,Im,17.126,0.108,16.872,0.325,12.452,,8.812,,,,,,,,0000,0,nnnn,270,881,-54,925,ABUU,,2M
J030050.04+001908.4,45.2085416,0.3190264,Im,16.65,0.077,16.468,0.234,12.424,,8.267,,,,,,,,0000,0,0nnn,384,547,-42,576,ABUU,,2M
J030052.82+001924.4,45.2200898,0.3234699,Im,16.157,0.053,16.793,0.311,12.171,,8.632,,,,,,,,0000,0,1nnn,120,371,68,383,ABUU,,2M
J030054.12+001921.2,45.2255293,0.3225715,Im,17.1,0.107,16.754,0.319,12.544,,8.844,,,,,,,,d000,0,nnnn,193,848,-2,885,ABUU,,2M
J030050.83+001926.6,45.2118219,0.3240573,Im,17.087,0.109,16.384,0.236,12.373,,9.045,,,,,,,,dd00,0,nnnn,595,807,-1026,859,BBUU,,2M
J030052.23+001958.5,45.2176607,0.3329309,Im,17.284,0.125,17.037,,12.016,,8.588,,,,,,,,0000,0,nnnn,1232,1022,-951,1085,BUUU,,2M
J030101.69+001822.8,45.257064,0.3063499,Im,17.305,0.133,16.926,,12.757,,8.622,,,,,,,,0000,0,nnnn,558,1078,158,1111,BUUU,,2M
J030102.06+001836.7,45.2586075,0.3102214,Im,16.157,0.056,15.984,0.156,12.652,,8.852,,,,,,,,0000,0,0nnn,-299,343,683,357,ABUU,,2M
J030103.81+001839.1,45.2659123,0.3108765,Im,17.092,0.11,17.171,0.418,12.38,,8.909,,,,,,,,0000,0,nnnn,-510,843,-125,889,BCUU,,2M
J030102.78+001842.1,45.2616019,0.3117139,Im,16.46,0.069,16.272,0.19,12.02,,9.13,,,,,,,,0000,0,0nnn,-267,454,-626,472,ABUU,,2M
J030105.95+001853.3,45.2748327,0.314825,Im,17.092,0.107,16.719,,12.662,,8.542,,,,,,,,0000,0,nnnn,-16,820,524,850,AUUU,,2M
J030106.88+001905.8,45.2786891,0.3182932,Im,17.097,0.107,16.898,0.336,12.663,,9.074,,,,,,,,0000,0,nnnn,258,845,580,873,ABUU,,2M
J030107.28+001915.5,45.2803423,0.3209804,Im,16.926,0.097,16.748,0.284,12.475,,9.138,,,,,,,,0000,0,nnnn,-249,700,-1282,726,ABUU,,2M
J030059.77+001840.2,45.2490718,0.3111703,Im,16.644,0.076,16.434,0.22,12.61,,8.664,,,,,,,,0000,0,0nnn,-40,522,-412,545,ABUU,,2M
J030100.26+001852.5,45.2511175,0.3145902,Im,17.153,0.107,17.266,,12.145,,9.104,,,,,,,,0000,0,nnnn,112,933,-399,968,AUUU,,2M
J030102.86+001905.5,45.2619561,0.3182024,Im,16.785,0.091,16.092,0.159,12.622,,9.047,,,,,,,,0000,0,nnnn,238,572,-529,593,ABUU,,2M
J030059.85+001912.2,45.2493989,0.3200613,Im,16.685,0.076,16.687,0.28,12.255,,8.62,,,,,,,,0000,0,0nnn,-174,567,-495,597,ABUU,,2M
J030100.13+001926.9,45.2505623,0.3241436,Im,16.166,0.053,16.211,0.176,12.359,,9.102,,,,,,,,0000,0,1nnn,25,350,-330,360,ABUU,,2M
J030103.51+001914.5,45.2646486,0.3207068,Im,17.566,0.164,17.015,,12.49,,9.136,,,,,,,,0000,0,nnnn,105,1486,-162,1564,BUUU,,2M
J030102.24+001918.5,45.2593431,0.3218097,Im,17.347,0.143,16.763,,12.704,,9.067,,,,,,,,0000,0,nnnn,1076,1141,866,1207,BUUU,,2M
J030102.12+001944.5,45.2588382,0.3290444,Im,16.904,0.089,16.7,,12.696,,9.149,,,,,,,,0000,0,nnnn,-188,675,-519,697,AUUU,,2M
J030103.34+001947.6,45.2639579,0.3299091,Im,14.45,0.028,14.514,0.049,12.602,,9.019,,15.044,0.039,14.524,0.055,14.419,0.083,0000,0,00nn,83,85,3,88,AAUU,0.11,2M
J030108.75+001919.0,45.2864901,0.3219606,Im,17.629,0.175,17.0,,12.369,,8.959,,,,,,,,0000,0,nnnn,-783,1529,779,1611,BUUU,,2M
J030110.32+001931.3,45.29303,0.3253691,Im,17.095,0.115,16.734,0.308,12.168,,9.041,,,,,,,,0000,0,nnnn,1234,865,-284,897,BBUU,,2M
J030109.42+001954.7,45.2892835,0.3318832,Im,16.631,0.078,16.36,0.212,12.19,0.317,8.91,,,,,,,,0000,0,0nnn,146,528,1177,563,ABBU,,2M
J030111.25+001951.4,45.2968811,0.3309715,Im,16.976,0.099,16.294,0.208,12.714,,8.893,,,,,,,,0000,0,nnnn,-521,738,58,765,ABUU,,2M
J030111.51+002010.1,45.2979771,0.3361475,Im,16.908,0.093,16.018,0.158,12.08,,9.181,,,,,,,,0000,0,nnnn,-1065,615,-172,653,ABUU,,2M
J030110.18+002008.5,45.2924484,0.3357046,Im,16.183,0.056,16.625,0.273,12.67,,9.127,,,,,,,,0000,0,0nnn,215,372,-322,389,ABUU,,2M
J030109.20+002016.1,45.2883672,0.337813,Im,16.853,0.092,16.577,0.259,12.212,,8.304,,,,,,,,0000,0,nnnn,658,694,208,723,ABUU,,2M
J030112.08+002020.9,45.3003608,0.3391458,Im,15.772,0.045,15.786,0.126,12.746,,9.049,,16.87,0.176,15.632,0.159,15.457,0.214,0000,0,0nnn,14,237,137,243,ABUU,0.675,2M
J030106.79+002020.8,45.2783113,0.3391239,Im,17.834,0.207,16.734,,12.384,,9.114,,,,,,,,0000,0,nnnn,875,1607,5261,1733,BUUU,,2M
J030108.74+002027.5,45.2864388,0.3409792,Im,17.702,0.191,17.117,0.43,12.01,,8.521,,,,,,,,0000,0,nnnn,162,1549,1427,1653,BCUU,,2M
J030107.80+002023.0,45.2825085,0.3397245,Im,17.576,0.167,16.77,,12.016,,8.786,,,,,,,,0000,0,nnnn,589,1425,-696,1480,BUUU,,2M
J030109.40+002044.4,45.2892078,0.3456709,Im,15.514,0.04,15.957,0.155,12.561,,9.118,,,,,,,,0000,0,0nnn,114,207,-156,218,ABUU,,2M
J030106.69+002045.8,45.2778833,0.346076,Im,16.937,0.092,17.259,0.491,12.362,,9.006,,,,,,,,0000,0,nnnn,420,758,582,810,ACUU,,2M
J030056.27+001946.1,45.2344773,0.3294861,Im,16.418,0.064,16.625,0.273,12.705,,9.13,,,,,,,,0000,0,0nnn,-425,439,507,460,ABUU,,2M
J030057.98+001936.2,45.2415854,0.3267349,Im,17.287,0.124,16.754,0.295,12.23,,9.009,,,,,,,,0000,0,nnnn,1481,940,-861,987,BBUU,,2M
J030059.16+001950.5,45.2465343,0.3307027,Im,17.747,0.181,17.392,0.521,12.465,0.462,8.509,,,,,,,,0000,0,nnnn,932,1627,119,1724,BCCU,,2M
J030101.78+002018.7,45.2574273,0.338549,Im,16.018,0.049,15.71,0.118,12.568,,9.06,,,,,,,,0000,0,0nnn,5,293,-193,306,ABUU,,2M
J030100.65+002023.9,45.2527127,0.3399858,Im,17.076,0.104,16.462,0.216,12.178,,9.003,,,,,,,,0000,0,nnnn,-630,802,620,834,ABUU,,2M
J030056.44+002003.5,45.2351922,0.3343168,Im,17.091,0.102,16.789,0.297,12.641,,8.797,,,,,,,,0000,0,nnnn,-354,814,-155,852,ABUU,,2M
J030053.70+001957.9,45.2237663,0.3327505,Im,17.64,0.163,17.437,0.533,12.067,,8.924,,,,,,,,0000,0,nnnn,-719,1386,605,1467,BCUU,,2M
J030059.71+002046.6,45.2488317,0.3462998,Im,16.264,0.06,16.072,0.16,12.352,0.403,8.911,,,,,,,,0000,0,0nnn,-212,392,-217,408,ABCU,,2M
J030056.18+002037.5,45.2340949,0.3437568,Im,17.339,0.13,16.809,0.307,12.241,,9.265,,,,,,,,0000,0,nnnn,298,1029,-363,1085,BBUU,,2M
J030103.91+002038.5,45.266313,0.3440285,Im,16.032,0.052,16.05,0.168,12.757,,8.861,,,,,,,,0000,0,0nnn,92,310,-376,318,ABUU,,2M
J030106.72+002054.8,45.2780384,0.3485631,Im,16.747,0.08,16.929,0.355,12.676,,8.701,,,,,,,,0000,0,0nnn,653,602,-360,629,ABUU,,2M
J030107.63+002119.9,45.2818038,0.3555336,Im,17.658,0.175,16.551,0.249,12.752,,8.993,,,,,,,,0000,0,nnnn,66,1345,409,1415,BBUU,,2M
J030106.83+002123.8,45.2784724,0.3566256,Im,17.022,0.103,17.337,0.535,12.342,,8.819,,,,,,,,0000,0,nnnn,1893,824,-335,848,ACUU,,2M
J030100.18+002058.9,45.2507716,0.3497168,Im,17.928,0.215,17.424,0.531,12.127,,9.095,,,,,,,,0000,0,nnnn,525,1720,1738,1806,BCUU,,2M
J030102.00+002118.0,45.2583573,0.3550146,Im,14.113,0.026,14.04,0.039,12.481,,8.829,,15.222,0.07,14.563,0.062,14.369,0.081,0000,0,00nn,-82,68,12,71,AAUU,0.295,2M
J030103.57+002125.6,45.2648787,0.3571353,Im,17.208,0.124,16.367,0.222,12.259,,8.956,,,,,,,,0000,0,nnnn,1240,841,1014,886,BBUU,,2M
J030104.20+002134.6,45.2675107,0.3596151,Im,16.816,0.09,16.734,0.293,12.029,,8.875,,,,,,,,0000,0,nnnn,158,699,51,720,ABUU,,2M
J030103.84+002156.2,45.2660009,0.3656266,Im,17.925,0.216,17.211,,12.579,,8.742,,,,,,,,0000,0,nnnn,264,2235,-282,2349,BUUU,,2M
J030100.79+002150.8,45.2533154,0.3641325,Im,17.844,0.215,17.435,,12.547,,9.094,,,,,,,,0000,0,nnnn,-946,1963,388,2094,BUUU,,2M
J030103.19+002209.6,45.2633265,0.3693586,Im,14.198,0.027,14.259,0.043,12.381,,8.81,,14.728,0.04,14.24,0.046,14.143,0.078,0000,0,11nn,-135,75,-30,77,AAUU,0.027,2M
J030020.04+001341.6,45.0835165,0.228235,Im,16.62,0.08,15.851,0.141,12.318,,9.143,,,,,,,,0000,0,0nnn,-379,510,736,547,ABUU,,2M
J030022.60+001416.7,45.09419,0.2379728,Im,17.79,0.198,17.295,,12.536,,9.162,,,,,,,,0000,0,nnnn,2971,1630,1959,1718,BUUU,,2M
J030024.64+001434.5,45.1026858,0.2429372,Im,17.528,0.158,17.145,0.463,12.262,,9.066,,,,,,,,0000,0,nnnn,-1032,1431,305,1533,BCUU,,2M
J030020.00+001423.2,45.0833549,0.2397827,Im,15.812,0.043,15.19,0.079,11.813,0.229,8.517,,,,,,,,0h00,0,00nn,-162,234,-473,250,AABU,,2M
J030020.67+001455.7,45.0861453,0.2488257,Im,9.729,0.023,9.75,0.021,9.721,0.042,8.683,,10.03,0.025,9.853,0.025,9.78,0.022,0000,0,000n,-65,27,18,27,AAAU,0.061,2M
J030020.95+001522.8,45.0873286,0.2563518,Im,17.402,0.156,16.929,0.374,12.708,,9.125,,,,,,,,hh00,0,nnnn,3202,1125,-563,1156,BCUU,,2M
J030021.07+001537.9,45.0878172,0.2605512,Im,17.339,0.136,16.73,,12.708,,9.116,,,,,,,,0h00,0,nnnn,-1296,1037,-63,1089,BUUU,,2M
J030026.97+001446.0,45.1123967,0.2461343,Im,17.213,0.123,17.038,0.395,12.566,,9.108,,,,,,,,0000,0,nnnn,-99,930,-1363,983,BCUU,,2M
J030028.76+001505.0,45.1198695,0.2514058,Im,15.837,0.046,16.104,0.176,12.768,,9.126,,,,,,,,0000,0,0nnn,-103,261,226,280,ABUU,,2M
J030024.80+001506.8,45.1033632,0.251915,Im,15.281,0.034,15.308,0.09,12.065,,9.11,,16.293,0.12,15.75,0.146,15.738,0.27,0000,0,0nnn,-166,163,-8,173,AAUU,0.932,2M
J030026.66+001527.6,45.1110902,0.257685,Im,17.132,0.115,16.434,0.228,11.981,,9.024,,,,,,,,0000,0,nnnn,1072,838,94,883,BBUU,,2M
J030028.81+001530.5,45.1200775,0.2584864,Im,17.638,0.171,16.639,0.263,12.512,,8.966,,,,,,,,0000,0,nnnn,1822,1376,361,1478,BBUU,,2M
J030030.57+001548.2,45.1274098,0.2633906,Im,17.006,0.1,16.472,0.242,12.577,,9.021,,,,,,,,0000,0,nnnn,392,733,389,772,ABUU,,2M
J030029.14+001543.0,45.1214249,0.2619661,Im,16.245,0.062,15.224,0.087,12.22,,8.671,,,,,,,,0000,0,00nn,-350,342,269,363,AAUU,,2M
J030023.68+001513.5,45.0986863,0.2537618,Im,17.713,0.187,17.108,0.438,12.694,,9.11,,,,,,,,0000,0,nnnn,-2917,1587,1210,1694,BCUU,,2M
J030023.62+001526.3,45.0984237,0.2573133,Im,15.793,0.044,16.268,0.206,12.566,,8.933,,16.11,0.094,15.549,0.118,15.453,,0000,0,0nnn,298,256,-60,267,ABUU,0.209,2M
J030024.31+001531.9,45.1012946,0.2588661,Im,16.401,0.061,16.588,0.26,12.618,,8.923,,,,,,,,0000,0,0nnn,-746,440,-754,459,ABUU,,2M
J030025.15+001539.4,45.1048303,0.2609599,Im,17.71,0.192,16.711,,12.174,0.297,8.995,,,,,,,,0000,0,nnnn,-620,1473,629,1582,BUBU,,2M
J030022.52+001528.9,45.0938444,0.2580401,Im,17.84,0.219,17.294,,12.608,,8.828,,,,,,,,0h00,0,nnnn,-938,1502,-682,1624,BUUU,,2M
J030022.49+001555.6,45.093744,0.2654681,Im,17.921,0.214,16.921,,12.581,,9.035,,,,,,,,0000,0,nnnn,-2162,1750,2152,1840,BUUU,,2M
J030026.76+001551.4,45.1115208,0.2643023,Im,17.687,0.192,16.573,,12.14,,8.989,,,,,,,,0000,0,nnnn,-675,1630,2276,1730,BUUU,,2M
J030027.51+001609.8,45.1146537,0.2693931,Im,14.752,0.031,14.546,0.054,12.827,,9.053,,16.595,0.159,15.801,0.157,15.005,0.143,0000,0,00nn,40,103,38,108,AAUU,0.503,2M
J030015.96+001453.6,45.0665361,0.248228,Im,9.804,0.023,9.823,0.02,9.789,0.041,8.844,,10.174,0.022,9.917,0.025,9.875,0.025,0000,0,110n,0,28,0,27,AAAU,0.235,2M
J030017.81+001512.9,45.0742129,0.2535877,Im,16.554,0.078,16.276,0.207,12.787,,8.809,,,,,,,,dh00,0,0nnn,-499,497,161,528,ABUU,,2M
J030014.12+001506.2,45.0588658,0.2517237,Im,15.394,0.039,15.326,0.089,12.746,,8.928,,15.993,0.086,15.466,0.107,15.178,,dd00,0,0nnn,-291,179,88,187,AAUU,0.219,2M
J030017.80+001528.7,45.0741854,0.2579766,Im,17.509,0.146,17.383,,12.624,,9.203,,,,,,,,0000,0,nnnn,-1495,1232,-1708,1294,BUUU,,2M
J030019.59+001534.4,45.0816528,0.2595796,Im,16.745,0.078,17.335,,12.764,,9.051,,,,,,,,0h00,0,1nnn,370,594,550,630,AUUU,,2M
J030018.94+001604.7,45.0789222,0.2679783,Im,16.16,0.059,16.362,0.224,12.804,,8.96,,,,,,,,0000,0,0nnn,0,345,0,363,ABUU,,2M
J030018.07+001603.4,45.0753202,0.2676115,Im,16.989,0.101,16.605,0.27,12.591,,8.863,,,,,,,,0000,0,nnnn,170,741,-698,773,ABUU,,2M
J030012.84+001530.8,45.0535249,0.2585616,Im,16.723,0.076,17.042,,12.615,,8.943,,,,,,,,hh00,0,nnnn,402,580,661,614,AUUU,,2M
J030015.89+001608.2,45.0662373,0.2689678,Im,16.639,0.076,17.126,0.432,12.739,,9.086,,,,,,,,0000,0,0nnn,1944,541,-713,561,ACUU,,2M
J030017.11+001609.6,45.0713181,0.2693553,Im,15.882,0.048,15.862,0.138,12.372,0.364,8.988,,,,,,,,0000,0,0nnn,-208,278,74,292,ABCU,,2M
J030017.40+001624.7,45.0725147,0.2735316,Im,16.261,0.063,16.515,0.246,12.089,,8.843,,,,,,,,0000,0,0nnn,-552,393,-15,417,ABUU,,2M
J030016.71+001622.5,45.0696638,0.2729289,Im,17.419,0.147,17.346,0.522,12.726,,9.22,,,,,,,,0000,0,nnnn,1095,1210,382,1261,BCUU,,2M
J030021.00+001555.3,45.0875173,0.2653695,Im,14.144,0.026,14.175,0.042,12.405,,8.927,,14.767,0.04,14.275,0.049,14.175,0.076,0000,0,00nn,5,70,-110,74,AAUU,0.2,2M
J030022.93+001610.9,45.0955719,0.2697091,Im,15.892,0.047,15.847,0.139,12.714,,8.671,,,,,,,,0000,0,0nnn,-394,274,4,294,ABUU,,2M
J030021.33+001614.9,45.088899,0.2708119,Im,14.647,0.03,14.439,0.052,11.717,0.251,8.541,,16.825,0.191,15.103,,15.036,0.155,0000,0,11nn,-71,107,-380,112,AABU,0.709,2M
J030021.23+001642.9,45.0884753,0.2786022,Im,17.231,0.13,16.623,,12.75,,9.175,,,,,,,,0000,0,nnnn,982,966,-369,1016,BUUU,,2M
J030024.69+001637.3,45.1029091,0.2770497,Im,15.0,0.032,15.07,0.077,12.586,,8.899,,15.479,0.065,15.088,0.083,14.797,0.113,0000,0,00nn,-37,128,-41,134,AAUU,0.087,2M
J030022.72+001640.3,45.094699,0.2778742,Im,13.906,0.026,13.857,0.036,12.382,,9.124,,14.975,0.042,14.213,0.039,14.187,0.07,0000,0,00nn,0,60,0,63,AAUU,0.169,2M
J030022.38+001702.1,45.0932835,0.2839208,Im,17.448,0.148,16.854,,12.132,,9.026,,,,,,,,0000,0,nnnn,845,1261,408,1356,BUUU,,2M
J030023.41+001703.3,45.0975556,0.2842553,Im,17.321,0.132,16.951,,12.785,,9.216,,,,,,,,0000,0,nnnn,-468,1058,-293,1106,BUUU,,2M
J030018.09+001640.8,45.0753888,0.2780137,Im,16.601,0.076,16.63,0.276,11.974,,9.172,,,,,,,,0000,0,nnnn,-184,523,-167,542,ABUU,,2M
J030017.25+001644.1,45.0718753,0.2789329,Im,15.871,0.046,15.791,0.132,12.578,,9.116,,,,,,,,0000,0,0nnn,-148,255,-75,269,ABUU,,2M
J030021.03+001712.1,45.0876335,0.2867045,Im,16.417,0.066,16.483,0.252,12.228,,8.878,,,,,,,,0000,0,1nnn,1,452,-83,480,ABUU,,2M
J030021.48+001722.7,45.08952,0.2896404,Im,17.816,0.206,17.392,,12.61,,9.002,,,,,,,,0000,0,nnnn,-406,1743,-1145,1869,BUUU,,2M
J030019.65+001735.4,45.0818936,0.2931772,Im,17.636,0.173,16.798,,12.289,,8.717,,,,,,,,0000,0,nnnn,-353,1494,-157,1580,BUUU,,2M
J030031.73+001549.7,45.132221,0.2638172,Im,15.136,0.033,14.929,0.072,12.69,,8.496,,16.026,0.094,15.403,0.104,15.623,0.257,0000,0,00nn,-58,144,-59,150,AAUU,0.31,2M
J030031.44+001601.0,45.1310365,0.2669542,Im,16.617,0.08,16.145,0.178,12.048,,8.793,,,,,,,,0000,0,nnnn,-73,543,323,579,ABUU,,2M
J030032.50+001624.4,45.135426,0.2734538,Im,17.704,0.176,17.263,0.487,12.474,,9.175,,,,,,,,0000,0,nnnn,3922,1487,3994,1500,BCUU,,2M
J030029.93+001614.3,45.1247492,0.270663,Im,16.493,0.069,16.516,0.237,12.577,,9.138,,,,,,,,0000,0,0nnn,-32,461,-440,484,ABUU,,2M
J030034.15+001640.6,45.1423167,0.2779673,Im,14.442,0.029,14.548,0.053,12.62,,8.733,,15.227,0.057,14.683,0.062,14.622,0.1,0000,0,00nn,-14,85,-53,89,AAUU,0.245,2M
J030028.99+001635.0,45.1207958,0.2764107,Im,14.853,0.031,15.103,0.075,12.55,,9.0,,15.58,0.062,14.945,0.073,15.139,0.18,0000,0,00nn,-2,113,-55,118,AAUU,0.147,2M
J030027.83+001703.7,45.1159953,0.284381,Im,14.882,0.032,14.607,0.053,12.533,,9.133,,15.868,0.082,15.534,0.108,15.18,0.169,0000,0,11nn,27,114,191,119,AAUU,0.199,2M
J030028.52+001711.3,45.1188456,0.2864744,Im,15.804,0.044,15.927,0.151,12.626,,8.849,,,,,,,,0000,0,0nnn,27,252,-6,261,ABUU,,2M
J030029.05+001719.9,45.1210568,0.2888727,Im,16.809,0.085,16.585,0.256,12.54,,8.994,,,,,,,,0000,0,nnnn,-402,642,-101,666,ABUU,,2M
J030031.81+001707.4,45.1325815,0.2853912,Im,17.465,0.147,17.3,,12.498,,9.074,,,,,,,,0000,0,nnnn,-988,1229,1363,1290,BUUU,,2M
J030033.57+001717.9,45.1398817,0.2883124,Im,17.615,0.168,17.437,,12.701,,8.789,,,,,,,,0000,0,nnnn,-993,1396,-649,1473,BUUU,,2M
J030032.39+001718.1,45.1349664,0.2883731,Im,17.865,0.203,17.258,0.464,12.433,,8.59,,,,,,,,0000,0,nnnn,102,1924,-458,2023,BCUU,,2M
J030033.15+001727.9,45.1381396,0.2910882,Im,16.857,0.087,16.041,0.164,12.097,,8.974,,,,,,,,0000,0,nnnn,26,606,551,631,ABUU,,2M
J030032.41+001737.5,45.1350446,0.2937762,Im,16.254,0.058,15.87,0.139,12.171,0.309,8.477,,,,,,,,0000,0,1nnn,397,371,-280,390,ABBU,,2M
J030036.38+001712.5,45.1516131,0.2868065,Im,17.592,0.18,16.77,0.327,12.416,,8.906,,,,,,,,0000,0,nnnn,-236,1431,1359,1549,BBUU,,2M
J030038.13+001726.9,45.1588982,0.2908062,Im,17.232,0.126,16.617,,12.154,,9.118,,,,,,,,0000,0,nnnn,1022,1071,-40,1141,BUUU,,2M
J030035.79+001706.4,45.1491354,0.2851335,Im,17.176,0.115,16.737,,12.649,,8.926,,,,,,,,0000,0,nnnn,-296,931,-530,975,BUUU,,2M
J030035.46+001718.2,45.1477762,0.2883985,Im,17.069,0.109,16.812,,12.619,,9.021,,,,,,,,0000,0,nnnn,1374,806,-211,850,AUUU,,2M
J030036.86+001720.9,45.1536201,0.2891541,Im,16.587,0.073,16.745,0.308,12.56,,9.062,,,,,,,,0000,0,0nnn,436,541,237,568,ABUU,,2M
J030034.46+001721.3,45.1435869,0.2892718,Im,17.629,0.174,16.936,,12.699,,8.843,,,,,,,,0000,0,nnnn,381,1459,1326,1540,BUUU,,2M
J030036.67+001745.6,45.1528215,0.2960021,Im,14.878,0.031,14.484,0.051,12.465,0.515,8.919,,16.755,0.172,15.871,0.167,15.178,0.155,0000,0,00nn,-51,119,128,124,AACU,0.523,2M
J030039.13+001728.7,45.1630659,0.2913242,Im,17.78,0.196,16.833,,12.315,,9.12,,,,,,,,0000,0,nnnn,-1124,1724,458,1810,BUUU,,2M
J030037.41+001752.0,45.155907,0.2977989,Im,16.109,0.053,16.03,0.16,12.069,,8.423,,,,,,,,0000,0,0nnn,11,347,248,366,ABUU,,2M
J030040.26+001814.8,45.1677531,0.3041169,Im,17.216,0.121,16.533,0.26,12.363,,8.894,,,,,,,,0000,0,nnnn,-192,970,-23,1018,BBUU,,2M
J030039.55+001825.5,45.1648231,0.3071077,Im,16.663,0.08,16.899,0.373,12.647,,8.926,,,,,,,,0000,0,nnnn,791,583,-244,603,ACUU,,2M
J030035.31+001751.0,45.1471426,0.2975192,Im,16.785,0.085,16.554,0.258,12.398,,9.045,,,,,,,,0000,0,0nnn,-547,638,73,678,ABUU,,2M
J030033.06+001749.7,45.1377666,0.2971533,Im,16.414,0.065,16.481,0.234,12.422,,8.675,,,,,,,,0000,0,1nnn,-265,443,-387,472,ABUU,,2M
J030036.23+001823.9,45.1509609,0.3066417,Im,17.387,0.142,17.074,0.409,12.5,,8.702,,,,,,,,0000,0,nnnn,1042,1168,-1504,1217,BCUU,,2M
J030034.87+001821.2,45.1453075,0.3059089,Im,17.477,0.155,16.603,,11.931,,8.641,,,,,,,,0000,0,nnnn,-889,1327,-4774,1463,BUUU,,2M
J030026.79+001708.0,45.1116652,0.2855733,Im,17.08,0.11,16.775,,11.95,,8.797,,,,,,,,0000,0,nnnn,-179,874,434,922,BUUU,,2M
J030025.96+001703.7,45.1082069,0.2843748,Im,15.467,0.038,15.014,0.072,11.214,0.151,9.059,0.501,,,,,,,0000,0,00nn,-100,193,197,201,AABC,,2M
J030025.97+001742.2,45.1082165,0.2950755,Im,17.267,0.12,17.063,,12.459,,9.078,,,,,,,,0000,0,nnnn,-305,992,-2621,1020,BUUU,,2M
J030029.05+001734.3,45.1210635,0.2928732,Im,16.746,0.082,16.232,0.189,12.065,,8.766,,,,,,,,0000,0,0nnn,-128,590,394,619,ABUU,,2M
J030030.12+001735.6,45.1255122,0.2932231,Im,17.418,0.139,16.877,0.33,11.773,,8.164,,,,,,,,0000,0,nnnn,-374,1079,327,1138,BBUU,,2M
J030030.63+001747.4,45.1276662,0.2965252,Im,15.065,0.033,14.245,0.046,10.037,0.052,7.758,0.14,,,,,,,0000,0,000n,-21,147,-108,156,AAAB,,2M
J030027.86+001749.6,45.116089,0.2971259,Im,15.757,0.043,15.39,0.091,11.732,0.206,8.506,,,,,,,,0000,0,1nnn,125,244,-424,257,AABU,,2M
J030027.59+001801.8,45.114976,0.3005073,Im,14.613,0.029,14.788,0.063,12.38,,8.867,,15.537,0.057,14.874,0.064,14.873,0.128,0000,0,11nn,-124,95,61,101,AAUU,0.239,2M
J030028.93+001818.8,45.120556,0.305238,Im,17.114,0.108,17.058,0.413,12.565,,8.905,,,,,,,,d000,0,nnnn,-23,850,50,895,ACUU,,2M
J030025.51+001753.8,45.1062934,0.298297,Im,16.725,0.084,16.937,0.35,12.701,,9.009,,,,,,,,0000,0,nnnn,1006,680,-588,730,ABUU,,2M
J030022.19+001742.2,45.0924658,0.2950816,Im,17.055,0.108,16.615,0.274,12.656,,9.137,,,,,,,,0000,0,nnnn,640,755,-381,798,ABUU,,2M
J030025.99+001817.6,45.1083174,0.3049148,Im,17.57,0.165,16.771,,12.256,,9.193,,,,,,,,0000,0,nnnn,-108,1441,960,1463,BUUU,,2M
J030028.30+001823.7,45.1179268,0.306611,Im,16.241,0.058,16.182,0.183,12.097,,9.061,,,,,,,,0000,0,0nnn,327,387,-53,411,ABUU,,2M
J030027.38+001826.0,45.1141095,0.3072256,Im,17.136,0.121,16.871,,12.352,,8.863,,,,,,,,0000,0,nnnn,-78,991,146,1046,BUUU,,2M
J030032.56+001819.9,45.1356976,0.3055421,Im,15.243,0.034,14.91,0.067,12.354,,9.15,,,,,,,,0000,0,00nn,-108,149,22,158,AAUU,,2M
J030032.84+001844.4,45.1368705,0.3123501,Im,17.244,0.125,16.953,,12.264,,9.026,,,,,,,,0000,0,nnnn,1020,1000,-1019,1045,BUUU,,2M
J030035.64+001910.3,45.1485363,0.319533,Im,15.497,0.037,15.61,0.108,12.411,,8.736,,16.406,0.13,15.875,0.165,15.234,,0000,0,0nnn,93,205,137,216,AAUU,0.138,2M
J030031.72+001900.7,45.1321776,0.3168709,Im,17.623,0.171,16.986,,12.606,,8.896,,,,,,,,0000,0,nnnn,507,1883,1460,1690,BUUU,,2M
J030033.27+001908.2,45.1386425,0.3189572,Im,14.389,0.027,14.339,0.043,12.263,,9.089,,15.656,0.072,14.915,0.066,14.547,0.094,0h00,0,11nn,-164,82,-101,87,AAUU,0.072,2M
J030033.36+001921.8,45.1390246,0.322729,Im,17.381,0.153,17.104,,12.492,,9.133,0.536,,,,,,,hH00,0,nnnn,1282,1351,862,1376,BUUC,,2M
J030028.87+001854.4,45.1203195,0.3151188,Im,16.998,0.1,16.481,0.24,12.591,,8.884,,,,,,,,0000,0,nnnn,1320,692,-154,735,ABUU,,2M
J030028.45+001920.3,45.1185421,0.3223224,Im,17.755,0.19,17.402,,12.272,,8.479,,,,,,,,0000,0,nnnn,-83,1662,685,1706,BUUU,,2M
J030032.33+001917.4,45.1347398,0.3215161,Im,11.503,0.023,11.588,0.021,11.43,0.182,8.412,,12.416,0.022,11.768,0.025,11.603,0.026,hh00,0,00nn,0,29,0,29,AABU,0.13,2M
J030029.41+001937.0,45.1225574,0.3269622,Im,17.099,0.1,16.99,,12.515,,8.721,,,,,,,,hh00,0,nnnn,-826,799,55,834,AUUU,,2M
J030009.85+001559.3,45.0410781,0.2664806,Im,17.662,0.176,16.494,0.242,12.718,,8.43,,,,,,,,0000,0,nnnn,-308,1256,1684,1330,BBUU,,2M
J030009.33+001604.4,45.0388955,0.267898,Im,16.982,0.101,16.63,,12.666,,8.887,,,,,,,,0000,0,nnnn,11,785,-110,818,AUUU,,2M
J030013.23+001702.0,45.0551423,0.2839031,Im,17.179,0.115,17.161,0.439,12.094,,9.345,,,,,,,,0000,0,nnnn,390,931,350,984,BCUU,,2M
J030009.40+001659.7,45.039173,0.2832628,Im,16.235,0.059,15.915,0.145,12.257,0.33,8.729,,,,,,,,0000,0,0nnn,-874,368,-429,389,ABBU,,2M
J030007.72+001645.3,45.0322021,0.279274,Im,17.628,0.17,16.787,,12.706,,8.737,,,,,,,,0000,0,nnnn,-690,1416,-5,1490,BUUU,,2M
J030010.31+001715.4,45.042979,0.2876224,Im,16.52,0.067,16.306,0.2,12.04,,8.946,0.412,,,,,,,0000,0,1nnn,728,474,350,496,ABUC,,2M
J030012.45+001721.8,45.051903,0.2894103,Im,17.509,0.157,17.363,,12.727,,9.244,,,,,,,,0000,0,nnnn,1238,1301,-284,1366,BUUU,,2M
J030011.48+001742.2,45.0478457,0.2950675,Im,12.985,0.023,13.004,0.027,12.322,,9.046,,13.546,0.025,13.128,0.027,13.048,0.037,0000,0,11nn,-20,41,19,41,AAUU,0.051,2M
J030010.32+001749.6,45.0430363,0.2971308,Im,17.818,0.211,16.619,,12.721,,8.856,,,,,,,,0000,0,nnnn,-2649,1919,-747,2006,BUUU,,2M
J030014.70+001705.0,45.061253,0.284736,Im,12.39,0.023,12.409,0.025,12.563,0.482,9.214,,12.828,0.025,12.525,0.025,12.423,0.026,d000,0,11nn,43,34,-35,35,AACU,0.071,2M
J030017.33+001731.5,45.0722091,0.2920873,Im,17.567,0.156,17.377,,12.356,,8.422,,,,,,,,0000,0,nnnn,-858,1364,-1010,1432,BUUU,,2M
J030019.91+001753.9,45.0829794,0.2983169,Im,17.627,0.168,16.875,0.34,12.634,,8.61,,,,,,,,0000,0,nnnn,121,1400,-875,1482,BBUU,,2M
J030014.37+001736.2,45.0598994,0.2933992,Im,17.254,0.12,16.832,0.325,12.423,,8.925,,,,,,,,0000,0,nnnn,-662,985,-342,1047,BBUU,,2M
J030015.57+001752.4,45.0649064,0.2979041,Im,16.073,0.052,15.591,0.117,12.566,0.463,8.595,,,,,,,,d000,0,0nnn,165,313,14,328,ABCU,,2M
J030012.35+001804.5,45.0514722,0.3012514,Im,17.572,0.163,16.656,0.297,12.443,,9.241,,,,,,,,0000,0,nnnn,-975,1218,3101,1266,BBUU,,2M
J030011.69+001804.5,45.0487231,0.3012525,Im,16.641,0.077,16.837,0.341,12.393,,8.692,,,,,,,,0000,0,nnnn,-371,567,832,591,ABUU,,2M
J030013.11+001824.9,45.0546421,0.3069395,Im,17.256,0.129,17.069,0.415,12.391,,8.917,,,,,,,,0000,0,nnnn,506,997,-919,1048,BCUU,,2M
J030016.21+001836.6,45.0675819,0.310176,Im,15.879,0.048,15.753,0.126,12.647,,8.554,,,,,,,,0000,0,0nnn,312,264,-229,279,ABUU,,2M
J030015.56+001849.7,45.0648667,0.3138161,Im,17.607,0.183,16.904,0.352,12.71,,8.884,,,,,,,,0000,0,nnnn,-981,1386,564,1444,BBUU,,2M
J030005.28+001711.9,45.0220195,0.2866562,Im,13.93,0.025,13.894,0.04,12.249,,9.218,,14.425,0.032,14.035,0.037,13.97,0.057,0000,0,00nn,-12,62,25,65,AAUU,0.156,2M
J030004.06+001720.6,45.0169231,0.2890561,Im,16.621,0.074,16.202,0.186,12.288,,8.987,,,,,,,,0000,0,0nnn,-402,520,-184,544,ABUU,,2M
J030004.00+001735.8,45.0166999,0.2932868,Im,17.596,0.169,17.084,,12.766,,8.804,,,,,,,,0000,0,nnnn,366,1484,1274,1538,BUUU,,2M
J030006.40+001735.9,45.0266939,0.2933237,Im,16.429,0.066,15.579,0.112,12.032,,8.571,,,,,,,,0000,0,0nnn,-325,413,-153,435,ABUU,,2M
J030004.75+001735.7,45.0198085,0.2932716,Im,17.27,0.124,16.746,0.311,11.995,,9.051,,,,,,,,0000,0,nnnn,1436,1003,-13,1045,BBUU,,2M
J030006.21+001753.8,45.0258784,0.2982837,Im,17.875,0.212,17.342,0.527,12.668,,8.873,,,,,,,,0000,0,nnnn,-811,1886,3498,1985,BCUU,,2M
J030002.86+001747.3,45.0119197,0.2964893,Im,17.823,0.204,16.85,,11.942,,8.754,0.387,,,,,,,0000,0,nnnn,-1175,2048,-174,2120,BUUC,,2M
J030001.00+001756.2,45.004178,0.2989499,Im,17.163,0.118,17.219,0.492,12.473,,8.991,,,,,,,,0000,0,nnnn,315,964,104,1024,BCUU,,2M
J030002.82+001758.2,45.0117553,0.299513,Im,17.521,0.153,17.297,,11.938,,9.098,,,,,,,,0000,0,nnnn,-1379,1309,1797,1379,BUUU,,2M
J030003.13+001814.5,45.0130754,0.3040544,Im,17.646,0.17,16.901,,12.603,,9.089,,,,,,,,0000,0,nnnn,357,1512,-41,1603,BUUU,,2M
J030001.61+001812.3,45.0067483,0.3034436,Im,15.251,0.035,15.27,0.086,12.114,,8.559,,,,,,,,0000,0,0nnn,-110,161,6,171,AAUU,,2M
J030005.83+001804.1,45.0243165,0.301153,Im,17.505,0.154,16.918,,12.685,,8.913,,,,,,,,0000,0,nnnn,1817,1309,-1208,1363,BUUU,,2M
J030004.71+001808.9,45.0196398,0.3024939,Im,17.874,0.213,17.266,0.486,12.738,,8.88,,,,,,,,0000,0,nnnn,-1991,2089,-463,2180,BCUU,,2M
J030007.20+001828.5,45.0300066,0.3079381,Im,17.186,0.118,16.568,0.269,11.991,,9.022,,,,,,,,0000,0,nnnn,230,904,-198,963,BBUU,,2M
J030005.28+001852.3,45.0220006,0.3145333,Im,16.512,0.069,16.071,0.185,11.936,,9.163,,,,,,,,0000,0,nnnn,-67,452,687,479,ABUU,,2M
J030009.64+001807.5,45.0401822,0.3020857,Im,17.382,0.136,17.017,0.403,12.163,,8.878,,,,,,,,0000,0,nnnn,583,1083,1098,1141,BCUU,,2M
J030014.73+001851.4,45.0614021,0.3142954,Im,16.48,0.071,16.237,0.2,12.007,,9.052,,,,,,,,0000,0,0nnn,153,453,64,473,ABUU,,2M
J030013.43+001859.1,45.0559962,0.3164226,Im,17.63,0.178,17.196,0.469,12.213,,9.032,,,,,,,,0000,0,nnnn,-1536,1420,756,1499,BCUU,,2M
J030014.33+001912.1,45.0597204,0.3200495,Im,15.791,0.044,15.875,0.144,12.749,,9.005,,,,,,,,0000,0,1nnn,-4,250,-138,263,ABUU,,2M
J030011.45+001855.0,45.0477185,0.3153011,Im,16.694,0.083,16.642,0.272,12.594,,9.037,,,,,,,,0000,0,nnnn,-307,608,-355,620,ABUU,,2M
J030012.74+001921.5,45.053123,0.3226478,Im,14.985,0.032,14.619,0.056,12.56,0.44,8.818,,,,,,,,0000,0,00nn,126,127,-107,133,AACU,,2M
J030009.32+001852.6,45.0388738,0.3146253,Im,16.799,0.082,16.649,0.277,12.28,0.41,9.063,,,,,,,,0000,0,nnnn,-345,602,-276,634,ABCU,,2M
J030009.47+001905.4,45.0394963,0.3181783,Im,17.743,0.19,16.647,,12.808,,9.17,,,,,,,,0000,0,nnnn,-688,1752,-205,1849,BUUU,,2M
J030010.97+001916.3,45.0457391,0.3212028,Im,16.921,0.1,16.458,0.241,12.659,,8.936,,,,,,,,0000,0,nnnn,-634,684,-43,712,ABUU,,2M
J030009.90+001925.7,45.0412849,0.3238128,Im,17.781,0.188,16.687,,12.714,,9.036,,,,,,,,0000,0,nnnn,-1165,1635,-1984,1709,BUUU,,2M
J030019.38+001817.0,45.0807536,0.3047262,Im,16.951,0.105,17.331,0.525,12.243,,8.892,,,,,,,,0000,0,nnnn,1420,772,-1586,798,ACUU,,2M
J030021.37+001839.4,45.0890609,0.3109488,Im,17.202,0.122,17.239,0.482,12.271,,8.841,,,,,,,,0000,0,nnnn,23,986,-524,1033,BCUU,,2M
J030024.23+001846.0,45.1009939,0.3127971,Im,17.188,0.12,16.694,0.288,12.636,,8.672,,,,,,,,0000,0,nnnn,-576,931,-556,978,BBUU,,2M
J030018.53+001859.3,45.0772423,0.3164742,Im,17.59,0.173,17.272,0.535,12.422,,8.986,,,,,,,,0000,0,nnnn,-6424,1522,1574,1571,BCUU,,2M
J030016.55+001853.7,45.0689776,0.3149396,Im,17.666,0.183,17.203,0.446,12.48,,9.084,,,,,,,,0000,0,nnnn,1088,1504,894,1593,BCUU,,2M
J030018.90+001912.0,45.0787644,0.3200243,Im,14.931,0.032,14.732,0.059,12.679,,9.129,,,,,,,,0000,0,00nn,3,126,-221,133,AAUU,,2M
J030020.37+001930.1,45.0849042,0.3250287,Im,17.083,0.111,17.15,,12.303,0.364,8.951,,,,,,,,0000,0,nnnn,570,903,-209,966,BUCU,,2M
J030020.49+001958.4,45.0853966,0.3328934,Im,18.012,0.232,16.339,0.197,12.658,,8.802,,,,,,,,0000,0,nnnn,499,1459,1781,1574,BBUU,,2M
J030026.99+001926.7,45.1124885,0.3241016,Im,17.585,0.173,16.749,,12.148,,9.114,,,,,,,,0000,0,nnnn,193,1446,234,1573,BUUU,,2M
J030028.32+001948.8,45.1180288,0.3302284,Im,16.899,0.087,17.389,,12.574,,9.161,,,,,,,,0000,0,nnnn,-158,778,-529,798,AUUU,,2M
J030029.47+002013.7,45.1228153,0.3371414,Im,14.865,0.035,14.533,0.056,12.293,,8.752,,16.275,0.128,15.928,0.158,14.764,0.118,hh00,0,nnnn,-490,96,82,98,AAUU,0.168,2M
J030027.47+002015.6,45.1144694,0.3376683,Im,17.642,0.174,17.377,0.531,12.135,,8.898,,,,,,,,0000,0,nnnn,-852,1524,76,1591,BCUU,,2M
J030029.04+002014.2,45.1210178,0.3372985,Im,15.106,0.04,14.785,0.065,11.333,0.174,8.355,,,,,,,,hh00,0,nnnn,,,,,AABU,,2M
J030022.98+001947.1,45.0957609,0.3297694,Im,15.21,0.035,14.904,0.067,12.539,,8.898,,,,,,,,0000,0,00nn,219,154,-25,157,AAUU,,2M
J030024.06+002000.3,45.1002676,0.3334399,Im,15.044,0.032,14.769,0.061,11.939,0.298,8.896,0.45,,,,,,,0000,0,00nn,150,141,-70,145,AABC,,2M
J030026.37+002025.0,45.1098993,0.3402879,Im,17.615,0.182,16.659,0.301,12.66,,9.041,,,,,,,,0000,0,nnnn,552,1333,17,1398,BBUU,,2M
J030027.51+002034.0,45.1146379,0.3427812,Im,17.352,0.146,16.889,,12.291,,9.112,,,,,,,,0000,0,nnnn,732,1170,248,1269,BUUU,,2M
J030025.66+002043.2,45.106951,0.3453443,Im,17.522,0.164,16.542,0.233,12.672,,8.875,,,,,,,,0000,0,nnnn,-348,1188,88,1256,BBUU,,2M
J030024.07+002044.7,45.1003139,0.3457541,Im,16.642,0.077,17.374,0.498,12.128,,9.198,,,,,,,,0000,0,nnnn,-78,539,2381,557,ACUU,,2M
J030027.49+002100.5,45.1145619,0.3501612,Im,15.065,0.034,14.849,0.067,12.752,,9.052,,15.841,0.088,15.331,0.104,15.156,0.171,0000,0,00nn,50,131,-66,139,AAUU,0.341,2M
J030015.91+001921.6,45.0663095,0.3226834,Im,16.514,0.07,15.987,0.151,12.615,,8.777,,,,,,,,0000,0,1nnn,2995,462,-971,486,ABUU,,2M
J030017.87+001934.7,45.0744865,0.3263311,Im,17.429,0.143,16.754,0.314,12.435,,8.257,,,,,,,,0000,0,nnnn,-682,1142,-1401,1211,BBUU,,2M
J030016.73+001937.1,45.0697278,0.326984,Im,15.938,0.049,15.951,0.143,12.238,,8.991,,,,,,,,0000,0,0nnn,-425,280,162,304,ABUU,,2M
J030017.70+001949.1,45.0737848,0.3303248,Im,17.821,0.199,16.979,,11.94,,8.484,,,,,,,,0000,0,nnnn,-3440,1554,-2231,1659,BUUU,,2M
J030018.27+001953.0,45.0761402,0.3314056,Im,17.62,0.17,17.405,,12.32,,9.057,,,,,,,,0000,0,nnnn,234,1402,938,1486,BUUU,,2M
J030016.71+001958.9,45.0696512,0.3330423,Im,17.733,0.193,16.907,,12.454,,9.002,,,,,,,,0000,0,nnnn,1546,1726,3860,1856,BUUU,,2M
J030014.66+001958.6,45.0611026,0.3329638,Im,17.287,0.125,16.897,,12.681,,8.952,,,,,,,,0000,0,nnnn,13,1006,82,1058,BUUU,,2M
J030013.56+002022.3,45.0565197,0.3395315,Im,17.756,0.194,16.772,0.305,12.762,,9.163,,,,,,,,0000,0,nnnn,-90,1484,-64,1587,BBUU,,2M
J030023.11+002040.5,45.0962948,0.3445889,Im,15.272,0.035,15.454,0.101,12.453,,9.005,,15.923,0.084,15.519,0.117,15.578,0.282,0000,0,0nnn,83,163,-174,173,AAUU,0.026,2M
J030018.92+002039.3,45.0788635,0.3442752,Im,17.275,0.123,16.504,0.245,12.306,,9.131,,,,,,,,0000,0,nnnn,869,947,725,989,BBUU,,2M
J030019.32+002052.5,45.0805148,0.3479433,Im,17.235,0.118,16.824,0.306,12.763,,9.174,,,,,,,,0000,0,nnnn,247,940,-22,987,BBUU,,2M
J030021.32+002110.2,45.0888634,0.3528334,Im,17.254,0.121,17.176,,12.17,,8.956,,,,,,,,0000,0,nnnn,-1231,1001,-1097,1046,BUUU,,2M
J030023.95+002052.3,45.0998195,0.3478858,Im,16.411,0.064,16.73,,12.713,,9.2,,,,,,,,0000,0,1nnn,819,436,-487,448,AUUU,,2M
J030023.26+002106.7,45.0969512,0.3518877,Im,15.881,0.047,15.715,0.129,12.168,,8.85,,,,,,,,0000,0,0nnn,36,269,104,278,ABUU,,2M
J030025.43+002123.9,45.1059963,0.356649,Im,16.628,0.076,16.218,0.176,12.083,0.304,8.91,,,,,,,,0000,0,0nnn,40,521,38,563,ABBU,,2M
J030017.85+002053.4,45.074393,0.3481862,Im,16.985,0.095,17.149,,12.449,,9.201,,,,,,,,0000,0,nnnn,-51,750,744,800,AUUU,,2M
J030020.10+002105.9,45.0837768,0.3516473,Im,17.417,0.137,17.245,0.478,12.25,,8.72,,,,,,,,0000,0,nnnn,-591,1102,1124,1176,BCUU,,2M
J030016.56+002107.2,45.0690261,0.3520035,Im,17.298,0.125,17.04,0.36,12.12,,8.447,,,,,,,,0000,0,nnnn,413,982,16,1039,BCUU,,2M
J030020.59+002141.5,45.0858047,0.3615421,Im,16.794,0.084,17.152,0.407,12.522,,8.942,,,,,,,,0000,0,nnnn,-9,586,-193,622,ACUU,,2M
J030022.59+002148.0,45.0941321,0.3633435,Im,17.258,0.128,16.862,,12.494,,9.12,,,,,,,,0000,0,nnnn,-689,1008,552,1079,BUUU,,2M
J030020.01+002147.8,45.0834135,0.3632836,Im,17.547,0.152,17.471,,11.994,,8.488,,,,,,,,0000,0,nnnn,1535,1237,3633,1344,BUUU,,2M
J030020.72+002213.5,45.0863634,0.3704327,Im,17.088,0.102,16.632,0.258,12.552,,9.098,,,,,,,,0000,0,nnnn,-641,819,379,862,ABUU,,2M
J030021.27+002219.8,45.0886421,0.3721707,Im,17.465,0.147,16.765,,12.783,,8.93,,,,,,,,0000,0,nnnn,-523,1236,-711,1287,BUUU,,2M
J030042.94+001828.1,45.1789269,0.3078328,Im,14.696,0.029,14.452,0.047,12.61,0.478,8.598,,16.793,0.177,16.125,0.199,15.514,0.211,0000,0,01nn,-90,101,64,104,AACU,0.513,2M
J030042.17+001831.6,45.175727,0.3087808,Im,16.081,0.053,16.226,0.189,12.288,,8.947,,,,,,,,0000,0,0nnn,16,346,-531,356,ABUU,,2M
J030045.09+001832.7,45.1878837,0.309091,Im,17.585,0.162,16.88,,12.457,,9.132,,,,,,,,0000,0,nnnn,676,1435,-1106,1505,BUUU,,2M
J030044.35+001855.9,45.1848209,0.3155343,Im,15.66,0.041,15.422,0.095,12.272,0.37,9.103,,,,,,,,0000,0,0nnn,-32,228,76,238,AACU,,2M
J030041.99+001916.9,45.1749897,0.321375,Im,17.02,0.102,16.749,,11.995,,8.579,,,,,,,,0000,0,nnnn,1548,763,-1458,789,AUUU,,2M
J030043.57+001942.0,45.1815749,0.3283397,Im,17.454,0.15,16.989,,12.303,,9.093,,,,,,,,0000,0,nnnn,-559,1241,1108,1294,BUUU,,2M
J030042.01+001952.7,45.1750463,0.3313103,Im,17.74,0.182,16.903,,12.691,,8.61,,,,,,,,0000,0,nnnn,1977,1696,-1691,1792,BUUU,,2M
J030046.35+001918.2,45.1931469,0.3217275,Im,15.59,0.041,15.891,0.141,12.368,,9.189,,16.062,0.086,15.753,0.152,15.574,0.247,0000,0,1nnn,-265,211,190,223,ABUU,0.135,2M
J030049.08+001937.6,45.204533,0.3271261,Im,10.407,0.022,10.434,0.02,10.403,0.069,8.621,,11.073,0.023,10.589,0.027,10.518,0.025,0000,0,110n,18,27,21,27,AAAU,0.27,2M
J030050.78+002012.2,45.2115912,0.3367388,Im,17.466,0.152,16.88,0.339,12.561,0.543,8.662,,,,,,,,0000,0,nnnn,-262,1277,-638,1330,BBCU,,2M
J030049.75+002007.6,45.2073251,0.3354511,Im,17.17,0.113,16.562,0.241,12.356,,8.778,,,,,,,,d000,0,nnnn,776,889,1140,934,BBUU,,2M
J030045.15+002004.8,45.1881453,0.3346913,Im,17.36,0.133,17.225,,12.705,,9.194,,,,,,,,0000,0,nnnn,-428,1153,-708,1193,BUUU,,2M
J030043.56+002018.6,45.1815122,0.338504,Im,16.308,0.061,16.306,0.205,12.027,,9.034,,,,,,,,0000,0,0nnn,101,424,227,444,ABUU,,2M
J030044.42+002019.7,45.1850997,0.3388131,Im,17.217,0.125,16.57,0.26,12.366,,8.731,,,,,,,,0000,0,nnnn,-18,993,-164,1033,BBUU,,2M
J030048.33+002031.4,45.2013806,0.3420724,Im,15.367,0.036,15.322,0.087,12.404,,8.817,,16.324,0.119,15.921,0.177,15.323,,0000,0,0nnn,-93,179,-102,186,AAUU,0.373,2M
J030046.70+002038.9,45.1946146,0.3441477,Im,11.55,0.022,11.592,0.021,11.397,0.179,8.505,,12.004,0.024,11.669,0.025,11.636,0.025,0000,0,11nn,-3,30,27,30,AABU,0.034,2M
J030037.34+001909.9,45.1556007,0.3194306,Im,15.912,0.05,15.627,0.114,12.37,,8.497,,,,,,,,0000,0,0nnn,108,275,-400,294,ABUU,,2M
J030036.74+001917.6,45.1530997,0.3215752,Im,16.69,0.075,16.828,,12.588,,8.743,,,,,,,,0000,0,1nnn,616,585,153,601,AUUU,,2M
J030036.93+001931.4,45.1538984,0.3254144,Im,16.059,0.05,15.691,0.117,12.021,,8.926,,,,,,,,dd00,0,0nnn,125,320,452,335,ABUU,,2M
J030038.29+001944.1,45.1595732,0.3289245,Im,15.204,0.035,15.108,0.076,12.543,,8.59,,17.098,0.246,16.544,0.282,15.465,0.215,0000,0,00nn,162,156,-36,162,AAUU,0.657,2M
J030036.02+001925.5,45.1501149,0.323768,Im,17.537,0.151,17.447,,12.68,,8.918,,,,,,,,0h00,0,nnnn,346,1386,464,1465,BUUU,,2M
J030034.56+001935.4,45.1440108,0.3265206,Im,17.264,0.139,17.13,,11.925,,9.057,,,,,,,,hH00,0,nnnn,-126,1181,-423,1263,BUUU,,2M
J030036.62+001947.2,45.1525995,0.3297989,Im,14.59,0.028,14.306,0.042,11.841,0.239,8.577,,16.626,0.167,15.454,,15.54,,0h00,0,00nn,-39,97,-73,101,AABU,0.401,2M
J030042.07+002008.0,45.1753013,0.335575,Im,16.269,0.06,15.913,0.152,12.115,,9.099,,,,,,,,0000,0,0nnn,73,381,407,394,ABUU,,2M
J030037.30+002009.0,45.1554245,0.335836,Im,16.274,0.058,16.317,0.191,12.674,,8.379,,,,,,,,0000,0,0nnn,208,397,-325,420,ABUU,,2M
J030036.32+002003.7,45.1513357,0.3343659,Im,16.961,0.096,17.481,,12.706,,8.621,,,,,,,,hh00,0,nnnn,896,803,-941,835,AUUU,,2M
J030032.64+002006.1,45.1360352,0.3350388,Im,8.131,0.023,8.172,0.02,8.124,0.021,8.467,0.311,8.776,0.021,8.311,0.036,8.25,0.026,0000,0,000n,-4,26,27,25,AAAB,0.116,2M
J030042.84+002030.3,45.178507,0.3417649,Im,17.458,0.151,16.242,0.195,12.745,,9.105,,,,,,,,0000,0,nnnn,-1214,1038,-1606,1105,BBUU,,2M
J030044.20+002034.4,45.1841937,0.3428913,Im,17.177,0.133,16.839,0.311,12.622,,8.855,,,,,,,,0000,0,nnnn,-7,975,-634,1025,BBUU,,2M
J030041.06+002035.5,45.1710938,0.3432044,Im,17.174,0.121,17.378,,12.597,,8.978,,,,,,,,0000,0,nnnn,-1803,949,2555,986,BUUU,,2M
J030041.16+002043.4,45.171512,0.3454004,Im,17.856,0.218,16.734,,12.569,,9.009,,,,,,,,0000,0,nnnn,-228,1866,-853,1960,BUUU,,2M
J030041.92+002049.1,45.174703,0.3469744,Im,17.755,0.194,17.448,,12.432,,8.514,,,,,,,,0000,0,nnnn,47,1844,2427,1921,BUUU,,2M
J030044.17+002101.8,45.1840798,0.3505008,Im,16.636,0.08,16.293,0.201,12.615,,9.115,,,,,,,,0000,0,nnnn,-770,547,606,577,ABUU,,2M
J030045.99+002119.4,45.1916593,0.3554054,Im,16.871,0.092,16.699,0.285,11.836,,9.21,,,,,,,,0000,0,nnnn,157,683,52,715,ABUU,,2M
J030043.99+002114.8,45.1833088,0.3541334,Im,17.013,0.103,16.564,0.244,12.641,,9.014,,,,,,,,0000,0,nnnn,901,746,-126,802,ABUU,,2M
J030043.72+002128.3,45.182207,0.3578748,Im,16.654,0.075,16.708,0.286,12.132,,9.119,,,,,,,,0000,0,0nnn,-52,556,-20,586,ABUU,,2M
J030045.47+002132.8,45.1894846,0.3591202,Im,15.327,0.036,13.961,0.037,10.964,0.119,8.356,0.284,,,,,,,0000,0,00nn,-13,146,-110,151,AABB,,2M
J030044.76+002140.0,45.1865195,0.3611128,Im,17.086,0.105,16.746,0.289,11.959,,8.756,,,,,,,,0000,0,nnnn,693,842,928,876,ABUU,,2M
J030039.18+002103.2,45.1632558,0.3509041,Im,16.823,0.09,16.834,0.335,12.231,,9.045,,,,,,,,0000,0,nnnn,365,692,126,732,ABUU,,2M
J030040.64+002103.8,45.1693366,0.3510656,Im,17.556,0.162,17.2,,12.083,,8.764,,,,,,,,0000,0,nnnn,-151,1502,1121,1587,BUUU,,2M
J030039.73+002113.6,45.1655805,0.3537961,Im,15.819,0.045,16.011,0.158,12.534,,8.906,,,,,,,,0000,0,0nnn,-70,266,44,281,ABUU,,2M
J030037.81+002106.3,45.157563,0.351751,Im,15.831,0.043,15.425,0.093,12.638,,8.742,0.37,,,,,,,d000,0,0nnn,-269,245,140,257,AAUC,,2M
J030038.53+002114.4,45.1605585,0.3540192,Im,16.093,0.05,16.031,0.149,12.424,,9.219,,,,,,,,0000,0,0nnn,-384,313,269,334,ABUU,,2M
J030037.38+002119.3,45.1557608,0.355368,Im,16.734,0.078,17.27,0.477,12.717,,9.203,,,,,,,,0h00,0,nnnn,906,575,-334,610,ACUU,,2M
J030039.18+002139.8,45.1632513,0.361067,Im,17.14,0.106,17.133,0.389,12.278,,9.082,,,,,,,,0000,0,nnnn,708,881,116,924,ACUU,,2M
J030041.09+002129.9,45.1712087,0.3583097,Im,17.318,0.131,16.89,,12.375,,8.769,,,,,,,,0000,0,nnnn,-194,1089,889,1138,BUUU,,2M
J030043.69+002147.3,45.1820694,0.3631586,Im,17.762,0.186,17.198,,12.723,,8.58,,,,,,,,0000,0,nnnn,48,1850,-68,1971,BUUU,,2M
J030040.52+002140.7,45.1688355,0.3613321,Im,17.283,0.127,16.563,0.267,11.999,,8.714,,,,,,,,0000,0,nnnn,70,952,-880,1011,BBUU,,2M
J030054.77+002046.4,45.2282274,0.3462406,Im,15.381,0.037,15.431,0.092,12.542,,8.893,,16.361,0.132,15.895,0.169,15.324,,0000,0,0nnn,-118,176,153,185,AAUU,0.19,2M
J030055.75+002103.5,45.232314,0.3509926,Im,17.268,0.131,16.871,0.333,12.015,,8.93,,,,,,,,0000,0,nnnn,1052,972,-2005,1027,BBUU,,2M
J030057.45+002118.6,45.2393802,0.3551676,Im,17.738,0.187,17.2,,12.579,,8.78,,,,,,,,0000,0,nnnn,-1198,1741,332,1815,BUUU,,2M
J030056.48+002122.6,45.2353472,0.3562814,Im,16.465,0.069,16.12,0.172,12.222,,9.083,,,,,,,,0000,0,0nnn,-33,467,302,495,ABUU,,2M
J030053.79+002103.4,45.2241312,0.3509618,Im,17.875,0.218,17.187,0.458,12.59,,8.916,,,,,,,,0000,0,nnnn,-568,2015,-565,2132,BCUU,,2M
J030054.58+002113.4,45.2274419,0.3537486,Im,17.729,0.185,16.986,,12.578,,8.402,,,,,,,,0000,0,nnnn,192,1744,-22,1800,BUUU,,2M
J030056.26+002137.3,45.2344275,0.3603653,Im,17.44,0.15,17.093,0.423,12.648,,8.928,,,,,,,,0000,0,nnnn,-810,1270,667,1320,BCUU,,2M
J030055.52+002136.7,45.231371,0.3601945,Im,16.224,0.057,16.111,0.173,12.633,,9.004,,,,,,,,0000,0,0nnn,-312,370,-229,390,ABUU,,2M
J030054.99+002141.3,45.229136,0.3614935,Im,16.906,0.093,16.841,0.327,12.694,,9.063,,,,,,,,0000,0,nnnn,-695,718,-272,752,ABUU,,2M
J030050.40+002103.9,45.2100397,0.3511004,Im,14.713,0.047,14.691,0.074,12.073,,8.913,,15.554,0.066,14.97,0.076,14.825,0.123,0000,0,00nn,-238,168,71,154,AAUU,0.09,2M
J030050.54+002115.1,45.2105956,0.354195,Im,13.102,0.023,12.923,0.026,12.3,0.391,8.839,,14.115,0.032,13.525,0.03,13.33,0.046,0000,0,11nn,28,43,1,44,AACU,0.203,2M
J030051.63+002120.6,45.2151262,0.3557431,Im,15.941,0.051,15.75,0.125,12.026,,8.856,,,,,,,,0000,0,0nnn,820,305,-106,322,ABUU,,2M
J030049.46+002131.2,45.206117,0.3586726,Im,16.848,0.09,16.43,0.239,12.261,,8.915,,,,,,,,0000,0,nnnn,436,688,-670,739,ABUU,,2M
J030054.12+002137.8,45.2255087,0.3605262,Im,17.584,0.171,16.771,,12.678,,8.956,,,,,,,,0000,0,nnnn,-4,1733,497,1805,BUUU,,2M
J030050.85+002145.4,45.2118754,0.3626227,Im,16.903,0.094,16.79,0.351,11.881,,8.788,,,,,,,,0000,0,nnnn,742,766,-57,800,ABUU,,2M
J030053.72+002202.6,45.2238355,0.3674037,Im,15.757,0.044,15.289,0.089,12.249,0.38,8.98,,,,,,,,0000,0,0nnn,-134,250,-34,258,AACU,,2M
J030052.93+002214.7,45.2205642,0.3707562,Im,17.097,0.108,17.241,0.472,12.537,,8.553,,,,,,,,0000,0,nnnn,-793,862,623,892,ACUU,,2M
J030057.02+002148.7,45.2375921,0.3635343,Im,17.42,0.142,17.381,0.532,12.674,,9.042,,,,,,,,0000,0,nnnn,-184,1281,-58,1304,BCUU,,2M
J030100.41+002247.5,45.251735,0.379867,Im,17.083,0.105,17.186,0.415,12.099,,8.879,,,,,,,,0000,0,nnnn,596,869,-220,900,ACUU,,2M
J030054.72+002223.6,45.2280139,0.3732372,Im,15.79,0.045,15.393,0.092,12.129,0.41,8.515,,,,,,,,0000,0,0nnn,42,250,-189,264,AACU,,2M
J030055.49+002234.3,45.2312253,0.3762092,Im,17.704,0.174,16.781,,12.638,,8.897,,,,,,,,0000,0,nnnn,-440,1426,-2301,1522,BUUU,,2M
J030056.47+002243.1,45.235328,0.3786624,Im,17.498,0.154,16.914,0.364,12.188,,9.026,,,,,,,,0000,0,nnnn,1296,1326,-894,1381,BCUU,,2M
J030057.68+002257.9,45.2403587,0.3827531,Im,17.535,0.164,17.249,,12.245,,8.599,,,,,,,,0000,0,nnnn,-279,1380,178,1443,BUUU,,2M
J030056.04+002256.8,45.2335027,0.3824673,Im,17.123,0.12,16.705,0.292,12.686,,9.028,,,,,,,,0000,0,nnnn,128,846,-365,889,BBUU,,2M
J030049.39+002150.5,45.2058247,0.3640504,Im,16.745,0.088,16.62,,12.54,0.536,9.048,,,,,,,,0000,0,nnnn,-379,634,74,688,AUCU,,2M
J030047.17+002150.4,45.1965482,0.3640033,Im,17.289,0.123,16.801,,12.466,,8.858,,,,,,,,0000,0,nnnn,3795,987,850,1030,BUUU,,2M
J030046.02+002150.5,45.1917655,0.3640299,Im,16.456,0.066,16.517,0.232,12.729,,8.41,,,,,,,,0000,0,0nnn,229,442,-276,467,ABUU,,2M
J030047.99+002212.9,45.1999801,0.3702537,Im,12.52,0.023,12.559,0.024,12.026,0.297,9.065,,13.463,0.026,12.763,0.028,12.579,0.029,0000,0,22nn,54,35,-12,36,AABU,0.165,2M
J030049.24+002202.4,45.2052048,0.3673478,Im,17.394,0.135,16.691,,12.005,,8.603,,,,,,,,0000,0,nnnn,131,1194,-817,1251,BUUU,,2M
J030050.24+002210.1,45.2093405,0.3694787,Im,17.251,0.121,16.811,0.316,12.052,,8.743,,,,,,,,0000,0,nnnn,-656,999,-504,1055,BBUU,,2M
J030048.43+002218.6,45.2018228,0.3718461,Im,17.188,0.132,16.857,,12.503,,9.09,,,,,,,,0000,0,nnnn,-1841,1105,-1930,1194,BUUU,,2M
J030048.49+002235.8,45.2020513,0.376634,Im,17.207,0.124,17.347,,11.985,,8.45,,,,,,,,0000,0,nnnn,864,965,431,1043,BUUU,,2M
J030044.11+002213.0,45.183817,0.3703033,Im,17.004,0.1,17.317,0.459,12.42,,8.82,,,,,,,,0000,0,nnnn,448,750,1209,788,ACUU,,2M
J030045.31+002217.8,45.1888093,0.3716258,Im,16.732,0.078,16.463,0.216,12.266,,8.438,,,,,,,,0000,0,0nnn,72,567,41,595,ABUU,,2M
J030046.30+002236.9,45.1929331,0.3769303,Im,16.8,0.082,15.959,0.147,12.358,,9.09,,,,,,,,0000,0,nnnn,-543,572,695,609,ABUU,,2M
J030047.60+002252.2,45.1983669,0.3811874,Im,16.879,0.096,17.368,,12.648,,8.645,,,,,,,,0000,0,nnnn,-508,717,-216,753,AUUU,,2M
J030045.52+002300.6,45.1896989,0.3835159,Im,17.881,0.206,16.645,0.253,12.69,,9.068,,,,,,,,0000,0,nnnn,690,1631,-404,1724,BBUU,,2M
J030054.93+002250.9,45.2288992,0.3808116,Im,13.705,0.025,13.624,0.033,12.626,,8.398,,14.748,0.045,14.046,0.043,13.801,0.052,0000,0,11nn,-17,53,125,55,AAUU,0.213,2M
J030050.54+002253.8,45.2106228,0.3816333,Im,14.758,0.03,14.686,0.058,12.165,,9.126,,15.58,0.065,15.135,0.085,14.745,0.118,0000,0,11nn,-52,108,128,112,AAUU,0.5,2M
J030055.47+002320.9,45.2311536,0.3891412,Im,17.453,0.147,16.688,,12.704,,8.698,,,,,,,,0000,0,nnnn,2659,1273,-504,1330,BUUU,,2M
J030053.48+002331.9,45.2228636,0.3922222,Im,16.577,0.073,15.965,0.141,12.507,,9.112,,,,,,,,0000,0,1nnn,365,484,296,518,ABUU,,2M
J030055.57+002333.7,45.231548,0.3927081,Im,17.635,0.174,16.899,0.334,12.661,,8.627,,,,,,,,0000,0,nnnn,-1071,1632,116,1729,BBUU,,2M
J030049.63+002311.7,45.2068118,0.3866044,Im,17.378,0.138,16.77,,12.684,,8.953,,,,,,,,0000,0,nnnn,-1063,1148,-385,1247,BUUU,,2M
J030049.51+002332.7,45.2063322,0.3924211,Im,13.907,0.026,13.942,0.037,12.177,0.319,9.098,,14.608,0.038,14.079,0.042,14.078,0.064,0000,0,00nn,94,62,57,64,AABU,0.282,2M
J030048.48+002337.1,45.2020299,0.3936664,Im,17.824,0.206,17.292,0.477,12.081,,8.702,,,,,,,,0000,0,nnnn,-1765,1773,2085,1986,BCUU,,2M
J030048.73+002346.2,45.2030661,0.3961804,Im,17.034,0.102,16.106,0.165,12.691,,8.627,,,,,,,,0000,0,nnnn,116,698,-3190,746,ABUU,,2M
J030050.16+002353.7,45.2090329,0.3982777,Im,16.923,0.093,16.692,0.274,12.581,,8.65,,,,,,,,0000,0,nnnn,68,725,-296,760,ABUU,,2M
J030054.12+002352.7,45.2255017,0.3979882,Im,17.216,0.119,16.293,0.193,12.425,,8.86,,,,,,,,0000,0,nnnn,49,827,-158,865,BBUU,,2M
J030051.81+002408.2,45.2159065,0.40229,Im,17.944,0.212,17.209,,12.597,,8.679,,,,,,,,0000,0,nnnn,-1175,1784,669,1889,BUUU,,2M
J030053.81+002420.2,45.2242467,0.4056367,Im,16.794,0.083,16.98,0.345,12.126,,9.007,,,,,,,,0000,0,0nnn,-214,620,-386,646,ABUU,,2M
J030031.51+002102.5,45.1313041,0.3506956,Im,17.938,0.213,17.469,,12.63,,9.045,,,,,,,,hh00,0,nnnn,-1174,1338,1206,1432,BUUU,,2M
J030035.15+002104.6,45.1464739,0.3512962,Im,16.791,0.079,17.159,,12.711,,8.925,,,,,,,,hH00,0,nnnn,279,651,119,678,AUUU,,2M
J030033.94+002134.9,45.1414402,0.3597022,Im,8.587,0.023,8.63,0.02,8.598,0.028,8.573,0.355,8.993,0.018,8.686,0.024,8.651,0.025,0000,0,000n,-72,26,-41,25,AAAB,0.814,2M
J030029.02+002057.1,45.1209282,0.3492085,Im,17.329,0.134,16.72,,12.325,,9.048,,,,,,,,0000,0,nnnn,-529,1070,-969,1139,BUUU,,2M
J030030.44+002118.3,45.1268705,0.3551021,Im,16.907,0.087,17.438,,12.648,,8.357,,,,,,,,0h00,0,nnnn,-560,692,647,742,AUUU,,2M
J030028.53+002131.7,45.1188774,0.3588301,Im,16.57,0.077,16.801,,12.712,,9.222,,,,,,,,0000,0,0nnn,-715,523,59,551,AUUU,,2M
J030031.37+002209.5,45.1307377,0.3693219,Im,17.388,0.13,16.878,,12.538,,9.016,,,,,,,,0h00,0,nnnn,-84,1171,-109,1235,BUUU,,2M
J030038.43+002137.8,45.1601563,0.3605206,Im,17.578,0.152,16.77,0.281,12.525,,9.166,0.522,,,,,,,0000,0,nnnn,475,1275,222,1356,BBUC,,2M
J030036.62+002153.0,45.1525896,0.3647447,Im,16.875,0.094,17.264,,12.544,,9.133,,,,,,,,dh00,0,nnnn,916,713,-120,752,AUUU,,2M
J030037.10+002218.3,45.1545963,0.3717589,Im,16.98,0.092,17.238,,12.144,,9.171,,,,,,,,0h00,0,nnnn,514,794,-718,828,AUUU,,2M
J030040.44+002205.8,45.168521,0.3682875,Im,16.933,0.095,17.216,0.46,11.994,,8.364,,,,,,,,0000,0,0nnn,-739,746,-225,783,ACUU,,2M
J030040.57+002241.7,45.1690505,0.3782744,Im,16.332,0.056,15.986,0.14,11.951,,8.724,,,,,,,,d000,0,0nnn,-138,390,-92,416,ABUU,,2M
J030036.53+002218.8,45.15224,0.3719024,Im,17.142,0.104,16.873,,12.102,,9.146,,,,,,,,0h00,0,nnnn,1147,876,398,930,AUUU,,2M
J030033.00+002224.8,45.1375049,0.3735813,Im,17.826,0.181,17.528,,12.623,,8.963,,,,,,,,0h00,0,nnnn,351,1535,-2368,1638,BUUU,,2M
J030035.48+002241.2,45.1478457,0.3781254,Im,15.593,0.038,15.302,0.084,12.687,,9.041,,,,,,,,dd00,0,0nnn,366,201,194,210,AAUU,,2M
J030036.70+002310.8,45.152932,0.3863456,Im,8.662,0.023,8.686,0.02,8.663,0.024,8.577,0.336,9.014,0.026,8.784,0.046,8.725,0.025,0000,0,011n,0,25,0,25,AAAB,0.274,2M
J030027.15+002150.4,45.1131529,0.3640181,Im,17.664,0.156,17.189,,12.635,,8.892,,,,,,,,0000,0,nnnn,-647,1486,-640,1581,BUUU,,2M
J030027.65+002203.5,45.1152478,0.3676419,Im,16.969,0.09,16.871,,12.476,,8.739,,,,,,,,0h00,0,nnnn,-791,675,242,722,AUUU,,2M
J030024.50+002149.9,45.1021047,0.3638671,Im,16.322,0.055,16.291,0.189,12.577,,8.867,,,,,,,,0000,0,0nnn,-26,381,-441,406,ABUU,,2M
J030029.08+002220.4,45.1211749,0.37234,Im,16.032,0.052,15.665,0.112,12.134,,8.394,,,,,,,,0h00,0,0nnn,-356,297,210,318,ABUU,,2M
J030028.63+002231.0,45.1193328,0.3753022,Im,17.106,0.108,17.48,0.542,12.379,0.378,8.835,,,,,,,,hH00,0,nnnn,5061,655,5776,694,ACCU,,2M
J030023.01+002217.9,45.0958931,0.3716535,Im,17.043,0.096,16.865,,12.591,,8.815,,,,,,,,0000,0,nnnn,-976,766,1279,820,AUUU,,2M
J030024.43+002237.0,45.1017958,0.3769665,Im,16.962,0.093,17.04,0.386,12.707,0.536,9.101,,,,,,,,hh00,0,nnnn,-144,714,-298,735,ACCU,,2M
J030027.06+002251.0,45.1127774,0.3808522,Im,9.139,0.023,9.162,0.02,9.166,0.032,8.44,,9.567,0.023,9.31,0.025,9.206,0.022,0000,0,110n,-34,26,44,25,AAAU,0.188,2M
J030032.62+002236.5,45.1359264,0.3768062,Im,17.514,0.144,17.506,,12.087,,9.24,,,,,,,,0000,0,nnnn,116,1285,483,1363,BUUU,,2M
J030033.81+002257.3,45.1408963,0.3825863,Im,17.773,0.186,17.452,,12.652,,9.28,,,,,,,,hh00,0,nnnn,-1162,1577,-691,1673,BUUU,,2M
J030029.95+002254.9,45.1247996,0.3819292,Im,16.813,0.09,16.658,,12.406,0.436,9.121,,,,,,,,0h00,0,nnnn,-168,702,-253,731,AUCU,,2M
J030031.22+002324.6,45.130085,0.3901751,Im,16.858,0.085,16.678,,12.672,,8.6,,,,,,,,0000,0,nnnn,92,681,-201,733,AUUU,,2M
J030034.04+002312.7,45.1418709,0.3868861,Im,17.594,0.166,17.358,0.535,12.496,,8.816,0.398,,,,,,,hH00,0,nnnn,-494,1401,-352,1468,BCUC,,2M
J030035.20+002338.0,45.1466862,0.3938929,Im,16.792,0.092,16.762,0.296,11.939,,8.841,,,,,,,,hH00,0,nnnn,483,623,836,660,ABUU,,2M
J030034.59+002348.8,45.1441278,0.3969098,Im,17.883,0.201,16.979,,12.628,,8.795,,,,,,,,0h00,0,nnnn,572,1961,-94,2087,BUUU,,2M
J030028.45+002334.2,45.1185422,0.3928491,Im,15.201,0.035,15.215,0.081,12.765,,8.458,,15.831,0.08,15.384,0.124,15.4,0.213,dd00,0,00nn,-15,151,-137,161,AAUU,0.207,2M
J030030.03+002348.4,45.125136,0.3967787,Im,16.55,0.069,16.278,0.199,12.074,0.28,8.621,,,,,,,,0000,0,0nnn,-137,494,-173,516,ABBU,,2M
J030033.20+002357.0,45.1383646,0.3991889,Im,11.242,0.023,11.276,0.021,11.297,0.15,8.82,,11.67,0.024,11.373,0.024,11.316,0.027,0000,0,00nn,-44,28,34,28,AABU,0.077,2M
J030031.40+002402.3,45.1308503,0.4006648,Im,16.319,0.061,16.422,0.212,12.402,,8.942,,,,,,,,0000,0,2nnn,155,401,-644,411,ABUU,,2M
J030031.39+002430.5,45.1307944,0.408475,Im,15.497,0.038,15.247,0.083,12.764,,8.387,,,,,,,,0000,0,00nn,-104,191,38,198,AAUU,,2M
J030042.92+002234.4,45.1788596,0.3762454,Im,15.886,0.047,15.613,0.108,12.671,,8.884,,,,,,,,0000,0,0nnn,-204,267,-783,278,AAUU,,2M
J030043.71+002305.6,45.1821576,0.3849037,Im,17.458,0.147,17.138,,12.262,,9.141,,,,,,,,0000,0,nnnn,-132,1229,-479,1285,BUUU,,2M
J030040.70+002306.4,45.1695982,0.3851387,Im,16.534,0.066,16.506,0.209,12.289,,9.134,,,,,,,,0000,0,1nnn,276,468,126,495,ABUU,,2M
J030041.68+002319.9,45.1736966,0.3888667,Im,17.457,0.136,17.165,0.399,12.012,,9.07,,,,,,,,0000,0,nnnn,773,1126,426,1193,BCUU,,2M
J030044.70+002259.0,45.186273,0.3830669,Im,16.853,0.09,15.663,0.114,12.125,,8.899,,,,,,,,0000,0,nnnn,-202,563,-144,602,ABUU,,2M
J030047.02+002325.4,45.1959268,0.3904007,Im,12.926,0.023,12.914,0.025,12.246,0.383,9.08,,13.918,0.026,13.215,0.03,13.029,0.032,0000,0,11nn,5,40,-55,41,AACU,0.172,2M
J030044.03+002331.3,45.183459,0.3920497,Im,17.597,0.153,17.175,,12.629,,8.914,,,,,,,,0000,0,nnnn,2321,1334,334,1395,BUUU,,2M
J030044.53+002341.8,45.185577,0.3949459,Im,17.712,0.174,16.673,0.271,12.356,,8.78,,,,,,,,0000,0,nnnn,572,1371,-91,1432,BBUU,,2M
J030045.71+002342.9,45.1904763,0.3952559,Im,17.928,0.211,17.428,,12.556,,8.913,,,,,,,,0000,0,nnnn,209,1880,1027,1997,BUUU,,2M
J030040.36+002320.7,45.1681991,0.3890993,Im,15.864,0.043,15.389,0.084,12.453,0.447,8.337,,,,,,,,0h00,0,0nnn,71,248,-418,259,AACU,,2M
J030038.92+002331.1,45.1621794,0.3919876,Im,15.302,0.034,15.143,0.072,12.627,,8.342,,16.386,0.122,15.685,0.134,15.541,0.225,hh00,0,00nn,-104,158,-90,164,AAUU,0.431,2M
J030039.17+002352.0,45.1632181,0.3977835,Im,16.939,0.088,17.421,,12.138,,9.101,,,,,,,,0h00,0,nnnn,-109,714,-625,751,AUUU,,2M
J030043.61+002359.5,45.1817141,0.3998673,Im,17.374,0.13,17.151,0.42,12.764,,9.15,,,,,,,,d000,0,nnnn,148,1101,75,1148,BCUU,,2M
J030043.51+002411.1,45.1813205,0.4031013,Im,17.889,0.212,16.759,,12.681,,9.062,,,,,,,,0000,0,nnnn,-859,1733,440,1870,BUUU,,2M
J030039.90+002404.9,45.1662889,0.401378,Im,15.561,0.037,15.583,0.103,12.658,,8.718,,,,,,,,h000,0,0nnn,-150,196,-264,210,AAUU,,2M
J030041.48+002412.9,45.1728601,0.4035932,Im,10.564,0.023,10.593,0.02,10.501,0.081,8.927,,11.015,0.023,10.654,0.022,10.603,0.021,0000,0,001n,9,27,26,26,AAAU,0.083,2M
J030048.47+002405.1,45.20196,0.4014297,Im,17.698,0.178,16.745,0.295,12.076,,8.317,,,,,,,,0000,0,nnnn,304,1388,-557,1456,BBUU,,2M
J030049.00+002412.5,45.2042042,0.4034956,Im,15.728,0.042,15.67,0.116,12.333,,8.434,,,,,,,,0000,0,0nnn,33,237,-105,245,ABUU,,2M
J030047.76+002421.4,45.1990236,0.4059518,Im,16.582,0.075,16.746,0.298,11.916,,8.989,,,,,,,,0000,0,0nnn,12,545,579,579,ABUU,,2M
J030051.21+002448.8,45.2133794,0.41357,Im,15.176,0.035,14.931,0.06,12.202,,8.969,,,,,,,,0000,0,11nn,81,144,197,150,AAUU,,2M
J030048.90+002433.0,45.2037734,0.409168,Im,16.998,0.096,16.282,0.186,12.041,,8.695,,,,,,,,0000,0,nnnn,466,728,50,782,ABUU,,2M
J030048.60+002440.8,45.2025243,0.4113476,Im,17.017,0.1,16.687,0.268,12.551,0.48,8.796,,,,,,,,0000,0,nnnn,62,761,-1074,810,ABCU,,2M
J030047.84+002446.6,45.1993388,0.4129694,Im,17.543,0.151,17.271,,12.094,,8.996,,,,,,,,0000,0,nnnn,-666,1379,-737,1457,BUUU,,2M
J030047.22+002449.7,45.1967829,0.4138203,Im,17.553,0.161,16.808,0.296,12.613,,8.678,,,,,,,,0000,0,nnnn,-924,1383,364,1463,BBUU,,2M
J030048.39+002501.3,45.2016585,0.417043,Im,17.279,0.119,17.398,0.538,12.639,,9.005,,,,,,,,0000,0,nnnn,-346,975,-94,1026,BCUU,,2M
J030049.13+002509.9,45.2047139,0.4194274,Im,16.573,0.072,16.268,0.194,12.279,,8.983,,,,,,,,0000,0,0nnn,238,482,304,505,ABUU,,2M
J030047.13+002511.0,45.1963817,0.4197374,Im,17.165,0.12,16.935,0.354,12.484,,8.787,,,,,,,,0000,0,nnnn,422,916,-262,971,BBUU,,2M
J030047.06+002529.7,45.1961076,0.424928,Im,17.357,0.128,16.88,0.324,12.609,,8.631,,,,,,,,0000,0,nnnn,-451,1020,-267,1093,BBUU,,2M
J030036.79+002417.9,45.153295,0.4049843,Im,16.43,0.06,16.573,0.241,12.541,,8.99,,,,,,,,0000,0,0nnn,-200,443,298,461,ABUU,,2M
J030039.26+002410.0,45.1636028,0.4027996,Im,15.888,0.045,15.625,0.105,12.054,,8.731,,,,,,,,0000,0,0nnn,-10,261,220,275,AAUU,,2M
J030040.57+002420.5,45.1690489,0.4057194,Im,13.314,0.025,13.221,0.028,12.26,0.344,9.075,,14.529,0.033,13.809,0.039,13.507,0.049,dd00,1,21nn,26,45,10,47,AABU,0.424,2M
J030038.61+002421.6,45.1608793,0.4060263,Im,16.213,0.056,16.532,0.236,11.91,,8.826,,,,,,,,0000,0,0nnn,-357,378,-37,395,ABUU,,2M
J030041.07+002438.8,45.1711359,0.4107924,Im,17.303,0.135,17.399,,12.624,,9.064,,,,,,,,0000,0,nnnn,-275,1078,446,1148,BUUU,,2M
J030038.47+002437.1,45.1602933,0.4103238,Im,17.873,0.203,17.144,,12.16,,8.948,,,,,,,,0000,0,nnnn,-2832,1860,224,1948,BUUU,,2M
J030040.46+002451.9,45.1685925,0.4144174,Im,17.837,0.201,17.432,,12.361,,8.617,,,,,,,,0000,0,nnnn,722,1652,1581,1765,BUUU,,2M
J030033.67+002418.6,45.1403284,0.405188,Im,17.172,0.111,16.725,,12.662,,8.78,,,,,,,,0000,0,nnnn,62,887,1685,936,BUUU,,2M
J030034.30+002427.9,45.1429418,0.4077503,Im,17.371,0.135,16.986,,12.59,,9.051,,,,,,,,0000,0,nnnn,-1185,1064,2340,1136,BUUU,,2M
J030034.56+002447.5,45.1440341,0.4132028,Im,11.639,0.023,11.728,0.022,11.733,0.263,8.866,,12.855,0.048,12.302,0.049,11.926,0.038,0000,1,01nn,0,30,0,30,AABU,0.317,2M
J030035.37+002515.0,45.1474088,0.4208411,Im,17.955,0.218,17.202,0.431,12.203,,8.988,,,,,,,,0000,0,nnnn,-1454,2072,732,2221,BCUU,,2M
J030042.91+002451.9,45.178795,0.4144238,Im,17.628,0.173,17.104,0.397,12.153,,9.079,,,,,,,,0000,0,nnnn,-1925,1371,-2950,1459,BCUU,,2M
J030041.16+002452.3,45.1715094,0.4145472,Im,17.762,0.185,17.214,,12.614,,9.051,,,,,,,,0000,0,nnnn,738,1676,-376,1794,BUUU,,2M
J030043.32+002502.9,45.1805031,0.4174893,Im,17.971,0.209,16.704,0.283,12.504,,9.128,,,,,,,,0000,0,nnnn,-896,1780,1156,1906,BBUU,,2M
J030044.55+002517.3,45.1856539,0.4214866,Im,16.835,0.092,17.257,0.465,12.59,,8.719,,,,,,,,0000,0,nnnn,-352,682,561,730,ACUU,,2M
J030044.61+002547.4,45.1858914,0.4298595,Im,17.595,0.172,16.887,,12.601,,8.524,,,,,,,,0000,0,nnnn,-221,1451,1668,1538,BUUU,,2M
J030039.95+002524.3,45.166464,0.4234241,Im,16.997,0.1,17.334,,12.456,0.496,8.952,,,,,,,,0000,0,0nnn,-14,805,-24,844,AUCU,,2M
J030040.73+002547.8,45.1697186,0.4299578,Im,16.164,0.055,16.085,0.163,12.463,,9.049,,,,,,,,0000,0,1nnn,503,340,-146,362,ABUU,,2M
J030040.98+002558.3,45.1707546,0.4328633,Im,17.091,0.106,16.35,0.203,12.545,,9.01,,,,,,,,0000,0,nnnn,-764,828,591,875,ABUU,,2M
J030038.46+002535.3,45.1602817,0.4264897,Im,17.855,0.209,17.458,,12.181,,8.613,,,,,,,,0000,0,nnnn,-787,1642,2413,1741,BUUU,,2M
J030038.03+002552.2,45.1584942,0.4311931,Im,17.762,0.177,17.3,,12.174,,8.814,,,,,,,,0000,0,nnnn,1450,1617,-1007,1720,BUUU,,2M
J030042.68+002557.3,45.1778501,0.4325944,Im,17.699,0.18,16.743,0.295,12.592,,8.417,,,,,,,,0000,0,nnnn,-385,1503,-31,1590,BBUU,,2M
J030044.39+002619.7,45.1849645,0.4388261,Im,17.379,0.14,17.226,0.448,12.558,,8.77,,,,,,,,0000,0,nnnn,305,1116,-858,1188,BCUU,,2M
J030040.98+002618.5,45.1707541,0.4384922,Im,16.436,0.067,15.806,0.13,12.772,,8.296,,,,,,,,0000,0,0nnn,528,424,415,453,ABUU,,2M
J025915.22+000930.1,44.8134503,0.158375,Im,17.114,0.119,16.582,0.282,12.751,,9.129,,,,,,,,0000,0,nnnn,-695,860,340,885,BBUU,,2M
J025916.51+000941.3,44.8188262,0.161496,Im,17.094,0.11,17.061,0.398,12.802,,8.797,,,,,,,,0000,0,nnnn,1701,875,585,911,BCUU,,2M
J025921.83+001011.6,44.840977,0.1699052,Im,17.261,0.119,17.144,0.43,12.753,,9.344,,,,,,,,0000,0,nnnn,-1191,978,-644,1010,BCUU,,2M
J025915.40+001003.4,44.8141826,0.1676284,Im,13.894,0.026,13.971,0.039,12.771,0.532,9.012,,14.61,0.038,14.078,0.049,13.942,0.061,0000,0,11nn,-39,62,103,63,AACU,0.065,2M
J025915.25+001029.6,44.8135726,0.1749159,Im,17.624,0.181,16.835,,12.612,,9.239,,,,,,,,0000,0,nnnn,-428,1670,-109,1707,BUUU,,2M
J025918.76+001033.9,44.8281702,0.1760939,Im,16.887,0.091,16.605,0.257,12.567,,8.856,,,,,,,,0000,0,nnnn,-605,639,-58,665,ABUU,,2M
J025922.51+001012.8,44.8438095,0.1702476,Im,17.55,0.155,17.07,0.418,12.837,,9.234,,,,,,,,0000,0,nnnn,1363,1272,852,1341,BCUU,,2M
J025923.72+001013.6,44.8488654,0.1704476,Im,17.137,0.113,17.204,0.48,12.812,,9.291,,,,,,,,0000,0,nnnn,-1402,912,141,936,BCUU,,2M
J025923.87+001031.2,44.8494898,0.1753581,Im,17.611,0.169,16.786,,12.531,,8.893,,,,,,,,0000,0,nnnn,-2665,1442,1144,1528,BUUU,,2M
J025924.06+001047.3,44.8502873,0.179819,Im,17.424,0.142,16.537,0.263,12.145,,9.205,,,,,,,,0000,0,nnnn,367,1059,122,1113,BBUU,,2M
J025921.33+001040.4,44.8388757,0.1779129,Im,17.131,0.108,16.684,0.285,12.672,,8.873,,,,,,,,0000,0,nnnn,-1928,832,561,888,ABUU,,2M
J025925.60+001042.6,44.8566788,0.1785116,Im,17.159,0.111,16.698,,12.855,,9.074,,,,,,,,0000,0,nnnn,880,824,752,871,BUUU,,2M
J025925.12+001114.6,44.8546709,0.1873944,Im,17.196,0.116,16.79,0.301,12.876,,9.418,,,,,,,,0000,0,nnnn,-199,845,-148,888,BBUU,,2M
J025919.47+001050.7,44.8311601,0.1807585,Im,17.327,0.127,17.17,,12.116,,8.782,,,,,,,,0000,0,nnnn,-239,987,-528,1032,BUUU,,2M
J025920.47+001101.9,44.8353112,0.1838848,Im,16.491,0.066,16.304,0.193,12.742,,9.078,,,,,,,,0000,0,0nnn,665,445,739,462,ABUU,,2M
J025921.10+001117.2,44.8379412,0.1881265,Im,17.499,0.151,16.438,0.218,12.176,,9.046,,,,,,,,0000,0,nnnn,-135,1130,-956,1192,BBUU,,2M
J025918.96+001113.4,44.8290225,0.1870687,Im,17.647,0.167,16.769,,12.146,,9.268,,,,,,,,0000,0,nnnn,844,1281,-2039,1346,BUUU,,2M
J025920.42+001132.9,44.8350836,0.1924735,Im,16.176,0.055,15.993,0.157,12.82,,9.195,,,,,,,,0000,0,0nnn,615,335,-231,344,ABUU,,2M
J025921.75+001137.9,44.8406632,0.1938707,Im,14.94,0.032,14.694,0.056,12.386,,9.302,,16.08,0.091,15.429,0.093,15.241,0.179,0000,0,00nn,225,118,-84,121,AAUU,0.135,2M
J025923.02+001148.7,44.8459171,0.1968723,Im,17.555,0.161,17.286,0.467,12.755,,9.266,,,,,,,,0000,0,nnnn,357,1305,-29,1348,BCUU,,2M
J025913.48+001024.4,44.8062013,0.1734599,Im,15.142,0.034,14.969,0.066,12.813,,8.979,,16.193,0.102,15.513,0.105,15.523,0.225,0000,0,00nn,-172,135,-216,141,AAUU,0.407,2M
J025912.53+001024.2,44.8022242,0.1733898,Im,15.42,0.037,15.306,0.085,12.864,,9.235,,15.906,0.094,15.508,0.1,15.371,0.18,0000,0,0nnn,-135,171,96,178,AAUU,0.039,2M
J025914.11+001040.5,44.808821,0.1779371,Im,17.315,0.137,16.597,0.262,12.245,,8.803,,,,,,,,0000,0,nnnn,763,1001,-240,1056,BBUU,,2M
J025913.02+001031.9,44.8042727,0.1755434,Im,16.142,0.055,15.839,0.14,12.47,0.371,9.106,,,,,,,,0000,0,1nnn,623,322,208,339,ABCU,,2M
J025910.83+001047.8,44.7951586,0.1799633,Im,17.675,0.189,17.178,0.455,12.422,,9.206,,,,,,,,0000,0,nnnn,-578,1481,1462,1518,BCUU,,2M
J025912.58+001102.7,44.8024507,0.1840913,Im,15.279,0.035,15.186,0.081,12.652,,9.162,,16.717,0.162,15.717,0.115,15.61,0.249,0000,0,00nn,20,152,51,158,AAUU,0.432,2M
J025915.08+001043.3,44.8128349,0.1787221,Im,16.756,0.085,16.12,0.178,12.331,0.353,9.049,0.45,,,,,,,0000,0,nnnn,-276,576,446,598,ABBC,,2M
J025914.25+001059.4,44.8093833,0.1831848,Im,16.381,0.063,16.116,0.179,12.716,0.492,9.086,,,,,,,,0000,0,1nnn,523,404,-33,426,ABCU,,2M
J025916.46+001105.4,44.8186245,0.184834,Im,17.463,0.151,17.238,,12.723,,8.513,,,,,,,,0000,0,nnnn,-1001,1235,311,1291,BUUU,,2M
J025910.99+001102.3,44.7958139,0.1839906,Im,14.029,0.026,14.076,0.041,12.721,,8.516,,14.502,0.033,14.175,0.032,14.173,0.079,0000,0,00nn,-80,64,-76,67,AAUU,0.17,2M
J025909.44+001115.5,44.7893385,0.1876544,Im,17.713,0.191,16.938,,12.648,,9.229,,,,,,,,0000,0,nnnn,4755,1535,-73,1593,BUUU,,2M
J025910.06+001130.0,44.7919174,0.1916879,Im,17.649,0.18,16.983,,12.305,,9.162,,,,,,,,0000,0,nnnn,3638,1309,-995,1374,BUUU,,2M
J025913.18+001134.4,44.8049531,0.1929028,Im,16.318,0.062,16.373,0.225,12.221,,8.981,,,,,,,,0000,0,0nnn,-187,396,-49,415,ABUU,,2M
J025918.07+001138.8,44.825307,0.1941349,Im,17.084,0.107,16.395,0.218,12.604,,9.215,,,,,,,,0000,0,nnnn,416,790,-271,832,ABUU,,2M
J025919.52+001148.5,44.8313338,0.1968331,Im,17.9,0.212,16.875,,12.458,,9.057,,,,,,,,0000,0,nnnn,-2723,1994,-208,2100,BUUU,,2M
J025916.92+001158.9,44.8205185,0.1997057,Im,17.68,0.184,17.39,,12.59,,8.79,,,,,,,,0000,0,nnnn,-1296,1387,2865,1491,BUUU,,2M
J025920.07+001203.7,44.8336269,0.2010496,Im,17.556,0.155,16.761,,12.473,0.368,8.777,,,,,,,,0000,0,nnnn,681,1237,-2416,1304,BUCU,,2M
J025922.51+001222.9,44.8437979,0.2063859,Im,17.053,0.105,16.613,0.286,12.887,,9.202,,,,,,,,0000,0,nnnn,-408,747,-68,793,ABUU,,2M
J025918.98+001231.4,44.8291135,0.2087299,Im,15.44,0.039,15.143,0.08,12.813,,9.231,,16.696,0.168,16.186,0.197,15.549,,0000,0,01nn,-53,180,-97,186,AAUU,0.829,2M
J025920.43+001223.8,44.8351364,0.2066302,Im,16.742,0.08,16.59,0.254,12.846,,9.226,,,,,,,,0000,0,1nnn,-531,571,670,589,ABUU,,2M
J025915.48+001221.6,44.8145288,0.2060043,Im,16.722,0.085,16.612,0.263,12.416,,8.65,,,,,,,,0000,0,nnnn,-343,580,104,614,ABUU,,2M
J025913.75+001224.2,44.8073171,0.2067437,Im,17.537,0.166,17.019,0.388,12.586,,9.048,,,,,,,,0000,0,nnnn,-3466,1161,2195,1222,BCUU,,2M
J025915.80+001238.5,44.8158554,0.2107152,Im,15.17,0.034,15.064,0.073,12.333,,9.058,,16.238,0.102,15.509,0.103,15.5,0.214,0000,0,11nn,362,146,-12,152,AAUU,0.33,2M
J025914.60+001231.6,44.810869,0.208803,Im,15.879,0.048,15.391,0.095,12.659,,8.727,,,,,,,,0000,0,1nnn,-73,263,-38,278,AAUU,,2M
J025917.75+001253.6,44.8239861,0.2149041,Im,15.988,0.047,16.176,0.182,12.779,0.53,8.73,,,,,,,,0000,0,0nnn,-423,286,-248,296,ABCU,,2M
J025918.30+001313.2,44.8262663,0.2203601,Im,16.961,0.092,16.136,0.162,12.766,,9.096,,,,,,,,0000,0,nnnn,-1267,660,-388,690,ABUU,,2M
J025927.74+001133.2,44.8655914,0.1925738,Im,17.386,0.14,16.924,,12.579,,8.764,,,,,,,,0000,0,nnnn,126,1144,734,1171,BUUU,,2M
J025928.33+001202.1,44.8680571,0.2005946,Im,15.469,0.038,15.301,0.083,12.673,,9.211,,16.333,0.114,15.966,0.162,15.434,0.213,0000,0,0nnn,-33,182,-361,190,AAUU,0.256,2M
J025931.83+001207.7,44.8826419,0.2021629,Im,15.722,0.044,15.314,0.09,12.249,0.338,9.107,,,,,,,,0000,0,0nnn,507,233,76,243,AABU,,2M
J025933.19+001221.0,44.8883325,0.2058338,Im,14.993,0.034,14.725,0.06,12.149,,9.141,,16.679,0.163,15.816,0.161,15.519,0.227,0000,0,00nn,-158,134,-51,141,AAUU,0.66,2M
J025930.21+001221.4,44.8759124,0.2059696,Im,17.165,0.109,16.682,0.282,12.392,,9.251,,,,,,,,0000,0,nnnn,740,843,83,891,BBUU,,2M
J025930.74+001232.6,44.8781205,0.2090729,Im,16.298,0.06,16.027,0.159,12.127,,9.234,,,,,,,,0000,0,0nnn,330,384,-734,403,ABUU,,2M
J025926.29+001225.5,44.8595738,0.2071104,Im,15.95,0.049,16.076,0.171,12.737,,9.143,,,,,,,,0000,0,0nnn,-278,279,-227,293,ABUU,,2M
J025923.99+001223.7,44.8499647,0.206598,Im,16.309,0.059,16.554,0.251,12.684,,9.202,,,,,,,,0000,0,0nnn,-204,377,224,393,ABUU,,2M
J025926.90+001236.3,44.8621142,0.2100836,Im,17.575,0.159,17.271,0.477,12.884,,9.29,,,,,,,,0000,0,nnnn,-663,1363,-397,1435,BCUU,,2M
J025927.74+001244.6,44.8656175,0.2123893,Im,16.792,0.087,17.076,0.391,12.721,,9.1,0.464,,,,,,,0000,0,nnnn,0,637,0,663,ACUC,,2M
J025927.79+001258.5,44.8657939,0.2162586,Im,17.25,0.123,16.759,0.297,12.312,0.338,8.642,,,,,,,,0000,0,nnnn,-756,892,1595,941,BBBU,,2M
J025929.42+001309.0,44.8725896,0.2191711,Im,16.124,0.053,15.64,0.123,12.63,0.451,9.083,,,,,,,,0000,0,0nnn,-2,322,-579,333,ABCU,,2M
J025934.91+001236.0,44.8954922,0.2100101,Im,17.349,0.138,16.68,,12.726,,9.264,,,,,,,,0000,0,nnnn,-320,1166,-161,1210,BUUU,,2M
J025933.91+001305.3,44.8913076,0.2181552,Im,17.914,0.216,17.412,,12.809,,9.156,,,,,,,,0000,0,nnnn,2551,1978,-1312,2085,BUUU,,2M
J025932.74+001313.4,44.886431,0.2204122,Im,13.716,0.025,13.689,0.036,12.513,0.438,8.887,,14.755,0.036,14.103,0.038,13.946,0.068,0000,0,11nn,81,57,-18,58,AACU,0.367,2M
J025935.99+001320.0,44.8999687,0.2222469,Im,15.043,0.033,14.915,0.065,12.083,,9.285,,,,,,,,0000,0,00nn,32,134,106,138,AAUU,,2M
J025938.37+001324.6,44.9099121,0.2235237,Im,17.435,0.145,17.33,0.514,12.357,,8.715,,,,,,,,0000,0,nnnn,1270,1195,73,1259,BCUU,,2M
J025934.52+001323.1,44.8938365,0.223091,Im,15.612,0.041,15.274,0.086,12.565,,9.323,,,,,,,,0000,0,0nnn,-426,206,290,213,AAUU,,2M
J025935.29+001342.3,44.8970796,0.2284209,Im,16.765,0.086,16.918,0.34,12.418,0.359,9.056,,,,,,,,0000,0,1nnn,-1504,584,662,621,ABCU,,2M
J025931.06+001307.5,44.8794292,0.2187525,Im,16.932,0.099,17.373,,12.519,,8.86,,,,,,,,0000,0,nnnn,-163,730,-256,782,AUUU,,2M
J025930.01+001312.3,44.8750538,0.2200978,Im,16.875,0.09,16.55,0.25,12.306,,9.161,,,,,,,,0000,0,nnnn,1086,647,-670,674,ABUU,,2M
J025933.56+001326.1,44.8898573,0.2239223,Im,17.147,0.112,17.106,0.413,12.843,,8.986,,,,,,,,0000,0,nnnn,506,924,-427,970,BCUU,,2M
J025929.68+001333.2,44.8736707,0.2259112,Im,16.619,0.077,16.863,0.348,12.786,,8.986,,,,,,,,0000,0,0nnn,441,569,494,585,ABUU,,2M
J025930.38+001334.4,44.8765998,0.2262228,Im,17.14,0.115,16.707,0.3,12.479,,9.069,,,,,,,,0000,0,nnnn,1361,845,1853,876,BBUU,,2M
J025930.76+001337.9,44.8781755,0.2271976,Im,17.312,0.132,16.667,,12.657,,8.929,,,,,,,,0000,0,nnnn,641,1127,523,1174,BUUU,,2M
J025932.09+001340.1,44.8837411,0.2278162,Im,15.184,0.036,15.129,0.081,12.733,0.52,9.258,,,,,,,,0000,2,00nn,-272,154,-70,164,AACU,,2M
J025934.49+001403.6,44.8937105,0.2343598,Im,15.571,0.04,15.262,0.083,12.273,,9.024,,,,,,,,0000,0,0nnn,325,206,-64,212,AAUU,,2M
J025932.88+001351.7,44.8870379,0.2310381,Im,14.61,0.043,14.198,0.055,11.941,,9.173,,,,,,,,0000,3,75nn,-255,118,-104,122,AAUU,,2M
J025932.54+001354.3,44.8856021,0.2317554,Im,12.969,0.024,12.75,0.026,12.178,,9.09,,15.299,0.087,14.615,0.124,13.945,0.105,0000,5,00nn,54,40,-62,40,AAUU,0.133,2M
J025932.03+001406.9,44.8834949,0.2352616,Im,14.723,0.034,14.518,0.054,12.177,,8.578,,,,,,,,0000,2,01nn,-55,110,231,120,AAUU,,2M
J025933.85+001419.2,44.8910784,0.2386707,Im,16.797,0.085,17.269,0.493,12.793,,8.847,,,,,,,,0000,0,nnnn,-468,632,-40,668,ACUU,,2M
J025922.89+001254.4,44.8453872,0.2151121,Im,16.748,0.082,16.413,0.218,12.057,,8.614,,,,,,,,0000,0,0nnn,-406,576,-78,614,ABUU,,2M
J025921.90+001256.3,44.8412771,0.2156562,Im,17.329,0.129,17.33,0.478,12.647,,9.031,,,,,,,,0000,0,nnnn,449,1051,-270,1107,BCUU,,2M
J025926.60+001305.2,44.8608614,0.2181117,Im,15.338,0.036,15.066,0.075,12.77,,9.273,,,,,,,,0000,0,01nn,246,164,37,170,AAUU,,2M
J025926.87+001331.4,44.8619889,0.2254136,Im,15.836,0.045,15.504,0.106,12.409,,8.879,,,,,,,,0000,0,1nnn,-85,250,-142,264,AAUU,,2M
J025924.30+001319.1,44.8512661,0.2219861,Im,17.93,0.219,17.256,0.48,12.155,,8.845,,,,,,,,0000,0,nnnn,1215,1856,-708,1962,BCUU,,2M
J025925.24+001328.0,44.8552035,0.2244603,Im,16.629,0.075,16.22,0.184,12.614,0.439,8.793,,,,,,,,0000,0,nnnn,-215,495,-508,524,ABCU,,2M
J025923.67+001320.5,44.8486506,0.2223844,Im,17.72,0.176,17.405,,12.698,,9.036,,,,,,,,0000,0,nnnn,1228,1510,-2521,1574,BUUU,,2M
J025924.58+001342.1,44.8524365,0.2283618,Im,17.397,0.135,16.802,,12.513,,9.19,,,,,,,,0000,0,nnnn,-1012,1128,368,1157,BUUU,,2M
J025925.75+001345.3,44.8573016,0.2292536,Im,17.794,0.183,17.003,,12.405,,9.319,,,,,,,,0000,0,nnnn,129,1849,-364,1906,BUUU,,2M
J025921.59+001320.4,44.8399903,0.2223382,Im,15.945,0.05,15.549,0.113,12.284,0.373,9.083,0.46,,,,,,,0000,0,0nnn,-213,274,128,287,ABCC,,2M
J025922.35+001323.8,44.8431476,0.2232892,Im,17.534,0.163,16.718,,12.403,,8.676,,,,,,,,0000,0,nnnn,-264,1301,516,1363,BUUU,,2M
J025918.61+001324.1,44.8275568,0.2233714,Im,16.539,0.071,16.273,0.198,12.504,,9.174,,,,,,,,0000,0,1nnn,454,480,582,491,ABUU,,2M
J025920.56+001333.5,44.8356801,0.2259925,Im,17.612,0.169,17.42,,12.797,,9.271,,,,,,,,0000,0,nnnn,221,1380,-9,1456,BUUU,,2M
J025920.81+001354.0,44.8367121,0.2316694,Im,17.416,0.143,16.897,,12.275,,9.059,,,,,,,,0000,0,nnnn,98,1157,-402,1196,BUUU,,2M
J025923.46+001341.7,44.8477733,0.2282722,Im,15.992,0.05,15.861,0.137,11.944,0.283,8.616,,,,,,,,0000,0,0nnn,0,297,0,310,ABBU,,2M
J025924.14+001352.1,44.8506119,0.2311404,Im,17.101,0.105,16.25,0.183,12.755,,8.853,,,,,,,,0000,0,nnnn,-396,704,-531,741,ABUU,,2M
J025922.70+001417.5,44.8446054,0.2382153,Im,17.25,0.127,16.815,,12.367,,8.814,,,,,,,,0000,0,nnnn,-207,1073,183,1130,BUUU,,2M
J025923.32+001424.2,44.8471934,0.2400753,Im,17.063,0.109,17.249,0.464,12.671,,9.058,,,,,,,,0000,0,nnnn,-2010,838,1099,881,ACUU,,2M
J025928.79+001333.3,44.8699634,0.2259431,Im,16.94,0.092,17.012,0.373,12.811,,9.271,,,,,,,,0000,0,0nnn,-115,678,539,716,ACUU,,2M
J025927.51+001337.7,44.8646255,0.2271401,Im,16.256,0.056,15.56,0.102,12.265,,8.618,,,,,,,,0000,0,0nnn,105,349,34,365,AAUU,,2M
J025930.09+001406.9,44.8754131,0.2352711,Im,15.314,0.037,14.943,0.066,12.15,,8.738,,,,,,,,0000,0,00nn,132,162,100,168,AAUU,,2M
J025926.67+001349.8,44.8611634,0.230516,Im,16.083,0.053,15.743,0.125,12.104,,9.11,,,,,,,,0000,0,0nnn,21,298,136,316,ABUU,,2M
J025931.90+001430.8,44.8829428,0.2419121,Im,15.54,0.04,15.429,0.094,11.939,0.24,8.828,,,,,,,,0000,0,1nnn,-124,202,61,209,AABU,,2M
J025929.96+001440.7,44.8748617,0.2446407,Im,16.6,0.073,16.262,0.202,12.669,,9.212,,,,,,,,0000,0,0nnn,124,554,-109,578,ABUU,,2M
J025930.80+001458.0,44.8783706,0.2494679,Im,15.543,0.041,15.447,0.099,12.31,,9.0,,,,,,,,0000,0,0nnn,-6,205,83,219,AAUU,,2M
J025925.55+001422.8,44.8564628,0.2396801,Im,17.783,0.201,17.097,,12.72,,9.133,,,,,,,,0000,0,nnnn,-733,1796,136,1904,BUUU,,2M
J025923.68+001432.5,44.8486896,0.24238,Im,15.078,0.034,15.062,0.072,12.104,,9.118,,16.679,0.163,15.919,0.191,15.729,0.297,0000,0,00nn,48,140,129,143,AAUU,0.996,2M
J025925.70+001443.4,44.8570844,0.2454057,Im,17.415,0.149,17.092,,12.761,,9.241,,,,,,,,0000,0,nnnn,289,1228,-1008,1270,BUUU,,2M
J025929.97+001507.6,44.8748791,0.252133,Im,16.816,0.094,16.688,0.282,12.58,,9.147,,,,,,,,0000,0,nnnn,-54,668,-127,698,ABUU,,2M
J025928.84+001510.1,44.8701725,0.2528166,Im,17.842,0.214,17.186,,12.717,,8.952,,,,,,,,0000,0,nnnn,855,1967,-40,2097,BUUU,,2M
J025926.45+001508.2,44.8602492,0.252281,Im,14.616,0.03,14.664,0.056,12.613,,9.26,,15.133,0.051,14.712,0.076,14.883,0.126,0000,0,00nn,-55,97,-214,100,AAUU,0.087,2M
J025927.33+001514.6,44.863881,0.2540824,Im,15.364,0.038,15.012,0.073,12.591,,9.146,,,,,,,,0000,0,00nn,244,166,-310,174,AAUU,,2M
J025928.74+001528.1,44.8697746,0.2578159,Im,16.974,0.107,16.31,0.22,12.811,,9.12,,,,,,,,0000,0,nnnn,929,732,1570,777,ABUU,,2M
J025907.61+001136.3,44.7817342,0.1934273,Im,17.259,0.122,17.052,,12.575,,8.905,,,,,,,,0000,0,nnnn,509,987,125,1026,BUUU,,2M
J025905.99+001134.9,44.7749612,0.1930442,Im,17.123,0.109,16.341,0.207,12.776,,9.163,,,,,,,,0000,0,nnnn,136,780,24,806,BBUU,,2M
J025905.34+001146.2,44.7722565,0.1961817,Im,16.045,0.052,15.775,0.131,12.571,,8.483,,,,,,,,0000,0,0nnn,34,310,44,320,ABUU,,2M
J025906.65+001207.7,44.7777236,0.2021626,Im,17.5,0.147,17.113,0.434,12.681,,8.666,,,,,,,,0000,0,nnnn,-1485,1251,119,1323,BCUU,,2M
J025907.66+001211.5,44.7819471,0.2031966,Im,17.015,0.099,16.408,0.217,12.117,,8.865,,,,,,,,0000,0,nnnn,-354,727,-59,769,ABUU,,2M
J025909.76+001157.6,44.7906712,0.199338,Im,17.751,0.193,17.41,,12.894,,9.185,,,,,,,,0000,0,nnnn,-199,1447,-916,1526,BUUU,,2M
J025908.48+001221.5,44.7853616,0.2059833,Im,16.54,0.07,16.211,0.194,12.765,,8.982,,,,,,,,0000,0,0nnn,-262,462,87,478,ABUU,,2M
J025908.77+001231.0,44.7865777,0.2086326,Im,16.967,0.098,17.022,0.377,12.553,,8.927,,,,,,,,0000,0,nnnn,-26,700,-524,738,ACUU,,2M
J025906.02+001213.5,44.7750957,0.2037734,Im,17.727,0.178,17.05,0.395,12.581,,9.145,,,,,,,,0000,0,nnnn,-3060,1388,-128,1469,BCUU,,2M
J025906.47+001223.9,44.776996,0.2066628,Im,17.72,0.179,17.226,,12.644,,9.251,,,,,,,,0000,0,nnnn,472,1599,-611,1674,BUUU,,2M
J025903.54+001217.0,44.7647647,0.2047471,Im,16.78,0.083,16.5,0.239,12.155,0.344,8.881,,,,,,,,0000,0,1nnn,500,582,-234,623,ABBU,,2M
J025908.44+001253.8,44.7852013,0.2149569,Im,15.202,0.034,15.245,0.09,12.562,,9.128,,16.089,0.097,15.356,0.08,15.01,0.138,0000,0,0nnn,-37,146,-41,153,AAUU,0.123,2M
J025908.71+001305.4,44.7863052,0.2181885,Im,17.377,0.139,16.729,,12.707,,9.183,,,,,,,,0000,0,nnnn,376,1164,-706,1218,BUUU,,2M
J025907.37+001303.0,44.7807226,0.2175264,Im,17.33,0.131,17.159,0.465,12.208,,9.148,,,,,,,,0000,0,nnnn,-1181,1049,-535,1091,BCUU,,2M
J025906.87+001315.5,44.7786309,0.2209756,Im,16.602,0.075,16.351,0.207,12.318,0.356,9.182,,,,,,,,0000,0,1nnn,779,504,-453,531,ABCU,,2M
J025912.07+001224.9,44.8003328,0.2069306,Im,16.202,0.057,15.923,0.144,12.761,,9.24,,,,,,,,0000,0,1nnn,-130,347,-634,366,ABUU,,2M
J025912.44+001232.8,44.8018399,0.2091335,Im,16.091,0.053,15.976,0.147,12.178,,9.19,,,,,,,,0000,0,1nnn,-4,312,-497,324,ABUU,,2M
J025913.75+001244.4,44.807319,0.2123472,Im,15.699,0.042,15.491,0.104,11.974,0.292,8.943,,,,,,,,0000,0,0nnn,403,220,272,232,AABU,,2M
J025911.59+001251.3,44.7983046,0.2142692,Im,14.679,0.03,14.705,0.054,12.713,,8.98,,15.353,0.058,14.789,0.079,14.888,0.134,0000,0,00nn,66,99,50,102,AAUU,0.068,2M
J025917.09+001329.7,44.8212223,0.2249332,Im,14.69,0.029,14.525,0.051,12.656,,8.682,,16.518,0.155,16.029,0.205,15.457,0.244,0000,0,01nn,-107,97,-87,101,AAUU,0.605,2M
J025910.45+001312.5,44.7935555,0.2201609,Im,17.32,0.136,16.896,0.347,12.254,,9.009,,,,,,,,0000,0,nnnn,-820,1042,653,1109,BBUU,,2M
J025908.69+001328.6,44.7862128,0.22463,Im,16.738,0.08,16.352,0.205,12.354,,8.641,,,,,,,,0000,0,0nnn,-897,564,1732,590,ABUU,,2M
J025910.35+001347.4,44.7931561,0.2298464,Im,17.212,0.122,16.884,0.346,12.092,,8.958,,,,,,,,0000,0,nnnn,-677,943,131,1004,BBUU,,2M
J025912.06+001333.8,44.8002906,0.2260679,Im,17.275,0.129,16.821,,12.752,,9.095,,,,,,,,0000,0,nnnn,1076,1036,12,1056,BUUU,,2M
J025912.44+001358.6,44.8018383,0.2329486,Im,17.773,0.196,16.74,,12.633,,8.553,,,,,,,,0000,0,nnnn,-900,1846,420,1906,BUUU,,2M
J025910.66+001356.0,44.7944173,0.2322341,Im,17.388,0.138,16.341,0.225,12.312,,9.044,,,,,,,,0000,0,nnnn,-1574,1026,290,1101,BBUU,,2M
J025913.40+001418.0,44.8058586,0.2383546,Im,16.109,0.055,15.751,0.129,12.445,0.436,9.06,0.484,,,,,,,0000,0,1nnn,358,349,208,364,ABCC,,2M
J025911.94+001410.6,44.799788,0.2362788,Im,16.664,0.079,16.628,0.295,12.719,,8.434,,,,,,,,0000,0,nnnn,-194,589,-105,615,ABUU,,2M
J025903.57+001247.6,44.7648962,0.2132295,Im,17.514,0.159,17.375,,12.81,,9.127,,,,,,,,0000,0,nnnn,-110,1296,-11,1352,BUUU,,2M
J025900.75+001259.8,44.7531393,0.2166203,Im,17.114,0.109,17.114,,12.262,,9.17,,,,,,,,0000,0,nnnn,28,862,247,898,AUUU,,2M
J025905.26+001331.8,44.7719557,0.2255099,Im,15.294,0.036,14.953,0.072,12.404,,9.165,,,,,,,,0000,0,00nn,268,159,-332,168,AAUU,,2M
J025901.10+001334.2,44.7546026,0.2261778,Im,17.075,0.107,16.913,0.34,12.533,,9.136,,,,,,,,0000,0,nnnn,1565,838,-197,894,ABUU,,2M
J025858.08+001312.8,44.7420042,0.2202274,Im,17.745,0.196,16.957,,12.435,,9.135,,,,,,,,0000,0,nnnn,-783,1652,-1765,1744,BUUU,,2M
J025858.74+001322.4,44.7447593,0.2229025,Im,17.733,0.2,16.759,,12.336,,9.032,,,,,,,,0000,0,nnnn,642,1533,-2597,1603,BUUU,,2M
J025901.28+001403.7,44.7553416,0.2343877,Im,17.199,0.121,17.176,0.424,12.881,,8.699,,,,,,,,0000,0,nnnn,-342,975,1136,1030,BCUU,,2M
J025902.18+001402.4,44.759106,0.2340254,Im,17.711,0.185,16.729,,12.683,,9.158,,,,,,,,0000,0,nnnn,867,1578,-165,1679,BUUU,,2M
J025901.96+001416.5,44.7581754,0.2379433,Im,17.792,0.193,17.36,,12.9,,9.143,,,,,,,,0000,0,nnnn,-230,1830,-238,1870,BUUU,,2M
J025907.28+001407.3,44.7803586,0.2353866,Im,17.333,0.133,16.404,0.228,12.035,,9.177,,,,,,,,0000,0,nnnn,99,956,-1099,1008,BBUU,,2M
J025907.55+001417.5,44.7814788,0.2381988,Im,16.315,0.059,16.027,0.172,12.398,,9.252,,,,,,,,0000,0,0nnn,-210,389,69,402,ABUU,,2M
J025909.08+001417.8,44.7878373,0.2382958,Im,16.234,0.058,15.867,0.146,12.53,,9.075,,,,,,,,0000,0,0nnn,-48,366,-27,377,ABUU,,2M
J025910.09+001424.7,44.7920601,0.2402176,Im,17.683,0.178,16.482,0.255,12.773,,9.056,,,,,,,,0000,0,nnnn,2728,1297,1176,1378,BBUU,,2M
J025910.98+001423.3,44.7957741,0.2398209,Im,17.852,0.218,16.825,0.335,12.588,,9.091,,,,,,,,0000,0,nnnn,-258,1744,488,1848,BBUU,,2M
J025912.03+001436.2,44.8001415,0.2434149,Im,16.773,0.087,16.244,0.199,12.821,,9.115,,,,,,,,0000,0,nnnn,393,609,-131,645,ABUU,,2M
J025908.28+001435.8,44.7845179,0.2433015,Im,17.842,0.212,17.031,,12.822,,8.987,,,,,,,,0000,0,nnnn,-78,1691,-26,1776,BUUU,,2M
J025904.83+001407.7,44.7701391,0.2354913,Im,16.754,0.086,15.88,0.142,12.381,0.38,9.241,,,,,,,,0000,0,0nnn,-125,549,-706,567,ABCU,,2M
J025904.19+001415.8,44.7674854,0.2377418,Im,17.272,0.124,16.579,0.248,12.513,,9.214,,,,,,,,0000,0,nnnn,-65,948,687,1005,BBUU,,2M
J025906.55+001441.1,44.7772968,0.2447531,Im,16.542,0.07,15.952,0.148,12.421,,8.985,,,,,,,,0000,0,0nnn,321,499,-160,519,ABUU,,2M
J025907.73+001456.9,44.7822349,0.2491604,Im,16.629,0.076,16.764,0.309,12.732,,9.018,,,,,,,,0000,0,0nnn,-662,537,-22,555,ABUU,,2M
J025907.15+001458.6,44.7798003,0.2496383,Im,17.651,0.177,16.979,0.37,12.754,,8.998,,,,,,,,0000,0,nnnn,-585,1389,162,1443,BCUU,,2M
J025905.36+001512.5,44.7723401,0.2534875,Im,17.749,0.186,17.298,,12.778,,8.88,,,,,,,,0000,0,nnnn,48,1793,1268,1877,BUUU,,2M
J025907.44+001526.8,44.7810123,0.2574655,Im,14.474,0.029,14.456,0.052,12.26,,8.535,,14.89,0.037,14.601,0.064,14.529,0.091,0000,0,01nn,-43,87,102,90,AAUU,0.367,2M
J025907.09+001533.9,44.7795471,0.2594261,Im,16.561,0.126,16.544,0.337,11.921,,9.109,,,,,,,,0000,0,nnnn,-936,671,-235,749,BBUU,,2M
J025918.26+001343.1,44.8261247,0.2286408,Im,16.902,0.092,16.853,0.318,12.687,,9.215,,,,,,,,0000,0,nnnn,210,666,419,689,ABUU,,2M
J025919.01+001355.3,44.8292407,0.2320303,Im,17.426,0.143,16.854,,12.204,,9.207,,,,,,,,0000,0,nnnn,1886,1185,1672,1213,BUUU,,2M
J025919.71+001400.3,44.8321294,0.233439,Im,17.365,0.14,16.779,,12.794,,9.29,,,,,,,,0000,0,nnnn,116,1172,-188,1221,BUUU,,2M
J025918.09+001403.3,44.8254147,0.2342687,Im,16.388,0.063,16.011,0.167,12.391,0.44,8.992,0.452,,,,,,,0000,0,0nnn,82,414,-175,430,ABCC,,2M
J025918.43+001419.0,44.826805,0.2386315,Im,17.852,0.204,17.268,,12.65,,9.309,,,,,,,,0000,0,nnnn,1627,1750,-68,1838,BUUU,,2M
J025920.37+001415.5,44.8348823,0.2376611,Im,17.135,0.114,16.221,0.199,12.058,,8.58,,,,,,,,0000,0,nnnn,135,790,96,822,BBUU,,2M
J025919.62+001417.4,44.83176,0.238193,Im,16.168,0.056,16.023,0.158,12.029,,9.007,,,,,,,,0000,0,0nnn,184,355,371,367,ABUU,,2M
J025921.49+001429.8,44.8395419,0.2416123,Im,14.965,0.032,14.865,0.063,12.78,,8.727,,16.197,0.107,15.846,0.146,15.266,0.191,0000,0,01nn,-84,121,71,126,AAUU,0.603,2M
J025915.14+001425.3,44.8130969,0.2403696,Im,14.285,0.027,13.931,0.038,10.313,0.069,8.943,0.401,16.565,0.158,15.864,0.173,14.98,0.164,0000,0,000n,-127,96,-106,95,AAAC,1.349,2M
J025914.26+001421.4,44.8094327,0.2392916,Im,16.639,0.077,15.795,0.136,11.81,0.259,8.578,,,,,,,,0000,0,0nnn,-316,513,-1086,539,ABBU,,2M
J025912.86+001434.9,44.803589,0.2430384,Im,17.477,0.151,17.22,0.492,12.69,,9.001,,,,,,,,0000,0,nnnn,-1407,1248,-14,1301,BCUU,,2M
J025915.58+001441.6,44.814954,0.2449042,Im,15.67,0.042,15.71,0.122,12.693,,8.786,,,,,,,,0000,0,0nnn,230,222,198,232,ABUU,,2M
J025916.17+001452.3,44.8173805,0.2478621,Im,17.011,0.102,16.422,0.231,12.369,,9.272,,,,,,,,0000,0,nnnn,-210,726,133,776,ABUU,,2M
J025919.20+001451.5,44.8300087,0.2476654,Im,17.266,0.128,16.972,0.371,12.669,,9.227,,,,,,,,0000,0,nnnn,746,1022,-522,1062,BCUU,,2M
J025915.70+001501.0,44.8154479,0.2502914,Im,17.321,0.13,16.684,,12.7,,8.624,,,,,,,,0000,0,nnnn,2399,1032,704,1070,BUUU,,2M
J025916.27+001515.6,44.8177965,0.254336,Im,17.923,0.217,16.747,,12.754,,9.031,,,,,,,,0000,0,nnnn,397,1836,298,1890,BUUU,,2M
J025918.00+001531.9,44.8250387,0.2588867,Im,16.787,0.083,16.657,0.281,12.732,,9.192,,,,,,,,0000,0,nnnn,-170,595,1117,626,ABUU,,2M
J025921.97+001450.7,44.8415684,0.2474188,Im,17.103,0.109,16.953,0.353,11.919,,9.289,,,,,,,,0000,0,nnnn,-1106,850,-728,887,BBUU,,2M
J025924.14+001504.1,44.8505837,0.2511393,Im,14.548,0.029,14.239,0.044,12.331,,9.281,,16.416,0.134,15.756,0.145,15.322,0.195,0000,0,11nn,-17,91,138,94,AAUU,0.695,2M
J025923.28+001513.1,44.8470283,0.2536636,Im,17.534,0.158,17.431,,12.859,,9.241,,,,,,,,0000,0,nnnn,1772,1182,1317,1237,BUUU,,2M
J025923.47+001524.4,44.8478279,0.2567781,Im,17.409,0.136,16.689,0.295,12.409,,9.251,,,,,,,,0000,0,nnnn,773,1069,-207,1114,BBUU,,2M
J025922.43+001524.6,44.8434741,0.2568598,Im,17.017,0.101,16.239,0.188,12.192,,9.303,0.529,,,,,,,0000,0,nnnn,325,704,375,734,ABUC,,2M
J025925.33+001530.1,44.8555601,0.2583636,Im,16.088,0.051,15.859,0.139,11.978,,9.016,,,,,,,,0000,0,0nnn,111,315,123,334,ABUU,,2M
J025927.06+001525.3,44.862763,0.2570481,Im,16.125,0.055,16.049,0.165,12.769,,9.216,,,,,,,,0000,0,0nnn,-193,320,8,336,ABUU,,2M
J025926.57+001549.0,44.8607256,0.2636143,Im,17.01,0.097,16.028,0.151,12.094,,9.281,,,,,,,,0000,0,nnnn,140,644,-419,680,ABUU,,2M
J025920.44+001520.4,44.8351878,0.2556868,Im,13.662,0.025,13.684,0.036,12.358,,9.227,,14.173,0.032,13.907,0.04,13.759,0.06,0000,0,00nn,55,53,-3,54,AAUU,0.072,2M
J025921.48+001536.9,44.8395073,0.2602747,Im,17.204,0.121,16.76,0.295,12.787,,9.192,,,,,,,,0000,0,nnnn,60,892,-241,920,BBUU,,2M
J025919.08+001538.3,44.8295182,0.2606526,Im,17.441,0.148,16.854,,12.484,,9.067,,,,,,,,0000,0,nnnn,1130,1170,-50,1221,BUUU,,2M
J025919.99+001540.7,44.8333232,0.2613251,Im,17.173,0.121,16.979,,12.625,,9.273,,,,,,,,0000,0,nnnn,-257,949,-425,978,BUUU,,2M
J025919.07+001555.0,44.829477,0.2652856,Im,17.5,0.151,17.446,,12.623,,8.579,,,,,,,,0000,0,nnnn,350,1209,-720,1271,BUUU,,2M
J025923.52+001559.5,44.8480129,0.2665385,Im,17.472,0.149,17.454,,12.667,,8.939,,,,,,,,0000,0,nnnn,815,1318,703,1400,BUUU,,2M
J025924.39+001614.4,44.8516257,0.2706861,Im,17.238,0.118,16.814,0.309,12.758,,8.845,,,,,,,,0000,0,nnnn,2122,892,-552,930,BBUU,,2M
J025923.02+001623.5,44.8459328,0.2732072,Im,15.763,0.045,15.564,0.107,12.011,,9.224,,,,,,,,0000,0,0nnn,200,230,147,242,AAUU,,2M
J025923.86+001631.3,44.8494192,0.2753702,Im,16.76,0.082,17.353,0.536,12.618,,9.188,,,,,,,,0000,0,nnnn,61,614,-269,627,ACUU,,2M
J025923.09+001632.9,44.846227,0.2758253,Im,16.196,0.055,16.165,0.17,12.666,,9.139,,,,,,,,0000,0,1nnn,7,339,-193,353,ABUU,,2M
J025913.24+001508.0,44.8051687,0.2522444,Im,16.393,0.065,16.404,0.213,12.807,,8.878,,,,,,,,0000,0,0nnn,-121,424,-538,440,ABUU,,2M
J025912.39+001522.9,44.8016587,0.2563854,Im,12.877,0.024,12.872,0.028,12.107,,9.094,,13.566,0.026,13.161,0.028,13.029,0.037,0000,0,21nn,78,40,28,40,AAUU,0.085,2M
J025915.07+001515.5,44.812798,0.2543226,Im,17.39,0.136,17.199,,12.209,,8.955,,,,,,,,0000,0,nnnn,-940,1110,-972,1136,BUUU,,2M
J025914.40+001522.3,44.8100109,0.2561992,Im,17.096,0.104,16.788,,12.78,,9.03,,,,,,,,0000,0,nnnn,-802,805,-538,827,AUUU,,2M
J025916.47+001540.4,44.8186462,0.2612435,Im,15.944,0.049,15.665,0.111,12.621,0.463,9.313,,,,,,,,0000,0,0nnn,310,289,-116,296,ABCU,,2M
J025910.47+001525.2,44.7936366,0.257019,Im,17.039,0.109,17.044,0.41,12.441,,9.035,,,,,,,,0000,0,nnnn,1075,857,-352,884,ACUU,,2M
J025910.98+001531.6,44.795789,0.2587783,Im,16.773,0.089,17.141,0.473,12.728,0.543,9.037,,,,,,,,0000,0,nnnn,-601,652,1055,694,ACCU,,2M
J025910.35+001544.7,44.7931451,0.2624438,Im,17.394,0.146,16.309,0.206,12.525,,8.541,,,,,,,,0000,0,nnnn,1033,1020,461,1081,BBUU,,2M
J025909.24+001537.1,44.7885046,0.2603126,Im,16.62,0.074,16.407,0.238,12.73,,9.07,,,,,,,,0000,0,nnnn,-145,521,-167,546,ABUU,,2M
J025912.18+001549.8,44.800769,0.2638544,Im,15.254,0.036,15.259,0.086,12.71,,8.924,,16.42,0.135,15.998,0.167,15.58,0.255,0000,0,0nnn,-78,151,274,157,AAUU,0.107,2M
J025912.50+001604.0,44.8021137,0.2677897,Im,16.822,0.088,16.554,0.249,12.884,,8.962,,,,,,,,0000,0,nnnn,1235,587,1029,616,ABUU,,2M
J025910.69+001604.1,44.794558,0.2678062,Im,17.521,0.16,16.93,,12.759,,9.151,0.49,,,,,,,0000,0,nnnn,1678,1310,-462,1362,BUUC,,2M
J025911.98+001624.0,44.7999487,0.2733407,Im,16.938,0.094,16.722,,12.639,,9.174,,,,,,,,0000,0,nnnn,246,690,-37,715,AUUU,,2M
J025920.51+001624.4,44.8354666,0.2734506,Im,16.708,0.08,16.47,0.239,12.173,0.307,8.737,,,,,,,,0000,0,nnnn,-302,577,651,587,ABBU,,2M
J025920.18+001634.1,44.8341079,0.2761625,Im,17.346,0.132,17.189,0.435,12.325,,9.183,,,,,,,,0000,0,nnnn,-178,1005,-1965,1069,BCUU,,2M
J025921.38+001645.9,44.8390932,0.2794247,Im,14.284,0.027,13.947,0.038,11.394,0.152,9.174,0.514,16.281,0.127,15.658,0.141,14.932,0.13,0000,0,00nn,55,79,8,81,AABC,0.503,2M
J025919.52+001643.5,44.8313591,0.278774,Im,16.594,0.074,17.003,0.353,12.858,,9.263,,,,,,,,0000,0,1nnn,137,502,506,523,ABUU,,2M
J025913.21+001652.2,44.8050587,0.2811822,Im,16.284,0.061,15.718,0.128,11.817,,9.154,,,,,,,,0000,0,0nnn,200,361,93,373,ABUU,,2M
J025915.61+001700.7,44.8150553,0.2835433,Im,12.083,0.023,12.031,0.023,11.956,0.249,9.124,,13.059,0.025,12.422,0.024,12.226,0.029,0000,0,01nn,68,31,-41,31,AABU,0.092,2M
J025915.09+001718.8,44.8128812,0.2885751,Im,16.412,0.064,16.492,0.223,12.791,,9.068,,,,,,,,0000,0,0nnn,-647,410,239,430,ABUU,,2M
J025917.84+001648.7,44.824348,0.2802199,Im,16.352,0.061,16.35,0.205,12.262,0.349,9.086,,,,,,,,0000,0,0nnn,-209,392,-134,410,ABBU,,2M
J025916.84+001700.5,44.8201743,0.2834773,Im,15.295,0.035,14.946,0.068,12.738,,9.099,,,,,,,,0000,0,00nn,-24,149,164,158,AAUU,,2M
J025916.38+001725.8,44.818251,0.2905183,Im,17.242,0.121,16.669,0.274,12.855,,8.95,,,,,,,,0000,0,nnnn,746,930,290,982,BBUU,,2M
J025937.67+001342.5,44.9069767,0.2284918,Im,15.774,0.044,15.607,0.119,12.624,0.442,9.232,,,,,,,,0000,0,0nnn,-22,245,108,256,ABCU,,2M
J025937.21+001357.6,44.9050446,0.2326848,Im,17.992,0.233,15.664,0.121,11.603,0.177,8.652,,,,,,,,0000,0,nnnn,794,804,96,899,BBBU,,2M
J025941.56+001431.7,44.9232006,0.2421544,Im,17.374,0.144,16.814,,12.467,,8.8,,,,,,,,0000,0,nnnn,-560,1115,-405,1179,BUUU,,2M
J025942.73+001418.3,44.9280533,0.2384216,Im,15.91,0.047,15.687,0.113,12.664,,9.072,,,,,,,,0000,0,0nnn,-216,270,-287,284,ABUU,,2M
J025940.69+001432.5,44.9195718,0.2423877,Im,17.038,0.105,17.46,0.539,12.724,,8.6,,,,,,,,0000,0,nnnn,-440,824,568,868,ACUU,,2M
J025936.57+001423.1,44.9024123,0.2397603,Im,17.11,0.105,16.463,0.236,12.409,,8.571,,,,,,,,0000,0,nnnn,-512,819,542,845,ABUU,,2M
J025936.26+001454.9,44.9010968,0.2486071,Im,17.733,0.189,16.989,,12.781,,8.714,,,,,,,,0000,0,nnnn,824,1661,693,1765,BUUU,,2M
J025938.36+001459.5,44.9098514,0.2498734,Im,17.784,0.191,16.943,,12.492,,9.127,,,,,,,,0000,0,nnnn,-2552,1633,1296,1715,BUUU,,2M
J025936.96+001459.9,44.9040369,0.2499965,Im,16.402,0.064,15.851,0.139,12.164,,8.996,0.459,,,,,,,0000,0,0nnn,652,407,-665,427,ABUC,,2M
J025937.55+001506.7,44.9064881,0.2518624,Im,16.978,0.098,16.7,0.307,12.359,,8.805,,,,,,,,0000,0,nnnn,696,742,337,786,ABUU,,2M
J025938.49+001517.0,44.9103967,0.2547409,Im,16.941,0.103,16.763,0.314,12.671,,9.161,,,,,,,,0000,0,nnnn,1068,727,289,757,ABUU,,2M
J025938.44+001528.2,44.9101841,0.2578357,Im,16.23,0.057,16.031,0.16,11.969,,9.109,,,,,,,,0000,0,0nnn,-224,359,-316,375,ABUU,,2M
J025943.21+001449.6,44.9300514,0.2471388,Im,16.965,0.099,17.281,0.473,12.686,0.468,9.023,,,,,,,,0000,0,nnnn,302,758,-36,792,ACCU,,2M
J025942.53+001501.9,44.9272422,0.2505448,Im,17.088,0.107,17.307,0.496,12.647,,9.183,,,,,,,,0000,0,nnnn,-550,794,-260,830,ACUU,,2M
J025941.82+001504.8,44.9242882,0.2513542,Im,16.482,0.067,16.399,0.218,12.648,,9.234,,,,,,,,0000,0,0nnn,176,444,-782,466,ABUU,,2M
J025946.53+001511.1,44.9439148,0.2531046,Im,16.264,0.061,15.948,0.159,12.104,,8.97,,,,,,,,0000,0,0nnn,-149,387,-123,411,ABUU,,2M
J025946.01+001525.9,44.9417362,0.2572029,Im,17.677,0.183,16.868,,12.79,,8.756,,,,,,,,0000,0,nnnn,-2435,1575,356,1642,BUUU,,2M
J025946.42+001554.4,44.9434199,0.265133,Im,17.405,0.149,16.799,0.337,12.617,,9.141,,,,,,,,0000,0,nnnn,518,1115,-83,1150,BBUU,,2M
J025941.81+001522.6,44.9242414,0.2562915,Im,17.438,0.139,17.002,0.386,12.223,,9.304,,,,,,,,0000,0,nnnn,634,1188,194,1247,BCUU,,2M
J025940.30+001523.4,44.9179571,0.2565145,Im,16.143,0.055,16.069,0.164,12.373,,8.538,,,,,,,,0000,0,1nnn,-23,344,-164,359,ABUU,,2M
J025940.46+001537.9,44.9185882,0.2605527,Im,16.537,0.067,16.538,0.237,12.811,,9.16,,,,,,,,0000,0,nnnn,-730,486,500,513,ABUU,,2M
J025940.96+001555.8,44.9207,0.2655244,Im,16.842,0.086,16.872,0.333,12.509,,9.266,,,,,,,,0000,0,nnnn,650,642,-1060,669,ABUU,,2M
J025941.88+001602.1,44.9245038,0.2672661,Im,15.023,0.033,14.67,0.059,12.143,0.343,8.983,,,,,,,,0000,0,nnnn,-181,131,373,133,AABU,,2M
J025941.38+001610.5,44.9224337,0.2695864,Im,14.524,0.028,14.238,0.045,11.948,,8.912,,16.326,0.137,15.528,0.119,15.002,0.139,0000,0,01nn,78,87,-114,90,AAUU,0.217,2M
J025946.78+001613.6,44.9449171,0.2704541,Im,16.019,0.051,15.972,0.161,12.167,,8.729,,,,,,,,0000,0,0nnn,284,323,-263,339,ABUU,,2M
J025945.85+001624.8,44.9410689,0.2735794,Im,16.119,0.057,16.103,0.163,12.808,,8.779,,16.961,0.195,16.26,0.218,15.554,0.237,0000,0,0nnn,-228,346,277,363,ABUU,0.755,2M
J025944.54+001624.4,44.9356062,0.2734519,Im,17.612,0.176,16.697,,12.767,,9.113,,,,,,,,0000,0,nnnn,-985,1435,-1333,1507,BUUU,,2M
J025933.18+001446.5,44.8882897,0.2462664,Im,16.23,0.059,17.156,0.427,12.183,,8.584,,,,,,,,0000,0,0nnn,416,379,-319,399,ACUU,,2M
J025931.77+001500.2,44.8823766,0.2500616,Im,17.035,0.103,16.961,,12.773,,9.08,,,,,,,,0000,0,nnnn,1016,801,-1603,841,AUUU,,2M
J025931.63+001510.3,44.8818221,0.252873,Im,16.467,0.067,16.847,0.326,12.63,,9.122,,,,,,,,0000,0,0nnn,-232,463,501,486,ABUU,,2M
J025934.24+001517.3,44.8926747,0.2548236,Im,16.418,0.064,16.553,0.247,12.812,,9.25,,,,,,,,0000,0,0nnn,7,447,552,465,ABUU,,2M
J025936.08+001517.2,44.9003612,0.254803,Im,17.259,0.126,16.588,0.266,12.365,,8.703,,,,,,,,0000,0,nnnn,-310,918,231,966,BBUU,,2M
J025937.06+001521.9,44.904444,0.2560936,Im,15.507,0.04,15.085,0.074,12.444,,8.645,,16.696,0.166,16.055,,15.819,,0000,0,00nn,0,193,0,196,AAUU,0.646,2M
J025935.59+001531.4,44.8983293,0.2587475,Im,15.246,0.035,14.888,0.066,12.155,,8.9,,16.732,0.18,16.076,0.198,15.392,0.21,0000,0,00nn,55,153,7,161,AAUU,0.585,2M
J025931.70+001529.6,44.882102,0.25823,Im,15.805,0.045,15.899,0.14,12.642,,9.168,,,,,,,,0000,0,0nnn,-287,246,166,257,ABUU,,2M
J025932.45+001534.3,44.8852255,0.2595387,Im,16.793,0.085,17.134,0.421,12.735,,9.038,,,,,,,,0000,0,nnnn,-988,633,347,661,ACUU,,2M
J025931.49+001545.8,44.8812329,0.2627324,Im,16.757,0.082,15.985,0.154,12.199,,9.119,0.492,,,,,,,0000,0,nnnn,220,553,-248,583,ABUC,,2M
J025929.63+001550.8,44.8734683,0.2641157,Im,17.878,0.215,17.418,,12.763,,9.207,,,,,,,,0000,0,nnnn,-1181,2329,-385,2460,BUUU,,2M
J025930.83+001543.5,44.8784916,0.2620879,Im,16.594,0.073,16.753,0.293,12.336,,8.682,,,,,,,,0000,0,1nnn,-541,510,1801,532,ABUU,,2M
J025931.98+001552.7,44.8832643,0.2646491,Im,16.473,0.067,16.536,0.25,12.843,,9.195,,,,,,,,0000,0,0nnn,-193,459,-5,485,ABUU,,2M
J025933.70+001610.7,44.8904169,0.26966,Im,16.11,0.052,15.77,0.126,12.33,,9.086,,,,,,,,0000,0,1nnn,-206,323,720,338,ABUU,,2M
J025933.07+001625.7,44.8878013,0.2738145,Im,15.155,0.034,14.909,0.068,12.586,,9.234,,,,,,,,0000,0,00nn,-66,137,88,143,AAUU,,2M
J025938.92+001544.0,44.9121718,0.2622391,Im,16.55,0.072,16.123,0.17,12.199,,9.183,,,,,,,,0000,0,0nnn,-318,483,-220,501,ABUU,,2M
J025939.88+001622.9,44.9162053,0.2730511,Im,17.735,0.19,16.834,,12.259,0.331,9.042,,,,,,,,0000,0,nnnn,0,1415,0,1502,BUBU,,2M
J025939.50+001633.4,44.9146104,0.2759504,Im,14.092,0.026,13.993,0.037,12.519,0.468,9.097,,15.19,0.049,14.471,0.052,14.322,0.072,0000,0,11nn,3,67,-83,70,AACU,0.277,2M
J025938.74+001637.3,44.911445,0.2770552,Im,15.064,0.033,15.132,0.082,12.812,,9.174,,15.629,0.072,15.301,0.1,15.046,0.162,0000,0,00nn,-68,131,120,137,AAUU,0.2,2M
J025942.61+001651.8,44.9275628,0.2810588,Im,17.633,0.172,16.977,0.392,12.403,,9.018,,,,,,,,0000,0,nnnn,-430,1469,104,1561,BCUU,,2M
J025941.33+001702.0,44.9222108,0.283904,Im,16.748,0.08,16.77,0.301,12.745,,9.202,,,,,,,,0000,0,nnnn,-1106,571,-916,589,ABUU,,2M
J025939.59+001703.3,44.9149694,0.2842695,Im,15.397,0.037,14.972,0.068,12.641,,9.22,,,,,,,,0000,0,11nn,327,168,591,173,AAUU,,2M
J025938.74+001703.3,44.9114572,0.2842541,Im,16.91,0.089,16.617,0.279,12.438,,9.074,,,,,,,,0000,0,nnnn,-359,654,207,690,ABUU,,2M
J025938.33+001713.3,44.9097282,0.2870469,Im,17.493,0.147,17.412,,12.795,,9.064,,,,,,,,0000,0,nnnn,-2060,1186,1672,1243,BUUU,,2M
J025940.05+001716.0,44.9169117,0.2877869,Im,17.035,0.103,16.681,0.29,12.269,,9.155,,,,,,,,0000,0,nnnn,-1796,747,-716,782,ABUU,,2M
J025939.96+001730.6,44.9165252,0.2918536,Im,17.01,0.104,17.344,0.509,12.527,,9.248,,,,,,,,0000,0,nnnn,461,740,-2024,792,ACUU,,2M
J025936.81+001720.0,44.9034023,0.2889126,Im,17.262,0.125,16.348,0.214,12.709,,9.088,,,,,,,,0000,0,nnnn,829,875,307,948,BBUU,,2M
J025938.78+001749.9,44.9115967,0.2972171,Im,16.488,0.066,16.141,0.176,12.793,,9.199,,,,,,,,0000,0,1nnn,-1286,430,-385,449,ABUU,,2M
J025949.42+001544.6,44.9559488,0.2624061,Im,17.282,0.124,17.318,0.501,12.836,,9.097,,,,,,,,0000,0,nnnn,-109,1035,16,1092,BCUU,,2M
J025948.67+001615.3,44.952832,0.2709305,Im,16.61,0.075,17.274,0.5,12.701,,9.16,,,,,,,,0000,0,0nnn,632,550,72,568,ACUU,,2M
J025947.69+001614.4,44.9487227,0.2706776,Im,15.971,0.05,15.746,0.133,12.061,0.304,9.034,0.498,,,,,,,0000,0,1nnn,105,290,35,305,ABBC,,2M
J025951.76+001653.3,44.9656951,0.281499,Im,17.336,0.134,16.795,0.309,12.713,0.51,8.702,,,,,,,,0000,0,nnnn,-334,1063,-134,1130,BBCU,,2M
J025949.33+001646.7,44.9555744,0.2796465,Im,17.88,0.214,17.113,,12.804,,8.751,,,,,,,,0000,0,nnnn,848,1986,123,2100,BUUU,,2M
J025945.82+001641.1,44.9409482,0.2780937,Im,15.921,0.051,16.291,0.205,12.728,,9.134,,,,,,,,0000,0,0nnn,-75,306,-323,320,ABUU,,2M
J025947.35+001711.3,44.947305,0.2864807,Im,16.346,0.061,16.675,0.296,12.293,,9.105,,,,,,,,0000,0,0nnn,-601,429,91,432,ABUU,,2M
J025949.64+001659.2,44.9568347,0.283114,Im,16.366,0.063,16.263,0.207,12.706,,9.033,,,,,,,,0000,0,1nnn,-211,431,650,448,ABUU,,2M
J025947.80+001719.8,44.9491667,0.2888608,Im,17.237,0.121,16.762,,12.91,,8.691,,,,,,,,0000,0,nnnn,443,943,226,985,BUUU,,2M
J025948.13+001733.8,44.9505816,0.2927422,Im,17.278,0.127,16.108,0.178,12.655,0.48,9.058,,,,,,,,0000,0,nnnn,397,861,461,902,BBCU,,2M
J025949.86+001734.2,44.9577812,0.2928507,Im,16.368,0.062,16.082,0.166,12.077,,9.044,,,,,,,,0000,0,0nnn,194,411,547,434,ABUU,,2M
J025949.80+001747.2,44.9575229,0.2964492,Im,17.25,0.12,17.075,0.388,12.859,,8.521,,,,,,,,0000,0,nnnn,712,985,3387,1028,BCUU,,2M
J025955.60+001659.6,44.9816806,0.2832402,Im,16.43,0.065,16.698,0.293,12.377,,9.104,,,,,,,,0000,0,0nnn,331,452,-19,475,ABUU,,2M
J025952.87+001728.3,44.9703127,0.2912171,Im,17.643,0.168,16.786,0.31,12.222,,8.833,,,,,,,,0000,0,nnnn,-239,1321,1305,1400,BBUU,,2M
J025958.19+001753.1,44.9924997,0.2981026,Im,17.241,0.122,16.937,,12.721,,8.948,,,,,,,,0000,0,nnnn,-144,995,562,1046,BUUU,,2M
J025957.14+001754.2,44.988085,0.2983984,Im,16.828,0.086,16.78,0.313,12.704,,8.827,,,,,,,,0000,0,nnnn,437,642,238,683,ABUU,,2M
J025955.46+001747.4,44.9811116,0.2965031,Im,17.733,0.185,16.606,,12.613,,9.047,,,,,,,,0000,0,nnnn,-1899,1657,1403,1706,BUUU,,2M
J025956.75+001815.1,44.9864753,0.3042214,Im,17.431,0.137,16.854,0.351,12.247,,8.987,,,,,,,,0000,0,nnnn,-692,1126,1099,1219,BBUU,,2M
J025952.95+001756.4,44.9706641,0.2990075,Im,16.478,0.07,16.155,0.178,12.721,,9.203,,,,,,,,0000,0,1nnn,234,434,-147,462,ABUU,,2M
J025950.23+001757.2,44.9593238,0.2992448,Im,16.698,0.074,16.017,0.161,12.641,,9.136,,,,,,,,0000,0,0nnn,224,517,798,546,ABUU,,2M
J025944.06+001649.4,44.9336164,0.2804141,Im,17.201,0.124,16.727,,12.667,,9.246,,,,,,,,0000,0,nnnn,122,990,150,1042,BUUU,,2M
J025946.15+001713.3,44.9423015,0.2870499,Im,16.376,0.065,16.312,0.226,12.827,,9.146,,,,,,,,0000,0,1nnn,-525,429,-4,455,ABUU,,2M
J025943.05+001706.7,44.9294022,0.2852116,Im,17.46,0.145,17.325,0.504,12.162,,9.054,,,,,,,,0000,0,nnnn,-616,1216,745,1258,BCUU,,2M
J025943.35+001725.6,44.9306599,0.2904716,Im,17.578,0.163,17.303,0.522,12.639,,8.696,,,,,,,,0000,0,nnnn,-973,1381,1019,1459,BCUU,,2M
J025946.58+001728.2,44.9441135,0.2911695,Im,17.731,0.194,17.087,,12.514,,8.937,,,,,,,,0000,0,nnnn,1364,1617,788,1720,BUUU,,2M
J025946.93+001741.3,44.9455651,0.2948065,Im,17.28,0.125,16.572,0.264,12.323,,9.12,,,,,,,,0000,0,nnnn,1594,948,126,1001,BBUU,,2M
J025949.01+001752.3,44.9542361,0.297883,Im,17.735,0.182,16.747,0.308,12.53,,8.427,,,,,,,,0000,0,nnnn,446,1372,632,1462,BBUU,,2M
J025945.34+001758.0,44.9389493,0.299453,Im,16.603,0.074,17.104,0.424,12.45,,8.585,,,,,,,,0000,0,0nnn,-607,514,187,536,ACUU,,2M
J025943.71+001754.7,44.9321612,0.2985474,Im,17.08,0.107,17.236,0.466,12.275,,8.735,,,,,,,,0000,0,nnnn,613,838,1456,883,ACUU,,2M
J025939.54+001754.9,44.9147589,0.2986003,Im,16.485,0.07,16.659,0.274,12.319,,9.1,,,,,,,,0000,0,0nnn,-24,472,14,495,ABUU,,2M
J025941.70+001802.1,44.9237905,0.3006021,Im,17.576,0.166,17.253,,12.793,,9.157,,,,,,,,0000,0,nnnn,-286,1437,807,1520,BUUU,,2M
J025941.06+001804.9,44.9210891,0.3013867,Im,17.417,0.136,16.46,0.219,12.817,,9.165,,,,,,,,0000,0,nnnn,396,988,384,1047,BBUU,,2M
J025941.62+001822.0,44.9234539,0.3061209,Im,16.833,0.089,16.616,0.277,12.718,,9.229,,,,,,,,0000,0,nnnn,-882,616,-46,653,ABUU,,2M
J025945.29+001822.8,44.9387484,0.3063392,Im,17.258,0.121,17.144,0.425,12.854,,8.679,,,,,,,,0000,0,nnnn,-255,922,-1547,980,BCUU,,2M
J025942.88+001840.8,44.9286726,0.3113522,Im,13.808,0.025,13.542,0.031,12.557,0.438,8.894,,15.814,0.091,15.121,0.098,14.578,0.12,0000,0,11nn,-72,56,-41,59,AACU,0.08,2M
J025948.04+001820.6,44.9501859,0.3057329,Im,17.715,0.19,16.814,0.325,12.694,,9.096,,,,,,,,0000,0,nnnn,1950,1393,2463,1475,BBUU,,2M
J025951.25+001902.2,44.9635521,0.3172784,Im,15.943,0.048,16.122,0.161,12.876,,8.941,,,,,,,,0000,0,1nnn,42,276,-72,289,ABUU,,2M
J025952.29+001914.8,44.9679089,0.3207977,Im,16.888,0.09,16.836,0.313,12.623,,8.531,,,,,,,,0000,0,0nnn,-215,639,-1681,673,ABUU,,2M
J025950.56+001948.2,44.9606798,0.3300697,Im,17.886,0.214,16.922,,12.268,,9.247,,,,,,,,0000,0,nnnn,-575,1775,-706,1888,BUUU,,2M
J025949.89+001941.7,44.9579153,0.3282682,Im,17.791,0.185,17.215,0.452,12.366,,9.024,,,,,,,,0000,0,nnnn,-1355,1516,2149,1629,BCUU,,2M
J025928.78+001606.1,44.8699292,0.2683724,Im,15.562,0.039,15.357,0.093,12.833,,8.645,,,,,,,,0000,0,0nnn,236,197,78,210,AAUU,,2M
J025929.85+001610.3,44.8743858,0.2695356,Im,16.686,0.077,16.907,,12.232,,8.811,,,,,,,,0000,0,0nnn,-5,579,-276,603,AUUU,,2M
J025927.22+001603.1,44.8634174,0.2675511,Im,17.07,0.107,17.033,0.377,12.835,,8.784,,,,,,,,0000,0,nnnn,-796,812,-87,839,ACUU,,2M
J025926.61+001614.6,44.8609021,0.2707494,Im,14.939,0.031,14.757,0.061,12.293,,9.008,,16.073,0.107,15.39,0.092,15.153,0.154,0000,0,11nn,251,117,-185,124,AAUU,0.224,2M
J025931.19+001640.2,44.879974,0.2778591,Im,16.667,0.079,16.801,0.325,12.204,,9.015,,,,,,,,0000,0,0nnn,-415,553,-219,576,ABUU,,2M
J025929.32+001635.5,44.8721763,0.2765283,Im,16.736,0.079,17.106,0.424,12.863,,9.095,,,,,,,,0000,0,0nnn,-566,560,-395,586,ACUU,,2M
J025930.80+001703.5,44.8783472,0.284308,Im,17.044,0.103,17.193,0.444,12.39,,9.137,,,,,,,,0000,0,nnnn,-913,779,-516,801,ACUU,,2M
J025923.54+001643.9,44.848103,0.2788712,Im,17.082,0.101,16.661,,12.761,,8.913,,,,,,,,0000,0,nnnn,-1258,746,-1415,776,AUUU,,2M
J025928.44+001710.4,44.8685036,0.2862246,Im,15.38,0.037,15.029,0.073,12.275,,8.587,0.301,,,,,,,0000,0,01nn,320,171,-84,181,AAUB,,2M
J025933.14+001704.3,44.8881102,0.2845456,Im,16.666,0.079,16.129,0.182,12.472,,8.791,,,,,,,,0000,0,0nnn,-913,514,112,537,ABUU,,2M
J025936.18+001720.1,44.9007741,0.2889385,Im,16.368,0.065,16.413,0.222,12.768,,9.237,,,,,,,,0000,0,0nnn,136,401,-95,425,ABUU,,2M
J025931.71+001721.4,44.8821256,0.2893009,Im,14.408,0.027,14.108,0.041,12.902,,9.051,,16.238,0.132,15.496,0.156,14.937,0.148,0000,0,00nn,27,76,4,80,AAUU,0.075,2M
J025933.90+001726.8,44.891266,0.2907946,Im,16.535,0.072,16.22,0.181,12.55,,8.612,,,,,,,,0000,0,1nnn,67,455,49,477,ABUU,,2M
J025933.16+001727.2,44.8881947,0.2909164,Im,16.575,0.072,16.069,0.159,12.636,,9.023,,,,,,,,0000,0,0nnn,372,461,-238,482,ABUU,,2M
J025938.27+001755.1,44.9094862,0.2986594,Im,17.095,0.107,16.739,0.298,12.086,,9.04,,,,,,,,0000,0,nnnn,2912,734,-2594,770,ABUU,,2M
J025934.93+001800.1,44.8955468,0.3000297,Im,17.383,0.128,17.017,0.383,12.363,,8.774,,,,,,,,0000,0,nnnn,-552,1039,177,1080,BCUU,,2M
J025936.12+001813.0,44.9005055,0.3036198,Im,17.157,0.112,16.822,0.311,12.226,,9.2,,,,,,,,0000,0,nnnn,68,903,324,942,BBUU,,2M
J025930.80+001723.9,44.8783504,0.2899901,Im,16.22,0.056,15.817,0.128,12.353,,9.166,,,,,,,,0000,0,0nnn,-436,337,-462,352,ABUU,,2M
J025930.88+001733.8,44.8786789,0.2927344,Im,16.594,0.071,16.198,0.185,12.397,,8.965,,,,,,,,0000,0,nnnn,164,475,24,501,ABUU,,2M
J025931.64+001741.1,44.8818364,0.2947507,Im,16.007,0.05,16.039,0.168,12.031,0.272,9.165,,,,,,,,0000,0,0nnn,-257,278,-44,292,ABBU,,2M
J025931.20+001746.6,44.8800129,0.296304,Im,15.583,0.04,15.373,0.098,12.296,,9.401,,,,,,,,0000,0,0nnn,55,199,2,208,AAUU,,2M
J025930.05+001749.4,44.8752257,0.2970665,Im,16.153,0.054,15.914,0.142,12.202,,9.208,,,,,,,,0000,0,0nnn,71,325,-43,335,ABUU,,2M
J025931.22+001808.9,44.8800834,0.3024734,Im,17.697,0.18,17.002,0.373,12.273,,8.72,,,,,,,,0000,0,nnnn,-354,1434,-58,1522,BCUU,,2M
J025932.98+001806.9,44.8874187,0.3019349,Im,15.329,0.037,15.14,0.078,12.556,,9.211,,,,,,,,0000,0,00nn,-47,159,-244,164,AAUU,,2M
J025933.09+001818.9,44.8878813,0.3052562,Im,16.716,0.076,16.8,0.316,12.707,,9.073,,,,,,,,0000,0,nnnn,235,568,-234,591,ABUU,,2M
J025934.86+001833.0,44.8952808,0.30917,Im,16.615,0.076,16.359,0.218,12.309,,9.281,,,,,,,,0000,0,0nnn,0,483,-359,511,ABUU,,2M
J025932.20+001829.2,44.8841691,0.308134,Im,16.541,0.069,16.924,0.342,12.917,,9.272,,,,,,,,0000,0,0nnn,607,474,23,502,ABUU,,2M
J025932.24+001839.7,44.8843608,0.3110365,Im,17.802,0.192,17.397,,12.741,,9.186,,,,,,,,0000,0,nnnn,78,1443,-963,1511,BUUU,,2M
J025924.64+001728.7,44.8527009,0.2913179,Im,15.705,0.042,15.623,0.112,12.714,,8.926,,,,,,,,0000,0,0nnn,444,221,-58,230,ABUU,,2M
J025923.02+001720.8,44.8459564,0.2891249,Im,17.04,0.105,16.807,,12.875,,9.036,,,,,,,,0000,0,nnnn,10,806,-690,850,AUUU,,2M
J025921.20+001714.6,44.8383745,0.2873957,Im,17.67,0.169,17.465,,12.666,,9.183,,,,,,,,0000,0,nnnn,-545,1454,-88,1521,BUUU,,2M
J025925.73+001728.8,44.8572178,0.2913407,Im,16.067,0.053,15.978,0.148,12.227,,9.152,,,,,,,,0000,0,0nnn,-413,320,-28,333,ABUU,,2M
J025926.93+001800.1,44.8622338,0.3000428,Im,15.797,0.044,15.477,0.102,12.52,,9.237,,,,,,,,0000,0,0nnn,183,240,-402,250,AAUU,,2M
J025924.45+001757.0,44.8518786,0.2991763,Im,17.046,0.103,16.813,,12.832,,9.268,,,,,,,,0000,0,nnnn,86,773,173,802,AUUU,,2M
J025920.25+001724.6,44.8344104,0.2901854,Im,15.184,0.033,14.939,0.066,12.442,,9.158,,,,,,,,0000,0,11nn,117,142,-257,147,AAUU,,2M
J025921.19+001736.3,44.8383137,0.2934259,Im,17.189,0.112,16.422,0.209,12.675,,9.303,,,,,,,,0000,0,nnnn,801,837,210,874,BBUU,,2M
J025920.13+001739.4,44.8339094,0.2942834,Im,17.389,0.137,17.149,,12.738,,9.19,,,,,,,,0000,0,nnnn,-189,1094,-577,1138,BUUU,,2M
J025920.85+001743.0,44.8369023,0.2952925,Im,17.754,0.186,16.952,,12.753,,9.286,,,,,,,,0000,0,nnnn,-1982,1657,493,1729,BUUU,,2M
J025921.39+001805.6,44.8391647,0.3015808,Im,14.198,0.027,13.821,0.035,10.077,0.05,8.191,0.208,16.693,0.192,15.783,0.165,15.158,0.183,0000,0,011n,0,90,0,88,AAAB,0.441,2M
J025920.36+001755.7,44.83487,0.298806,Im,16.135,0.054,16.114,0.166,12.358,,8.633,,,,,,,,0000,0,0nnn,0,324,304,335,ABUU,,2M
J025923.15+001818.6,44.846472,0.305182,Im,17.815,0.201,17.091,0.404,12.807,0.498,9.201,,,,,,,,0000,0,nnnn,-1933,1434,640,1530,BCCU,,2M
J025923.70+001828.3,44.8487508,0.3078791,Im,17.272,0.125,17.352,,12.248,,9.203,,,,,,,,0000,0,nnnn,427,990,773,1042,BUUU,,2M
J025928.41+001807.6,44.86841,0.30212,Im,15.091,0.033,14.857,0.065,12.109,,9.037,,,,,,,,0000,0,00nn,700,137,88,141,AAUU,,2M
J025928.96+001829.1,44.870698,0.3081047,Im,14.667,0.03,14.684,0.054,12.817,,9.137,,15.171,0.05,14.768,0.057,14.688,0.1,0000,0,00nn,77,101,-79,102,AAUU,0.249,2M
J025927.49+001827.6,44.8645613,0.3076703,Im,17.534,0.151,16.915,,12.043,,9.204,,,,,,,,0000,0,nnnn,-734,1324,492,1386,BUUU,,2M
J025931.56+001848.8,44.881538,0.3135824,Im,16.922,0.099,17.268,0.501,12.21,,9.003,,,,,,,,0000,0,nnnn,409,672,-167,708,ACUU,,2M
J025932.33+001859.8,44.884726,0.3166351,Im,14.605,0.029,14.502,0.049,12.82,,9.224,,15.686,0.074,15.191,0.067,14.484,0.096,0000,0,00nn,-25,90,-108,93,AAUU,0.198,2M
J025929.19+001851.2,44.8716319,0.3142453,Im,17.904,0.219,17.46,,12.392,,9.198,,,,,,,,0000,0,nnnn,-1041,1824,-571,1910,BUUU,,2M
J025930.01+001901.5,44.8750715,0.3171033,Im,17.045,0.099,16.783,,12.703,,9.251,,,,,,,,0000,0,nnnn,-187,783,-693,847,AUUU,,2M
J025931.36+001920.5,44.8806807,0.3223815,Im,17.22,0.117,16.727,,12.541,,8.951,,,,,,,,0000,0,nnnn,1296,983,73,1022,BUUU,,2M
J025926.34+001855.0,44.8597862,0.3152883,Im,16.972,0.104,16.602,0.273,12.062,,8.708,,,,,,,,0000,0,nnnn,-731,771,-327,811,ABUU,,2M
J025926.68+001906.1,44.8611923,0.3183722,Im,17.87,0.2,17.439,,12.797,,9.399,,,,,,,,0000,0,nnnn,1151,1545,-2865,1623,BUUU,,2M
J025924.77+001911.0,44.853237,0.3197321,Im,16.11,0.055,16.128,0.183,12.633,,8.878,,,,,,,,0000,0,0nnn,-483,326,-144,341,ABUU,,2M
J025926.26+001925.7,44.8594464,0.3238159,Im,15.913,0.047,15.792,0.134,12.789,,8.898,,,,,,,,0000,0,0nnn,448,267,11,276,ABUU,,2M
J025928.78+001919.1,44.8699324,0.3219791,Im,17.87,0.198,17.088,,12.467,,9.179,,,,,,,,0000,0,nnnn,-2406,1558,2605,1632,BUUU,,2M
J025927.10+001936.7,44.8629365,0.3268884,Im,15.556,0.041,15.28,0.088,12.237,,9.264,,,,,,,,0000,0,1nnn,110,196,159,206,AAUU,,2M
J025940.01+001838.4,44.9167311,0.3106706,Im,17.643,0.175,16.132,0.17,12.023,,9.283,,,,,,,,0000,0,nnnn,680,1070,-798,1136,BBUU,,2M
J025936.38+001829.1,44.9015846,0.3081108,Im,16.671,0.078,16.188,0.175,12.315,,8.61,,,,,,,,0000,0,nnnn,-179,522,1056,543,ABUU,,2M
J025939.20+001835.0,44.9133705,0.3097249,Im,17.503,0.155,16.403,0.212,12.749,,9.268,,,,,,,,0000,0,nnnn,-229,1047,154,1109,BBUU,,2M
J025940.80+001904.1,44.9200004,0.3178124,Im,16.688,0.081,15.889,0.136,12.714,,9.222,,,,,,,,0000,0,nnnn,-555,542,361,576,ABUU,,2M
J025940.77+001921.4,44.9198868,0.3226128,Im,14.79,0.03,14.573,0.053,12.156,,8.772,,16.64,0.166,15.942,0.16,15.327,0.198,0000,0,00nn,-6,108,-110,114,AAUU,0.399,2M
J025935.18+001843.3,44.8966117,0.31204,Im,15.963,0.048,16.053,0.164,12.725,,9.177,,,,,,,,0000,0,0nnn,-397,276,213,284,ABUU,,2M
J025940.57+001944.0,44.91907,0.3289,Im,15.473,0.038,15.222,0.08,12.149,0.303,8.834,,,,,,,,0000,0,1nnn,-131,183,304,190,AABU,,2M
J025937.69+001938.5,44.9070626,0.3273865,Im,17.702,0.18,16.74,,12.872,,9.302,,,,,,,,0000,0,nnnn,-1550,1375,-959,1450,BUUU,,2M
J025945.54+001920.7,44.9397738,0.3224238,Im,17.824,0.199,17.112,,12.516,,9.194,,,,,,,,0000,0,nnnn,-1275,1664,1451,1729,BUUU,,2M
J025946.14+001940.3,44.9422612,0.3278806,Im,16.586,0.071,16.834,0.317,12.225,0.318,8.964,,,,,,,,0000,0,0nnn,1194,486,-1054,510,ABBU,,2M
J025945.58+001958.2,44.9399498,0.33284,Im,16.851,0.09,16.259,0.195,12.16,,8.38,,,,,,,,0000,0,nnnn,-474,618,538,652,ABUU,,2M
J025945.07+002004.3,44.9378146,0.3345486,Im,17.761,0.194,16.885,0.336,12.767,,8.766,,,,,,,,0000,0,nnnn,-245,1498,-179,1582,BBUU,,2M
J025942.37+002000.5,44.926544,0.3334947,Im,17.533,0.158,17.262,0.487,12.797,,9.104,,,,,,,,0000,0,nnnn,476,1243,-377,1311,BCUU,,2M
J025939.59+002001.8,44.9149625,0.333845,Im,16.752,0.081,16.334,0.203,12.591,0.463,8.912,,,,,,,,0000,0,nnnn,212,594,449,620,ABCU,,2M
J025940.16+002018.3,44.9173604,0.3384373,Im,17.365,0.134,16.521,0.239,12.529,,8.992,,,,,,,,0000,0,nnnn,-690,1029,-1,1089,BBUU,,2M
J025940.89+002017.8,44.9204085,0.3382885,Im,16.048,0.052,15.513,0.109,11.934,0.217,8.892,,,,,,,,0000,0,0nnn,191,308,28,328,ABBU,,2M
J025944.34+002016.7,44.9347849,0.3379852,Im,17.398,0.135,16.528,0.241,12.369,,9.038,,,,,,,,0000,0,nnnn,680,1026,-724,1078,BBUU,,2M
J025944.35+002025.7,44.9348183,0.3404763,Im,17.112,0.105,16.863,0.324,12.52,,8.876,,,,,,,,0000,0,nnnn,466,801,-53,839,ABUU,,2M
J025943.38+002027.0,44.9307652,0.340838,Im,15.918,0.046,15.421,0.099,12.563,,9.292,,,,,,,,0000,0,0nnn,-106,258,255,270,AAUU,,2M
J025945.42+002038.5,44.9392762,0.3440373,Im,15.418,0.037,15.132,0.076,12.725,,8.872,,,,,,,,0000,0,0nnn,-18,177,-330,187,AAUU,,2M
J025945.22+002055.8,44.9384204,0.3488443,Im,16.456,0.066,15.949,0.151,12.279,0.341,8.882,,,,,,,,0000,0,0nnn,-34,439,190,473,ABBU,,2M
J025934.24+001915.6,44.8927083,0.321007,Im,15.455,0.039,15.224,0.084,11.905,0.244,9.166,,,,,,,,0000,0,00nn,89,184,65,190,AABU,,2M
J025932.66+001919.9,44.8861054,0.3222182,Im,17.925,0.207,16.81,0.305,12.733,,8.976,,,,,,,,0000,0,nnnn,2396,1507,2039,1592,BBUU,,2M
J025932.36+001930.9,44.884867,0.3252662,Im,17.116,0.112,16.353,0.199,12.793,,8.843,,,,,,,,0000,0,nnnn,-738,780,580,824,BBUU,,2M
J025933.22+001932.7,44.8884174,0.3257574,Im,16.333,0.058,16.154,0.173,11.983,0.249,9.127,,,,,,,,0000,0,0nnn,329,382,-335,405,ABBU,,2M
J025933.88+001938.4,44.891191,0.3273358,Im,15.909,0.048,15.867,0.134,12.241,0.317,8.855,,,,,,,,0000,0,1nnn,-209,268,181,279,ABBU,,2M
J025933.90+001957.3,44.8912613,0.3325877,Im,17.937,0.21,16.769,,12.692,,9.138,,,,,,,,0000,0,nnnn,1183,2047,-598,2159,BUUU,,2M
J025937.73+001958.9,44.9072179,0.3330373,Im,16.798,0.086,15.966,0.147,12.783,,8.678,,,,,,,,0000,0,nnnn,9,559,-331,591,ABUU,,2M
J025936.96+001959.9,44.9040134,0.3333205,Im,17.401,0.139,16.062,0.158,12.726,,8.477,,,,,,,,0000,0,nnnn,13,852,966,920,BBUU,,2M
J025931.40+001942.6,44.8808711,0.3285066,Im,14.185,0.028,13.909,0.037,12.622,,8.895,,16.4,,15.861,0.186,15.425,0.198,0000,1,00nn,65,70,-122,71,AAUU,1.239,2M
J025932.50+002021.2,44.8854327,0.3392349,Im,16.831,0.088,16.675,0.297,12.711,,8.984,,,,,,,,0000,0,nnnn,-731,645,-145,681,ABUU,,2M
J025929.47+001955.5,44.872795,0.3320873,Im,11.289,0.023,11.339,0.021,11.255,0.136,9.192,,11.77,0.021,11.472,0.028,11.4,0.026,0000,0,nnnn,16,29,52,28,AABU,0.257,2M
J025930.07+001959.1,44.8753079,0.3331058,Im,12.773,0.034,12.765,0.034,12.58,0.473,8.982,0.459,13.235,0.025,12.943,0.03,12.857,0.032,0000,0,nnnn,,,,,AACC,0.183,2M
J025933.90+002033.3,44.8912847,0.3426021,Im,17.106,0.108,17.272,,12.795,,8.89,,,,,,,,0000,0,nnnn,351,844,-352,898,AUUU,,2M
J025934.75+002032.1,44.8947917,0.3422691,Im,16.894,0.089,17.047,0.402,12.459,,9.232,,,,,,,,0000,0,nnnn,717,685,-1135,709,ACUU,,2M
J025935.56+002038.1,44.8982065,0.343934,Im,17.841,0.212,16.943,0.357,12.773,,9.335,,,,,,,,0000,0,nnnn,-595,1744,2070,1853,BCUU,,2M
J025932.74+002035.2,44.8864235,0.3431225,Im,16.813,0.085,17.173,,12.323,,8.696,,,,,,,,0000,0,nnnn,-844,667,-489,697,AUUU,,2M
J025931.98+002051.3,44.8832842,0.3475867,Im,15.847,0.045,15.73,0.126,12.096,0.297,8.977,,,,,,,,0000,0,0nnn,50,255,-383,264,ABBU,,2M
J025933.16+002051.6,44.8881829,0.3476771,Im,16.027,0.05,15.867,0.143,12.72,,8.922,,,,,,,,0000,0,0nnn,-425,296,-477,311,ABUU,,2M
J025933.57+002114.1,44.8898822,0.353938,Im,17.124,0.111,16.392,0.218,11.959,,8.743,,,,,,,,0000,0,nnnn,661,780,2067,817,BBUU,,2M
J025939.17+002036.2,44.913215,0.3434125,Im,17.784,0.2,17.214,,12.488,,8.507,,,,,,,,0000,0,nnnn,1051,1740,-1279,1859,BUUU,,2M
J025937.27+002030.9,44.9052976,0.3419268,Im,17.591,0.168,16.675,,12.824,,9.121,,,,,,,,0000,0,nnnn,297,1463,-247,1531,BUUU,,2M
J025937.53+002050.8,44.9064146,0.3474611,Im,16.918,0.094,17.098,0.437,12.817,,9.121,,,,,,,,0000,0,nnnn,977,683,184,711,ACUU,,2M
J025939.72+002107.2,44.9155246,0.352023,Im,16.688,0.08,16.351,0.212,12.78,,9.154,,,,,,,,0000,0,nnnn,13,561,276,605,ABUU,,2M
J025936.07+002101.8,44.9003109,0.3505026,Im,17.33,0.132,17.161,0.431,12.806,,9.16,,,,,,,,0000,0,nnnn,-746,1076,1292,1125,BCUU,,2M
J025937.93+002107.3,44.9080485,0.3520476,Im,17.016,0.104,16.688,,12.217,,9.092,,,,,,,,0000,0,nnnn,11,807,608,838,AUUU,,2M
J025937.13+002113.2,44.9047445,0.3536919,Im,17.081,0.11,17.069,0.404,12.796,,8.922,,,,,,,,0000,0,nnnn,774,809,-206,842,BCUU,,2M
J025937.79+002123.9,44.907493,0.3566617,Im,17.144,0.111,17.383,,12.322,,8.94,,,,,,,,0000,0,nnnn,579,868,262,910,BUUU,,2M
J025936.82+002126.2,44.9034539,0.3572861,Im,17.808,0.201,16.722,0.28,12.593,,9.19,,,,,,,,0000,0,nnnn,2295,1371,-579,1470,BBUU,,2M
J025938.57+002143.5,44.9107093,0.3621077,Im,15.25,0.036,14.887,0.063,12.426,,9.316,0.542,,,,,,,0000,0,00nn,-109,154,124,164,AAUC,,2M
J025940.30+002200.1,44.9179455,0.3667082,Im,15.454,0.04,14.952,0.069,11.968,0.272,9.254,,,,,,,,0000,0,00nn,-122,190,-366,200,AABU,,2M
J025937.30+002137.0,44.9054204,0.3602957,Im,15.779,0.046,15.379,0.098,12.408,0.367,8.932,,,,,,,,0000,0,nnnn,-274,228,-186,245,AACU,,2M
J025937.31+002148.2,44.905498,0.3634059,Im,14.597,0.029,14.363,0.047,12.319,,9.202,,16.483,0.139,16.034,0.206,15.084,0.158,0000,0,00nn,70,93,44,99,AAUU,1.062,2M
J025938.55+002211.3,44.9106477,0.369815,Im,17.55,0.171,17.183,0.433,12.742,,9.002,,,,,,,,0000,0,nnnn,-768,1459,435,1537,BCUU,,2M
J025858.00+001351.0,44.7416791,0.2308401,Im,17.34,0.138,16.662,,12.751,,8.519,,,,,,,,0000,0,nnnn,84,1089,573,1133,BUUU,,2M
J025854.96+001401.9,44.7290267,0.2338775,Im,17.443,0.154,17.154,0.43,12.475,,9.12,,,,,,,,0000,0,nnnn,482,1209,639,1289,BCUU,,2M
J025857.35+001410.3,44.7389843,0.2362204,Im,16.703,0.082,16.849,0.333,12.52,,9.026,,,,,,,,0000,0,0nnn,53,576,-604,599,ABUU,,2M
J025901.03+001422.2,44.7543035,0.2395146,Im,16.832,0.086,16.04,0.16,12.823,,8.86,,,,,,,,0000,0,nnnn,-248,595,-11,624,ABUU,,2M
J025901.18+001432.1,44.7549576,0.2422743,Im,16.126,0.052,16.139,0.18,12.847,,8.89,,,,,,,,0000,0,1nnn,131,332,177,348,ABUU,,2M
J025901.05+001436.6,44.7543947,0.2435214,Im,17.122,0.112,16.613,,12.711,,8.937,,,,,,,,0000,0,nnnn,-862,952,1835,1017,BUUU,,2M
J025857.56+001433.2,44.7398609,0.2425828,Im,16.557,0.071,16.971,0.369,12.786,,9.07,,,,,,,,0000,0,0nnn,-400,517,-244,539,ACUU,,2M
J025859.17+001438.9,44.7465578,0.2441434,Im,17.293,0.125,16.294,0.198,12.664,,9.066,,,,,,,,0000,0,nnnn,624,944,112,1006,BBUU,,2M
J025854.48+001433.0,44.7270186,0.2425123,Im,17.802,0.195,17.125,0.426,12.373,,8.943,,,,,,,,0000,0,nnnn,-1418,1598,-1351,1682,BCUU,,2M
J025854.64+001456.9,44.7276727,0.2491526,Im,16.999,0.102,16.482,0.244,12.598,,8.893,,,,,,,,0000,0,nnnn,299,794,197,834,ABUU,,2M
J025855.47+001448.8,44.7311572,0.2469098,Im,17.192,0.12,17.166,0.418,12.584,,8.685,,,,,,,,0000,0,nnnn,-37,925,273,958,BCUU,,2M
J025855.42+001512.5,44.7309483,0.2534936,Im,17.848,0.205,17.058,0.393,12.715,,9.276,,,,,,,,0000,0,nnnn,551,1848,-20,1928,BCUU,,2M
J025903.61+001506.9,44.7650814,0.2519378,Im,17.464,0.155,17.208,0.456,12.724,,8.624,,,,,,,,0000,0,nnnn,270,1164,543,1218,BCUU,,2M
J025902.05+001509.6,44.7585787,0.2526904,Im,14.866,0.03,14.703,0.055,12.76,0.534,8.999,,15.874,0.076,15.106,0.097,14.841,0.119,0000,0,00nn,-8,112,55,114,AACU,0.097,2M
J025906.09+001538.0,44.7753766,0.2605711,Im,16.932,0.095,17.138,0.439,12.435,,9.17,,,,,,,,0000,0,nnnn,-1708,656,1354,692,ACUU,,2M
J025858.75+001530.4,44.7448018,0.2584558,Im,16.939,0.098,17.268,0.466,12.876,,9.136,,,,,,,,0000,0,nnnn,327,732,206,761,ACUU,,2M
J025859.42+001531.4,44.7475859,0.2587333,Im,17.188,0.117,16.708,,12.898,,9.033,,,,,,,,0000,0,nnnn,1044,919,258,965,BUUU,,2M
J025900.64+001537.9,44.7526991,0.2605401,Im,17.528,0.154,16.941,0.353,12.801,,9.073,,,,,,,,0000,0,nnnn,-112,1173,1347,1215,BBUU,,2M
J025900.44+001609.3,44.7518491,0.2692631,Im,17.55,0.158,16.912,,12.772,,9.171,,,,,,,,0000,0,nnnn,1127,1535,-451,1564,BUUU,,2M
J025859.59+001611.8,44.7483,0.2699619,Im,16.843,0.086,16.798,0.297,12.762,,9.225,,,,,,,,0000,0,nnnn,767,651,227,674,ABUU,,2M
J025848.95+001505.0,44.7039818,0.2513999,Im,17.384,0.137,17.162,0.434,12.756,,8.895,,,,,,,,0000,0,nnnn,951,1105,502,1164,BCUU,,2M
J025851.61+001532.4,44.7150468,0.2590273,Im,15.193,0.034,15.034,0.07,12.21,0.29,9.114,,,,,,,,0000,0,00nn,-478,153,-133,159,AABU,,2M
J025855.84+001537.7,44.7326821,0.2604885,Im,13.684,0.025,13.553,0.032,12.073,0.288,9.213,,15.527,0.083,14.681,0.086,14.281,0.086,0000,0,00nn,-82,54,14,55,AABU,0.163,2M
J025853.43+001534.7,44.7226658,0.2596404,Im,17.789,0.209,16.863,0.33,12.415,,8.548,,,,,,,,0000,0,nnnn,-85,1661,-233,1781,BBUU,,2M
J025851.84+001541.0,44.7160125,0.2614036,Im,17.114,0.123,16.596,,12.188,,9.03,,,,,,,,0000,0,nnnn,-138,948,-11,1111,BUUU,,2M
J025853.61+001556.6,44.7233962,0.2657372,Im,16.267,0.059,15.778,0.129,12.331,,9.205,,,,,,,,0000,0,0nnn,-319,377,305,400,ABUU,,2M
J025849.20+001526.2,44.7050217,0.2573054,Im,16.82,0.089,16.704,0.304,12.53,,9.218,,,,,,,,0000,0,nnnn,-600,638,-90,649,ABUU,,2M
J025849.93+001556.5,44.7080832,0.2657083,Im,17.675,0.175,17.055,0.391,12.755,,9.247,,,,,,,,0000,0,nnnn,-723,1392,-640,1454,BCUU,,2M
J025851.80+001555.4,44.7158411,0.2653999,Im,17.771,0.208,17.278,0.491,12.698,,8.843,,,,,,,,0000,0,nnnn,1403,1665,408,1774,BCUU,,2M
J025850.10+001624.8,44.7087677,0.2735602,Im,17.923,0.218,16.912,0.343,12.733,,8.859,,,,,,,,0000,0,nnnn,789,1778,-1028,1879,BBUU,,2M
J025851.53+001643.8,44.7147352,0.2788541,Im,16.984,0.105,16.798,0.348,12.081,,9.048,,,,,,,,0000,0,nnnn,-680,801,112,849,ABUU,,2M
J025857.19+001549.3,44.7383201,0.2637213,Im,17.152,0.114,17.006,0.364,12.272,,9.309,,,,,,,,0000,0,nnnn,-279,894,750,931,BCUU,,2M
J025857.17+001619.3,44.738221,0.2720379,Im,16.788,0.084,16.563,0.261,12.196,0.294,9.322,,,,,,,,0000,0,nnnn,510,591,-422,621,ABBU,,2M
J025855.11+001606.1,44.729634,0.268376,Im,17.772,0.196,17.416,,12.597,,9.185,,,,,,,,0000,0,nnnn,511,1407,-2015,1484,BUUU,,2M
J025855.14+001622.1,44.7297847,0.2728301,Im,15.97,0.05,15.451,0.099,11.995,0.284,8.904,,,,,,,,0000,0,0nnn,221,284,208,295,AABU,,2M
J025858.86+001632.5,44.7452792,0.2757065,Im,17.844,0.212,17.0,,12.697,,9.237,,,,,,,,0000,0,nnnn,781,2251,-1705,2338,BUUU,,2M
J025901.10+001644.9,44.7545862,0.2791542,Im,17.501,0.152,16.838,,12.846,,9.248,,,,,,,,0000,0,nnnn,1455,1251,1384,1294,BUUU,,2M
J025858.26+001637.4,44.7427648,0.2770625,Im,17.462,0.15,16.896,0.346,12.546,,9.34,,,,,,,,0000,0,nnnn,-920,1209,-502,1233,BBUU,,2M
J025854.71+001638.8,44.7279592,0.2774459,Im,14.122,0.027,13.867,0.035,11.166,0.116,8.604,,15.892,0.098,15.353,0.131,14.813,0.125,0000,3,01nn,-1,74,-165,76,AABU,1.253,2M
J025855.47+001643.1,44.7311389,0.2786517,Im,13.563,0.025,13.348,0.029,12.454,0.377,8.963,,15.362,0.078,14.732,0.088,14.148,0.094,0000,4,00nn,-22,50,16,51,AACU,0.188,2M
J025852.84+001657.5,44.7202021,0.2826531,Im,17.0,0.105,16.781,0.307,12.145,,9.104,,,,,,,,0000,0,nnnn,-656,738,-86,776,ABUU,,2M
J025853.99+001709.7,44.724995,0.2860425,Im,16.178,0.058,16.166,0.175,12.794,,9.008,,,,,,,,0000,0,1nnn,-156,357,-227,374,ABUU,,2M
J025856.17+001701.5,44.7340482,0.2837639,Im,17.146,0.113,16.198,0.19,12.72,,9.211,,,,,,,,0000,0,nnnn,345,768,-660,798,BBUU,,2M
J025859.09+001721.2,44.7462153,0.2892393,Im,16.367,0.061,16.487,0.244,12.787,,9.25,,,,,,,,0000,0,1nnn,-157,408,-53,426,ABUU,,2M
J025855.53+001718.8,44.7313865,0.2885677,Im,16.074,0.054,15.915,0.146,12.82,,9.285,,,,,,,,0000,0,0nnn,-196,328,194,336,ABUU,,2M
J025854.85+001717.1,44.7285569,0.2881094,Im,16.194,0.056,16.194,0.182,12.773,,9.285,,,,,,,,0000,0,0nnn,-496,363,-115,377,ABUU,,2M
J025857.13+001742.9,44.7380782,0.2952664,Im,16.013,0.051,15.521,0.114,12.672,,8.808,,,,,,,,0000,0,0nnn,1219,289,-333,305,ABUU,,2M
J025906.77+001550.8,44.7782274,0.2641146,Im,17.465,0.15,16.587,0.263,12.361,,9.116,,,,,,,,0000,0,nnnn,787,1152,509,1212,BBUU,,2M
J025906.10+001557.5,44.7754408,0.2659739,Im,17.743,0.181,16.798,,12.794,,9.262,,,,,,,,0000,0,nnnn,-4853,1371,1947,1439,BUUU,,2M
J025910.11+001624.7,44.7921405,0.2735279,Im,16.807,0.088,16.289,0.209,12.577,,8.518,,,,,,,,0000,0,nnnn,114,611,78,643,ABUU,,2M
J025910.28+001641.3,44.7928725,0.2781514,Im,17.592,0.175,16.864,0.331,12.603,,8.627,,,,,,,,0000,0,nnnn,-752,1376,-769,1425,BBUU,,2M
J025910.98+001651.4,44.7957562,0.2809576,Im,16.743,0.082,17.008,0.36,12.355,,9.166,,,,,,,,0000,0,0nnn,241,586,496,599,ACUU,,2M
J025909.60+001644.4,44.7900043,0.2790133,Im,17.122,0.116,16.701,,12.661,,8.635,,,,,,,,0000,0,nnnn,-324,889,-1635,923,BUUU,,2M
J025908.06+001647.5,44.7836033,0.2798874,Im,16.548,0.069,16.642,0.281,12.788,,9.268,,,,,,,,0000,0,0nnn,-175,485,-494,507,ABUU,,2M
J025903.74+001637.2,44.7656178,0.2770128,Im,15.856,0.046,15.693,0.113,12.312,,9.274,,,,,,,,0000,0,1nnn,-44,256,-159,267,ABUU,,2M
J025904.27+001648.1,44.7678264,0.280045,Im,17.771,0.194,17.242,0.47,12.16,,8.859,,,,,,,,0000,0,nnnn,799,1874,217,1977,BCUU,,2M
J025908.19+001715.1,44.7841665,0.287552,Im,17.729,0.186,16.849,0.334,12.027,,8.88,,,,,,,,0000,0,nnnn,1384,1378,-804,1465,BBUU,,2M
J025909.09+001729.4,44.7879117,0.2915126,Im,17.333,0.136,16.931,0.369,12.474,,8.988,,,,,,,,0000,0,nnnn,-195,1035,1595,1090,BCUU,,2M
J025913.14+001724.2,44.8047736,0.2900696,Im,17.485,0.148,17.14,0.404,12.832,,9.256,,,,,,,,0000,0,nnnn,-96,1229,1155,1281,BCUU,,2M
J025911.87+001730.0,44.7994756,0.2916918,Im,17.363,0.127,16.755,,12.144,,8.736,,,,,,,,0000,0,nnnn,455,1064,-113,1105,BUUU,,2M
J025916.98+001747.7,44.8207521,0.2965982,Im,16.134,0.054,15.712,0.122,12.316,,8.992,,,,,,,,0000,1,0nnn,4165,212,958,232,ABUU,,2M
J025911.01+001743.9,44.7959076,0.2955371,Im,16.942,0.1,16.733,0.318,12.761,,8.915,,,,,,,,0000,0,nnnn,360,700,522,747,ABUU,,2M
J025910.92+001757.2,44.7955317,0.2992293,Im,17.495,0.146,17.09,0.397,12.814,,8.672,,,,,,,,0000,0,nnnn,-80,1265,-990,1324,BCUU,,2M
J025909.93+001821.7,44.7913899,0.3060474,Im,15.886,0.047,15.464,0.097,12.687,,8.671,,16.928,0.191,16.388,0.231,15.721,0.265,0000,0,0nnn,-27,265,78,273,AAUU,1.205,2M
J025911.85+001812.4,44.7993872,0.3034686,Im,15.978,0.049,15.087,0.073,11.194,0.126,8.85,0.365,,,,,,,0000,0,01nn,-3,264,359,282,AABC,,2M
J025913.53+001826.9,44.8064003,0.3074823,Im,17.73,0.185,17.319,0.484,12.252,,9.059,,,,,,,,0000,0,nnnn,1332,1516,-887,1589,BCUU,,2M
J025914.20+001834.5,44.8091952,0.3096101,Im,16.026,0.051,15.696,0.115,12.175,,8.491,,,,,,,,0000,0,0nnn,-436,290,185,307,ABUU,,2M
J025912.19+001848.6,44.8008296,0.3135102,Im,17.495,0.159,16.767,0.322,12.704,,9.18,,,,,,,,0000,0,nnnn,1370,1363,159,1426,BBUU,,2M
J025902.38+001702.7,44.7599494,0.284094,Im,17.655,0.175,16.853,0.319,12.489,,9.169,,,,,,,,0000,0,nnnn,-35,1330,-1820,1422,BBUU,,2M
J025900.68+001703.9,44.7528379,0.2844393,Im,14.823,0.03,14.774,0.06,12.256,,9.198,,15.754,0.067,14.989,0.09,14.867,0.12,0000,0,00nn,99,109,-49,112,AAUU,0.233,2M
J025903.78+001715.9,44.7657712,0.287766,Im,17.699,0.184,17.059,0.387,12.141,,9.218,,,,,,,,0000,0,nnnn,2327,1459,3845,1537,BCUU,,2M
J025902.01+001722.3,44.7583764,0.2895384,Im,16.857,0.087,16.168,0.186,12.767,,8.959,,,,,,,,0000,0,nnnn,-124,610,-366,637,ABUU,,2M
J025906.59+001749.7,44.7774725,0.2971578,Im,16.834,0.091,16.627,0.271,12.554,,9.131,,,,,,,,0000,0,nnnn,-283,666,-441,699,ABUU,,2M
J025905.89+001807.3,44.7745523,0.3020313,Im,16.931,0.097,16.407,0.228,12.678,,8.887,,,,,,,,0000,0,nnnn,-739,697,-90,732,ABUU,,2M
J025904.85+001814.4,44.7702385,0.3040016,Im,17.445,0.151,16.71,0.316,12.395,,9.1,,,,,,,,0000,0,nnnn,384,1126,-39,1184,BBUU,,2M
J025859.58+001732.7,44.7482737,0.292434,Im,16.955,0.095,16.79,0.304,12.779,,8.721,,,,,,,,0000,0,nnnn,354,716,154,766,ABUU,,2M
J025900.76+001746.2,44.7531687,0.2961885,Im,15.978,0.049,15.545,0.114,12.248,,8.444,,,,,,,,0000,0,1nnn,-81,283,-16,297,ABUU,,2M
J025901.19+001752.4,44.7549826,0.2978938,Im,17.613,0.173,16.908,,12.235,,9.199,,,,,,,,0000,0,nnnn,1294,1390,-679,1443,BUUU,,2M
J025902.23+001809.4,44.7593108,0.3026254,Im,17.192,0.118,17.043,0.402,12.494,,8.769,,,,,,,,0000,0,nnnn,574,874,330,919,BCUU,,2M
J025901.41+001806.4,44.7558931,0.3018051,Im,17.313,0.131,16.923,0.404,12.743,,9.169,,,,,,,,0000,0,nnnn,172,1048,-282,1105,BCUU,,2M
J025904.24+001830.6,44.7676728,0.3085069,Im,17.416,0.147,17.017,0.396,12.715,,9.238,,,,,,,,0000,0,nnnn,318,1126,265,1180,BCUU,,2M
J025902.16+001838.8,44.7590216,0.3107983,Im,17.379,0.151,16.72,0.305,12.769,,8.898,,,,,,,,0000,0,nnnn,778,1050,184,1105,BBUU,,2M
J025907.85+001848.2,44.7827257,0.3133947,Im,15.596,0.042,15.312,0.089,12.189,,9.003,,,,,,,,0000,0,0nnn,19,219,108,226,AAUU,,2M
J025909.95+001846.4,44.7914886,0.3129146,Im,12.202,0.022,12.246,0.023,11.815,0.244,8.775,,12.913,0.028,12.422,0.028,12.304,0.027,0000,0,00nn,27,32,-7,32,AABU,0.147,2M
J025910.68+001907.2,44.7945305,0.3186868,Im,17.855,0.213,17.057,0.383,12.88,,8.953,,,,,,,,0000,0,nnnn,-123,2014,-622,2128,BCUU,,2M
J025908.47+001846.1,44.7852941,0.3128278,Im,16.41,0.07,16.147,0.182,12.284,0.459,8.573,,,,,,,,0000,0,0nnn,-773,479,295,532,ABCU,,2M
J025906.33+001906.8,44.7763765,0.318556,Im,17.727,0.188,16.997,0.398,12.361,,9.094,,,,,,,,0000,0,nnnn,-786,1523,-1456,1623,BCUU,,2M
J025902.16+001901.8,44.7590312,0.3171726,Im,15.98,0.05,15.661,0.133,12.33,,8.572,,,,,,,,0000,0,0nnn,-32,335,162,329,ABUU,,2M
J025902.89+001912.1,44.7620639,0.3200533,Im,14.602,0.034,14.622,0.063,12.577,,8.356,,15.326,0.06,14.733,0.073,14.78,0.113,0000,0,nnnn,-301,83,374,84,AAUU,0.069,2M
J025904.77+001923.0,44.7698938,0.3230699,Im,15.623,0.041,15.5,0.111,12.167,,9.262,,,,,,,,0000,0,0nnn,184,225,268,232,ABUU,,2M
J025907.34+001946.2,44.7805924,0.3295121,Im,16.478,0.071,17.075,0.418,12.619,,9.024,,,,,,,,0000,0,0nnn,14,501,165,520,ACUU,,2M
J025845.75+001548.9,44.6906359,0.2635981,Im,17.169,0.117,16.662,,12.641,,8.442,,,,,,,,0000,0,nnnn,192,898,-397,928,BUUU,,2M
J025845.64+001604.3,44.6901925,0.2678788,Im,15.898,0.048,15.991,0.158,12.341,,8.705,,16.801,0.182,16.13,0.238,15.5,0.2,0000,0,0nnn,598,280,-64,286,ABUU,0.227,2M
J025848.08+001616.6,44.7003628,0.2712787,Im,17.753,0.191,17.19,0.462,12.649,,8.765,,,,,,,,0000,0,nnnn,871,1668,-997,1726,BCUU,,2M
J025847.16+001622.8,44.6965386,0.2730139,Im,17.249,0.131,16.68,,12.447,,9.089,,,,,,,,0000,0,nnnn,252,1010,-1655,1056,BUUU,,2M
J025849.46+001637.9,44.7060961,0.277198,Im,17.419,0.144,16.636,0.272,12.796,,8.965,,,,,,,,0000,0,nnnn,1251,1117,857,1188,BBUU,,2M
J025849.25+001647.9,44.7052104,0.2799749,Im,17.133,0.113,16.732,0.301,12.43,,9.25,,,,,,,,0000,0,nnnn,-1470,850,-182,899,BBUU,,2M
J025846.52+001647.1,44.6938512,0.2797638,Im,17.546,0.156,17.28,,12.107,,9.061,,,,,,,,0000,0,nnnn,-3488,1170,970,1212,BUUU,,2M
J025844.68+001630.4,44.6861764,0.2751144,Im,15.246,0.036,15.094,0.076,12.873,,8.794,,,,,,,,0000,0,00nn,81,154,18,160,AAUU,,2M
J025844.60+001659.1,44.6858456,0.2831028,Im,16.899,0.095,16.528,0.246,12.791,,8.884,,,,,,,,0000,0,nnnn,332,662,1077,695,ABUU,,2M
J025842.45+001640.2,44.6769089,0.2778415,Im,14.739,0.031,14.48,0.051,12.784,,9.197,,16.657,0.157,15.747,0.188,15.31,0.187,0000,0,11nn,8,106,110,111,AAUU,1.039,2M
J025843.22+001651.3,44.6801114,0.2809442,Im,17.758,0.203,16.73,,12.791,,9.107,,,,,,,,0000,0,nnnn,1286,1715,-1249,1797,BUUU,,2M
J025844.40+001721.8,44.6850265,0.289392,Im,17.822,0.201,17.299,0.522,12.727,,9.061,,,,,,,,0000,0,nnnn,2252,1726,-1776,1791,BCUU,,2M
J025845.84+001748.1,44.6910098,0.2966957,Im,16.778,0.087,16.832,0.335,12.527,0.411,9.023,,,,,,,,0000,0,nnnn,-166,627,-145,662,ABCU,,2M
J025850.48+001659.9,44.7103471,0.2833264,Im,17.74,0.186,16.654,,12.259,,8.895,,,,,,,,0000,0,nnnn,-1397,1585,1968,1695,BUUU,,2M
J025850.83+001708.5,44.71181,0.2857,Im,17.583,0.162,16.905,,12.817,,9.251,,,,,,,,0000,0,nnnn,284,1351,-2512,1417,BUUU,,2M
J025851.51+001708.0,44.7146592,0.2855593,Im,17.691,0.182,17.402,,12.527,,9.138,,,,,,,,0000,0,nnnn,-468,1593,-812,1697,BUUU,,2M
J025852.90+001710.8,44.7204555,0.2863585,Im,17.665,0.191,16.776,0.311,12.803,,9.165,,,,,,,,0000,0,nnnn,-1762,1335,895,1395,BBUU,,2M
J025851.71+001722.1,44.715469,0.2894813,Im,17.192,0.128,16.92,0.345,12.162,,9.245,,,,,,,,0000,0,nnnn,16,900,1351,942,BBUU,,2M
J025852.99+001727.0,44.7208172,0.2908489,Im,16.681,0.081,16.742,0.303,12.392,,9.077,,,,,,,,0000,0,nnnn,-575,576,380,608,ABUU,,2M
J025849.60+001722.8,44.7066934,0.2896929,Im,16.33,0.061,16.005,0.15,12.611,0.54,8.566,,,,,,,,0000,0,0nnn,496,390,-256,415,ABCU,,2M
J025854.65+001729.0,44.7277129,0.2914054,Im,17.545,0.154,17.204,,12.816,,8.95,,,,,,,,0000,0,nnnn,-826,1273,39,1359,BUUU,,2M
J025853.32+001736.2,44.7221898,0.2934011,Im,17.0,0.104,16.73,0.3,12.639,,9.26,,,,,,,,0000,0,nnnn,1338,717,-384,746,ABUU,,2M
J025854.03+001752.4,44.7251353,0.2978904,Im,17.865,0.206,17.336,0.534,12.712,,8.716,,,,,,,,0000,0,nnnn,-1845,1882,-92,1980,BCUU,,2M
J025855.79+001744.4,44.7324588,0.2956841,Im,17.766,0.191,17.07,0.417,12.336,,8.574,,,,,,,,0000,0,nnnn,934,1590,83,1655,BCUU,,2M
J025852.37+001747.1,44.7182378,0.2964196,Im,16.795,0.087,15.845,0.136,12.835,,9.137,,,,,,,,0000,0,nnnn,232,567,-708,600,ABUU,,2M
J025853.63+001818.6,44.7234665,0.3051918,Im,17.828,0.209,16.996,,12.656,,8.889,,,,,,,,0000,0,nnnn,-1221,2184,-852,2279,BUUU,,2M
J025849.04+001732.4,44.7043405,0.2923463,Im,17.268,0.127,16.761,,12.839,,8.884,,,,,,,,0000,0,nnnn,-1182,1077,-92,1127,BUUU,,2M
J025848.89+001741.4,44.7037303,0.2948396,Im,17.434,0.14,17.381,,12.736,,9.29,,,,,,,,0000,0,nnnn,626,1116,-216,1188,BUUU,,2M
J025849.19+001750.8,44.704996,0.2974585,Im,16.783,0.087,16.272,0.197,12.833,,9.244,,,,,,,,0000,0,nnnn,-922,589,-830,624,ABUU,,2M
J025849.94+001758.7,44.7081225,0.2996418,Im,14.488,0.028,14.267,0.045,12.281,,8.463,,15.541,0.06,14.942,0.079,14.765,0.12,0000,0,11nn,38,88,40,92,AAUU,0.738,2M
J025847.70+001803.1,44.6987758,0.3008759,Im,16.482,0.07,16.166,0.173,12.841,,8.651,,,,,,,,0000,0,0nnn,-50,460,604,481,ABUU,,2M
J025852.29+001807.1,44.7178928,0.301976,Im,17.041,0.105,17.126,0.399,12.671,,8.818,,,,,,,,0000,0,nnnn,-57,810,465,847,ACUU,,2M
J025850.77+001811.3,44.7115549,0.3031615,Im,17.177,0.121,16.799,0.329,12.184,,9.122,,,,,,,,0000,0,nnnn,443,944,598,1006,BBUU,,2M
J025851.79+001847.4,44.7157946,0.3131763,Im,17.42,0.144,16.95,,12.641,,9.143,,,,,,,,0000,0,nnnn,-447,1208,1038,1249,BUUU,,2M
J025840.94+001705.1,44.670597,0.2847592,Im,17.773,0.193,16.833,,12.5,,9.084,,,,,,,,0000,0,nnnn,-830,1670,1773,1788,BUUU,,2M
J025843.25+001717.3,44.6802479,0.2881523,Im,15.947,0.049,15.517,0.105,11.926,0.222,8.373,,,,,,,,0000,0,0nnn,14,272,-24,287,AABU,,2M
J025841.78+001726.1,44.6741031,0.2905954,Im,16.921,0.094,16.853,0.358,12.791,,9.103,,,,,,,,0000,0,nnnn,-674,729,856,774,ACUU,,2M
J025840.76+001720.7,44.6698577,0.289103,Im,15.565,0.041,15.424,0.096,12.207,,8.667,,,,,,,,0000,0,0nnn,-170,206,91,214,AAUU,,2M
J025840.71+001731.5,44.669644,0.2920931,Im,16.279,0.06,16.196,0.204,12.475,0.45,9.024,,,,,,,,0000,0,0nnn,377,394,-230,410,ABCU,,2M
J025843.66+001727.3,44.6819352,0.2909409,Im,16.178,0.057,15.774,0.122,12.335,,8.585,,,,,,,,0000,0,1nnn,-261,337,-356,365,ABUU,,2M
J025843.98+001751.7,44.683291,0.2977162,Im,17.483,0.149,16.403,0.221,12.667,,9.104,,,,,,,,0000,0,nnnn,1640,1051,-803,1101,BBUU,,2M
J025842.72+001817.2,44.6780165,0.3047983,Im,17.487,0.154,16.894,,12.856,,9.161,,,,,,,,0000,0,nnnn,1258,1345,-1957,1390,BUUU,,2M
J025836.12+001751.0,44.6505328,0.2975058,Im,17.562,0.155,16.985,,12.802,,9.055,,,,,,,,0000,0,nnnn,-1486,1268,-1408,1289,BUUU,,2M
J025837.59+001818.7,44.6566604,0.3052126,Im,17.511,0.157,16.688,0.286,12.741,,9.206,,,,,,,,0000,0,nnnn,-800,1194,1847,1269,BBUU,,2M
J025838.22+001823.1,44.6592847,0.3064238,Im,16.311,0.061,15.769,0.127,12.793,,8.987,,,,,,,,0000,0,0nnn,-340,370,-434,386,ABUU,,2M
J025840.75+001758.4,44.6698169,0.2995819,Im,16.854,0.092,16.996,0.373,12.792,,9.095,,,,,,,,0000,0,nnnn,284,658,-1236,685,ACUU,,2M
J025839.87+001807.4,44.6661314,0.3020661,Im,17.2,0.12,16.989,,12.397,0.384,9.258,,,,,,,,0000,0,nnnn,144,922,532,961,BUCU,,2M
J025842.02+001827.2,44.6751138,0.3075661,Im,16.859,0.094,16.885,,12.408,,8.844,,,,,,,,0000,0,nnnn,234,687,499,728,AUUU,,2M
J025841.11+001835.7,44.6712949,0.3099344,Im,16.281,0.062,16.731,0.304,12.78,,9.046,,,,,,,,0000,0,0nnn,150,407,-325,422,ABUU,,2M
J025841.74+001843.9,44.6739477,0.312221,Im,16.359,0.064,16.234,0.199,12.065,,8.824,,,,,,,,0000,0,0nnn,-578,421,-353,434,ABUU,,2M
J025847.01+001810.7,44.6959009,0.3029857,Im,16.403,0.067,16.264,0.201,12.723,,9.136,,,,,,,,0000,0,0nnn,734,425,-120,450,ABUU,,2M
J025846.00+001819.3,44.6917042,0.305381,Im,17.575,0.165,17.038,0.389,12.483,,8.802,,,,,,,,0000,0,nnnn,1112,1375,-324,1433,BCUU,,2M
J025847.75+001836.8,44.6989886,0.3102307,Im,17.86,0.219,16.729,0.282,12.312,,8.529,,,,,,,,0000,0,nnnn,-502,1519,-228,1610,BBUU,,2M
J025845.04+001815.0,44.6877058,0.3041715,Im,16.656,0.079,16.812,0.339,12.408,,9.187,,,,,,,,0000,0,0nnn,110,560,-370,586,ABUU,,2M
J025845.24+001838.1,44.6885058,0.310604,Im,17.402,0.142,17.099,,12.192,,8.903,,,,,,,,0000,0,nnnn,616,1187,1077,1226,BUUU,,2M
J025845.94+001850.3,44.6914432,0.3139969,Im,17.574,0.166,16.589,,12.181,,9.22,,,,,,,,0000,0,nnnn,2099,1416,-550,1490,BUUU,,2M
J025847.68+001912.5,44.6986688,0.3201527,Im,17.158,0.121,16.218,0.195,12.799,,9.016,,,,,,,,0000,0,nnnn,-542,804,1054,850,BBUU,,2M
J025848.95+001919.0,44.7039691,0.3219649,Im,17.782,0.212,16.898,0.364,12.349,,9.04,,,,,,,,0000,0,nnnn,-1866,1582,-1092,1695,BCUU,,2M
J025845.87+001900.4,44.6911393,0.3167949,Im,17.091,0.109,16.277,0.222,12.743,0.519,8.772,,,,,,,,0000,0,nnnn,-1144,731,-177,773,ABCU,,2M
J025844.22+001858.6,44.6842912,0.3162794,Im,16.901,0.095,16.844,,12.593,,8.558,,,,,,,,0000,0,nnnn,540,692,-471,718,AUUU,,2M
J025843.30+001901.1,44.6804301,0.3169724,Im,14.387,0.029,13.942,0.039,11.0,0.135,8.984,0.495,16.303,0.129,15.435,0.138,14.984,0.128,0000,0,11nn,-35,88,-75,90,AABC,0.016,2M
J025842.07+001916.1,44.6753274,0.3211585,Im,13.623,0.025,13.375,0.03,11.656,0.195,9.298,,15.843,0.113,14.789,0.09,14.328,0.099,0000,0,00nn,-14,52,-53,54,AABU,0.103,2M
J025843.03+001913.7,44.6793309,0.3204846,Im,15.416,0.042,15.149,0.076,12.624,0.507,8.975,,16.691,0.146,15.933,0.193,15.482,,0000,0,nnnn,113,180,252,186,AACU,1.122,2M
J025846.65+001907.6,44.6944,0.3187963,Im,14.89,0.032,14.931,0.067,12.39,,8.889,,15.337,0.061,14.954,0.076,14.681,0.097,0000,0,00nn,-32,123,-76,129,AAUU,0.128,2M
J025846.76+001924.5,44.6948673,0.3234812,Im,17.388,0.141,16.978,,12.839,,8.94,,,,,,,,0000,0,nnnn,295,1151,-203,1220,BUUU,,2M
J025846.79+001939.8,44.6949842,0.3277258,Im,14.749,0.03,14.465,0.052,10.905,0.101,9.052,,16.876,0.179,15.905,0.195,15.316,0.174,0000,0,000n,42,109,131,112,AAAU,0.808,2M
J025844.94+001923.1,44.6872545,0.3231111,Im,16.148,0.058,15.711,0.122,12.629,0.535,8.684,,,,,,,,0000,0,0nnn,-323,340,-71,348,ABCU,,2M
J025844.73+001941.5,44.6863946,0.3282108,Im,17.542,0.172,17.173,0.451,12.358,,8.808,,,,,,,,0000,0,nnnn,-387,1374,2181,1436,BCUU,,2M
J025846.44+001957.5,44.6935035,0.3326615,Im,16.16,0.056,15.464,0.1,12.392,,8.725,,,,,,,,0000,0,0nnn,968,333,149,349,AAUU,,2M
J025858.78+001829.5,44.744957,0.3082157,Im,17.746,0.191,17.24,,12.491,,8.97,,,,,,,,0000,0,nnnn,647,1482,-1218,1588,BUUU,,2M
J025859.97+001848.0,44.7498996,0.313343,Im,17.593,0.161,16.782,,12.585,,8.547,,,,,,,,0000,0,nnnn,-2553,1375,-2720,1477,BUUU,,2M
J025901.21+001851.9,44.7550759,0.3144406,Im,17.677,0.172,16.672,,12.04,,9.062,,,,,,,,0000,0,nnnn,1185,1458,3859,1550,BUUU,,2M
J025859.01+001909.6,44.7458831,0.3193492,Im,17.482,0.148,17.126,0.454,12.637,,9.023,,,,,,,,0000,0,nnnn,110,1188,597,1229,BCUU,,2M
J025854.20+001857.8,44.7258739,0.3160572,Im,16.964,0.105,16.547,0.251,12.528,,9.189,,,,,,,,0000,0,nnnn,-1153,762,113,798,ABUU,,2M
J025854.88+001853.9,44.7286725,0.3149958,Im,17.606,0.179,16.8,0.33,12.734,,9.092,,,,,,,,0000,0,nnnn,-177,1329,-666,1418,BBUU,,2M
J025852.55+001858.3,44.7189603,0.3161952,Im,16.455,0.065,16.29,0.205,12.65,,8.695,,,,,,,,0000,0,0nnn,-542,459,329,480,ABUU,,2M
J025851.86+001856.3,44.7161229,0.3156622,Im,17.341,0.139,16.78,0.324,12.217,,9.131,,,,,,,,0000,0,nnnn,-827,1165,-810,1204,BBUU,,2M
J025855.06+001919.9,44.7294445,0.322196,Im,17.613,0.174,16.99,0.393,12.455,,9.259,,,,,,,,0000,0,nnnn,734,1377,627,1449,BCUU,,2M
J025856.51+001904.1,44.7354769,0.3178239,Im,16.979,0.1,16.478,0.235,12.541,,9.234,,,,,,,,0000,0,nnnn,198,728,455,768,ABUU,,2M
J025857.31+001918.3,44.7387952,0.3217749,Im,17.053,0.107,16.907,,12.797,,9.326,,,,,,,,0000,0,nnnn,553,850,1391,882,AUUU,,2M
J025857.47+001954.3,44.7394707,0.3317773,Im,14.515,0.029,14.59,0.052,12.115,,8.417,,15.097,0.042,14.637,0.063,14.528,0.083,0000,0,00nn,-18,94,81,97,AAUU,0.267,2M
J025901.68+001908.0,44.7570018,0.3189034,Im,15.411,0.038,14.842,0.067,11.625,0.21,8.348,,,,,,,,0000,0,00nn,272,177,-48,186,AABU,,2M
J025902.50+001915.1,44.7604415,0.3208632,Im,14.917,0.039,14.54,0.059,12.202,0.39,8.884,,16.913,0.205,15.966,0.212,15.342,0.185,0000,0,nnnn,,,,,AACU,0.391,2M
J025901.65+001920.1,44.7569076,0.32225,Im,16.287,0.059,16.195,0.188,12.63,0.501,9.071,,,,,,,,0000,0,0nnn,152,397,263,422,ABCU,,2M
J025903.44+001934.5,44.7643702,0.3262572,Im,17.126,0.112,17.21,0.458,12.647,,8.822,,,,,,,,0000,0,nnnn,-1131,889,2,924,BCUU,,2M
J025902.40+001930.3,44.760036,0.3251015,Im,17.831,0.207,17.129,,12.627,0.478,9.032,0.505,,,,,,,0000,0,nnnn,2407,1757,3330,1862,BUCC,,2M
J025901.20+001932.1,44.7550077,0.3255842,Im,17.503,0.156,16.963,0.369,12.244,,8.983,,,,,,,,0000,0,nnnn,-570,1291,-436,1349,BCUU,,2M
J025900.56+001937.2,44.7523696,0.3270197,Im,16.916,0.097,15.998,0.16,12.091,,9.106,,,,,,,,0000,0,nnnn,125,672,-365,709,ABUU,,2M
J025902.47+001943.8,44.7603199,0.3288393,Im,15.595,0.042,15.327,0.09,12.006,,9.023,,,,,,,,0000,0,1nnn,-324,215,209,224,AAUU,,2M
J025901.00+001953.3,44.7542027,0.3314764,Im,17.09,0.109,16.681,0.291,12.652,,9.053,,,,,,,,0000,0,nnnn,273,816,132,867,ABUU,,2M
J025904.66+001950.4,44.7694215,0.3306817,Im,13.879,0.026,13.937,0.039,12.073,,8.926,,14.78,0.038,14.028,0.041,13.947,0.059,0000,0,11nn,71,63,-42,65,AAUU,0.308,2M
J025903.55+001953.1,44.7647951,0.3314411,Im,14.887,0.032,14.617,0.056,12.514,0.415,9.089,,16.482,0.148,15.861,0.192,15.736,0.26,0000,0,22nn,-87,122,141,127,AACU,0.077,2M
J025905.08+002006.6,44.7711685,0.3351935,Im,17.418,0.146,16.603,0.287,12.662,,8.905,,,,,,,,0000,0,nnnn,1050,1196,-1419,1266,BBUU,,2M
J025902.55+002009.6,44.7606494,0.3360154,Im,16.661,0.084,16.11,0.176,12.376,,9.199,,,,,,,,0000,0,1nnn,-906,544,-263,571,ABUU,,2M
J025900.09+001944.6,44.750375,0.3290648,Im,16.715,0.084,16.365,0.224,12.081,,9.235,,,,,,,,0000,0,0nnn,165,593,-14,624,ABUU,,2M
J025900.30+001954.8,44.7512866,0.3319088,Im,16.92,0.096,16.638,0.282,12.764,,9.167,,,,,,,,0000,0,nnnn,634,711,-189,743,ABUU,,2M
J025859.59+001952.5,44.7483062,0.3312763,Im,17.643,0.172,17.356,,12.857,,9.106,,,,,,,,0000,0,nnnn,1082,1530,-609,1584,BUUU,,2M
J025858.64+001954.7,44.7443336,0.3318674,Im,17.628,0.181,17.366,,12.705,,9.083,,,,,,,,0000,0,nnnn,72,1592,-84,1689,BUUU,,2M
J025901.72+002016.2,44.7572023,0.3378557,Im,15.976,0.049,16.28,0.201,12.705,,8.98,,,,,,,,0000,0,0nnn,236,301,373,312,ABUU,,2M
J025902.57+002023.8,44.7607276,0.3399667,Im,16.847,0.091,16.085,0.171,12.55,,9.177,,,,,,,,0000,0,nnnn,369,616,-2075,650,ABUU,,2M
J025902.36+002036.9,44.7598377,0.3436077,Im,16.337,0.064,15.603,0.116,12.53,,8.588,,,,,,,,0000,0,0nnn,88,385,404,404,ABUU,,2M
J025903.64+002038.0,44.7651896,0.3439065,Im,14.498,0.028,14.314,0.048,12.741,,9.212,0.531,16.452,0.122,15.533,0.15,15.166,0.164,0000,0,00nn,180,90,71,94,AAUC,0.431,2M
J025849.33+001938.0,44.7055486,0.3272248,Im,17.67,0.183,16.896,,12.457,,9.137,,,,,,,,0000,0,nnnn,-1200,1598,-1332,1662,BUUU,,2M
J025851.13+002004.2,44.713046,0.3345105,Im,15.988,0.05,15.683,0.114,12.239,0.333,8.847,,,,,,,,0000,0,0nnn,359,291,142,309,ABBU,,2M
J025854.07+001949.9,44.7252918,0.3305375,Im,17.759,0.192,17.41,,12.747,,9.082,,,,,,,,0000,0,nnnn,80,1759,1321,1860,BUUU,,2M
J025855.89+002017.5,44.7328891,0.3382028,Im,17.539,0.161,16.953,,12.767,,9.231,,,,,,,,0000,0,nnnn,422,1400,-613,1466,BUUU,,2M
J025853.35+002001.1,44.7223051,0.3336645,Im,17.169,0.118,16.771,0.317,12.542,,9.161,,,,,,,,0000,0,nnnn,-748,887,-798,928,BBUU,,2M
J025849.69+001949.3,44.7070426,0.3303876,Im,17.374,0.143,17.26,,12.682,,8.917,,,,,,,,0000,0,nnnn,-555,1179,454,1222,BUUU,,2M
J025848.44+002004.4,44.7018691,0.334567,Im,17.258,0.137,16.689,0.307,12.772,,9.034,,,,,,,,0000,0,nnnn,1770,973,-728,1028,BBUU,,2M
J025849.16+002035.9,44.7048548,0.3433304,Im,16.339,0.063,15.374,0.091,12.38,0.398,8.652,,,,,,,,0000,0,0nnn,-506,384,134,402,AACU,,2M
J025851.06+002045.3,44.7127695,0.3459388,Im,15.967,0.052,15.398,0.094,12.185,0.348,9.066,,,,,,,,0000,0,0nnn,303,287,-16,304,AABU,,2M
J025857.20+002027.4,44.7383351,0.3409699,Im,17.696,0.188,16.86,,12.752,,9.273,,,,,,,,0000,0,nnnn,29,1483,2388,1573,BUUU,,2M
J025855.10+002041.7,44.7295982,0.3449229,Im,16.145,0.055,16.185,0.181,12.718,,8.856,,,,,,,,0000,0,0nnn,-182,336,207,349,ABUU,,2M
J025856.92+002054.8,44.7371923,0.3485654,Im,16.181,0.059,15.95,0.154,12.491,,9.297,,,,,,,,0000,0,0nnn,-198,350,574,363,ABUU,,2M
J025901.09+002107.2,44.7545468,0.3520046,Im,14.844,0.031,14.939,0.076,12.63,,8.465,,15.72,0.081,15.013,0.099,15.009,0.135,0000,0,00nn,16,116,-22,122,AAUU,0.354,2M
J025900.08+002118.8,44.7503394,0.355245,Im,17.123,0.114,17.128,0.464,12.735,,9.109,,,,,,,,0000,0,nnnn,415,854,-515,925,BCUU,,2M
J025854.01+002058.1,44.7250628,0.349477,Im,17.645,0.182,16.964,,12.822,,9.08,,,,,,,,0000,0,nnnn,643,1612,2110,1658,BUUU,,2M
J025853.71+002112.5,44.7238111,0.3534822,Im,16.955,0.102,16.5,0.231,12.233,,9.068,,,,,,,,0000,0,nnnn,51,712,-243,752,ABUU,,2M
J025853.49+002136.6,44.7229028,0.3601826,Im,13.827,0.025,13.781,0.035,11.921,,9.143,,14.765,0.036,13.966,0.046,13.944,0.055,0000,0,11nn,118,58,72,60,AAUU,0.29,2M
J025856.97+002128.5,44.7374164,0.3579267,Im,17.083,0.113,16.492,0.234,12.743,,9.09,,,,,,,,0000,0,nnnn,533,781,-1887,827,BBUU,,2M
J025855.88+002130.7,44.7328395,0.3585287,Im,17.741,0.191,17.051,,12.642,,9.082,,,,,,,,0000,0,nnnn,-1292,1520,-3644,1595,BUUU,,2M
J025855.88+002156.4,44.7328417,0.3656748,Im,16.709,0.083,16.321,0.211,12.189,,8.468,,,,,,,,0000,0,nnnn,-531,563,-293,579,ABUU,,2M
J025856.96+002155.2,44.7373579,0.3653607,Im,17.768,0.198,16.903,0.372,12.015,,8.679,,,,,,,,0000,0,nnnn,1024,1676,-410,1783,BCUU,,2M
J025856.12+002213.4,44.733858,0.3704004,Im,16.786,0.089,16.866,0.358,12.703,,8.943,,,,,,,,0000,0,nnnn,12,646,331,665,ACUU,,2M
J025917.23+001808.8,44.8218009,0.3024628,Im,16.084,0.055,15.862,0.132,12.491,,9.144,,,,,,,,0000,0,0nnn,191,314,29,323,ABUU,,2M
J025917.14+001828.9,44.8214436,0.3080312,Im,17.658,0.175,16.74,0.274,11.776,0.227,8.841,0.326,,,,,,,0000,0,nnnn,79,1037,-293,1099,BBBB,,2M
J025920.68+001832.6,44.8361956,0.3090638,Im,17.683,0.175,16.877,,12.71,,9.08,,,,,,,,0000,0,nnnn,91,1494,62,1588,BUUU,,2M
J025919.59+001841.1,44.8316262,0.3114346,Im,17.556,0.155,17.229,0.43,12.713,0.468,9.129,,,,,,,,0000,0,nnnn,-1709,1192,1571,1274,BCCU,,2M
J025922.21+001858.1,44.8425471,0.3161549,Im,14.2,0.028,14.093,0.041,12.867,,9.052,,15.234,0.049,14.661,0.044,14.376,0.078,0000,0,nnnn,106,67,224,69,AAUU,0.109,2M
J025922.56+001905.5,44.8440001,0.3182174,Im,14.934,0.035,14.719,0.059,12.352,0.342,8.728,,16.43,0.135,15.818,0.159,15.312,0.186,0000,0,nnnn,,,,,AABU,1.489,2M
J025916.08+001856.9,44.8170321,0.3158215,Im,17.571,0.157,17.289,,12.819,,9.019,,,,,,,,0000,0,nnnn,1416,1381,365,1455,BUUU,,2M
J025915.48+001904.0,44.8145094,0.3177978,Im,17.608,0.164,17.008,,12.817,,9.287,,,,,,,,0000,0,nnnn,-1654,1372,3399,1456,BUUU,,2M
J025913.68+001906.9,44.807018,0.3186,Im,16.941,0.097,16.54,0.239,12.601,0.424,9.162,,,,,,,,0000,0,nnnn,-422,702,-474,746,ABCU,,2M
J025915.67+001927.4,44.8153203,0.324293,Im,16.269,0.059,16.06,0.169,12.156,,9.033,,,,,,,,0000,0,0nnn,-219,368,210,385,ABUU,,2M
J025915.08+001928.1,44.8128673,0.3244902,Im,16.345,0.063,15.979,0.157,11.799,0.211,8.756,,,,,,,,0000,0,0nnn,377,389,278,409,ABBU,,2M
J025918.05+001915.4,44.8252425,0.3209663,Im,16.573,0.075,16.083,0.165,12.374,,8.843,,,,,,,,0000,0,0nnn,-83,496,-175,518,ABUU,,2M
J025919.57+001943.9,44.8315525,0.3288746,Im,16.286,0.058,16.107,0.168,12.409,,9.346,,,,,,,,0000,0,0nnn,272,379,-521,396,ABUU,,2M
J025917.42+001930.8,44.8226103,0.3252305,Im,14.935,0.032,14.537,0.051,12.562,,9.065,,16.632,0.171,15.898,0.146,15.258,0.181,0000,0,00nn,-36,118,-104,122,AAUU,0.561,2M
J025918.33+001958.3,44.8264018,0.3328729,Im,16.715,0.08,16.266,0.185,12.864,,8.837,,,,,,,,0000,0,1nnn,-727,536,161,569,ABUU,,2M
J025924.09+001933.7,44.8504115,0.3260345,Im,17.57,0.164,16.778,,12.736,,8.864,,,,,,,,0000,0,nnnn,1930,1559,-3130,1652,BUUU,,2M
J025924.13+001951.8,44.8505789,0.3310832,Im,15.975,0.052,15.399,0.108,12.601,,9.232,,,,,,,,0000,0,0nnn,-117,298,154,308,AAUU,,2M
J025922.26+001952.4,44.8427649,0.3312466,Im,14.269,0.028,14.037,0.039,12.253,,8.84,,15.896,0.097,15.266,0.117,14.767,0.114,0000,0,00nn,-170,74,91,77,AAUU,0.05,2M
J025926.36+001953.1,44.859845,0.3314182,Im,16.836,0.089,16.768,0.313,12.038,0.266,9.105,,,,,,,,0000,0,nnnn,58,660,-125,688,ABBU,,2M
J025927.14+002009.6,44.8630944,0.3360003,Im,15.966,0.051,15.386,0.096,11.296,0.143,8.561,,,,,,,,0000,0,0nnn,7,274,221,286,AABU,,2M
J025924.69+002003.3,44.8528928,0.3342746,Im,16.975,0.1,16.569,0.26,12.425,,9.203,,,,,,,,0000,0,nnnn,338,788,119,826,ABUU,,2M
J025924.72+002025.2,44.8530281,0.3403437,Im,17.651,0.175,16.894,,12.681,,9.141,,,,,,,,0000,0,nnnn,-1040,1485,-2341,1532,BUUU,,2M
J025920.42+001936.9,44.8350997,0.3269312,Im,16.161,0.053,16.151,0.17,12.774,,8.868,,,,,,,,0000,0,0nnn,-782,329,-330,353,ABUU,,2M
J025922.15+002015.3,44.8422989,0.3376037,Im,17.457,0.152,16.63,,12.693,,9.21,,,,,,,,0000,0,nnnn,467,1249,-239,1342,BUUU,,2M
J025921.29+002026.6,44.8387105,0.3407461,Im,15.441,0.041,15.133,0.078,12.755,,9.014,,16.737,0.173,15.864,0.142,15.699,0.263,0000,0,00nn,46,182,-30,195,AAUU,0.639,2M
J025920.17+002026.5,44.8340734,0.3406951,Im,17.759,0.192,16.648,,12.113,,8.898,,,,,,,,0000,0,nnnn,-2060,1590,1062,1690,BUUU,,2M
J025923.18+002033.4,44.8466165,0.3426297,Im,14.147,0.027,13.917,0.038,12.106,,9.275,,15.959,0.102,15.189,0.119,14.597,0.105,0000,0,00nn,109,69,17,72,AAUU,0.054,2M
J025921.21+002041.3,44.8384016,0.344812,Im,12.217,0.024,12.241,0.024,12.052,0.292,8.884,,12.693,0.023,12.392,0.03,12.293,0.029,0000,0,11nn,0,34,0,34,AABU,0.21,2M
J025922.42+002059.6,44.8434467,0.3499053,Im,17.244,0.13,17.085,0.409,12.132,,8.973,,,,,,,,0000,0,nnnn,48,1104,-744,1134,BCUU,,2M
J025912.45+001913.3,44.8018903,0.320384,Im,15.587,0.041,15.41,0.096,12.769,,9.27,,16.584,0.144,16.164,0.182,15.597,,0000,0,0nnn,-121,203,-367,215,AAUU,0.244,2M
J025911.62+001914.2,44.798454,0.3206314,Im,16.613,0.076,16.396,0.216,12.899,,9.226,,,,,,,,0000,0,0nnn,-66,540,-631,557,ABUU,,2M
J025912.93+001925.4,44.8038774,0.3237377,Im,17.83,0.191,17.106,,12.432,,9.26,,,,,,,,0000,0,nnnn,1004,1819,1682,1902,BUUU,,2M
J025913.01+001955.5,44.8042251,0.3320856,Im,16.258,0.056,15.894,0.141,12.504,0.38,8.867,,,,,,,,0000,0,0nnn,106,364,284,380,ABCU,,2M
J025913.91+002010.5,44.8079828,0.3362512,Im,16.785,0.086,17.129,0.444,12.666,,9.285,,,,,,,,0000,0,nnnn,184,664,-60,685,ACUU,,2M
J025915.47+002036.6,44.814487,0.3435264,Im,15.973,0.049,16.113,0.168,12.725,,9.114,,16.555,0.139,15.937,0.19,15.656,0.244,0000,0,0nnn,131,296,-42,308,ABUU,0.348,2M
J025910.99+002001.2,44.7958198,0.3336931,Im,16.527,0.069,16.046,0.171,11.814,0.229,8.67,,,,,,,,0000,0,0nnn,-28,467,-219,493,ABBU,,2M
J025910.52+002011.2,44.7938493,0.3364457,Im,17.521,0.159,16.82,0.328,12.108,,9.185,,,,,,,,0000,0,nnnn,292,1233,500,1295,BBUU,,2M
J025908.21+002018.6,44.7842153,0.3385043,Im,16.017,0.05,15.812,0.133,12.413,,8.825,,,,,,,,0000,0,0nnn,-450,296,-413,305,ABUU,,2M
J025912.38+002025.6,44.8015852,0.3404672,Im,17.374,0.138,16.834,0.321,12.727,,8.943,,,,,,,,0000,0,nnnn,-949,1060,800,1110,BBUU,,2M
J025913.43+002032.9,44.8059955,0.3424887,Im,15.325,0.037,15.045,0.07,12.194,0.337,8.832,,17.018,0.212,16.465,0.258,15.485,0.212,0000,0,00nn,199,168,96,176,AABU,0.206,2M
J025914.09+002038.0,44.8087231,0.3439153,Im,15.846,0.047,15.302,0.087,11.725,0.224,9.004,,,,,,,,0000,0,0nnn,-583,256,-466,267,AABU,,2M
J025916.91+002020.7,44.8204668,0.3390945,Im,15.468,0.039,15.246,0.082,12.641,0.508,9.288,,,,,,,,0000,0,0nnn,132,187,270,198,AACU,,2M
J025918.99+002056.1,44.829165,0.3489395,Im,17.476,0.145,16.761,0.335,12.716,,8.695,,,,,,,,0000,0,nnnn,-165,1133,146,1184,BBUU,,2M
J025916.89+002059.3,44.8203816,0.3498258,Im,17.756,0.188,17.014,,12.828,,9.138,,,,,,,,0000,0,nnnn,885,1636,-948,1724,BUUU,,2M
J025920.15+002054.4,44.8339975,0.3484616,Im,15.93,0.049,15.693,0.121,12.499,,9.133,,,,,,,,0000,0,0nnn,126,273,-146,286,ABUU,,2M
J025922.61+002117.2,44.8442473,0.3547988,Im,14.616,0.03,14.302,0.047,12.738,,9.055,,16.478,0.136,16.148,0.177,15.11,0.156,0000,0,00nn,67,97,-210,103,AAUU,0.23,2M
J025920.61+002126.7,44.8358885,0.3574332,Im,17.787,0.2,16.994,0.387,12.827,,9.106,,,,,,,,0000,0,nnnn,607,1676,1717,1782,BCUU,,2M
J025917.63+002117.3,44.8234677,0.3548302,Im,16.38,0.061,16.659,0.267,12.816,,9.015,,,,,,,,0000,0,0nnn,521,426,-55,444,ABUU,,2M
J025916.83+002123.2,44.8201261,0.3564459,Im,16.008,0.052,15.459,0.098,11.929,0.248,9.237,,,,,,,,0000,0,0nnn,158,293,51,308,AABU,,2M
J025914.87+002136.1,44.8119791,0.3600516,Im,16.435,0.068,16.26,0.2,12.459,,8.826,,,,,,,,0000,0,0nnn,325,445,-298,475,ABUU,,2M
J025919.32+002148.7,44.8305037,0.3635472,Im,16.342,0.063,16.727,0.316,12.594,,9.208,,,,,,,,0000,0,0nnn,-628,426,-96,439,ABUU,,2M
J025916.13+002140.7,44.8172147,0.3613205,Im,17.634,0.172,16.717,0.28,12.783,,9.201,,,,,,,,0000,0,nnnn,-90,1286,-3314,1347,BBUU,,2M
J025916.94+002152.4,44.8206105,0.364567,Im,16.906,0.093,16.696,0.271,12.652,,9.229,,,,,,,,0000,0,nnnn,338,704,121,742,ABUU,,2M
J025928.52+002034.6,44.8688434,0.3429655,Im,16.682,0.077,16.352,0.209,12.804,,9.165,,,,,,,,0000,0,0nnn,441,541,1102,572,ABUU,,2M
J025927.52+002044.4,44.8647012,0.3456727,Im,15.999,0.048,15.658,0.11,12.203,,8.832,,,,,,,,0000,0,0nnn,-193,283,-14,299,ABUU,,2M
J025929.10+002054.1,44.8712662,0.3483637,Im,15.192,0.034,15.034,0.068,12.46,,9.068,,,,,,,,0000,0,01nn,-137,147,-15,152,AAUU,,2M
J025927.61+002056.7,44.865062,0.3491028,Im,17.073,0.101,16.887,0.331,12.756,,9.078,0.438,,,,,,,0000,0,nnnn,562,780,446,810,ABUC,,2M
J025930.37+002106.1,44.8765782,0.351717,Im,16.655,0.077,15.823,0.137,12.442,0.387,9.094,,,,,,,,0000,0,0nnn,210,513,-420,540,ABCU,,2M
J025931.14+002107.0,44.8797665,0.351972,Im,15.672,0.042,15.267,0.08,11.421,0.148,8.619,,16.693,0.174,17.167,,15.794,0.289,0000,0,0nnn,70,212,-86,222,AABU,1.491,2M
J025932.54+002116.1,44.885608,0.3544875,Im,17.013,0.101,16.604,0.262,12.457,,9.05,,,,,,,,0000,0,nnnn,256,740,102,790,ABUU,,2M
J025931.46+002136.5,44.8811132,0.3601445,Im,14.623,0.03,14.377,0.048,12.625,,9.046,,17.01,0.225,15.914,0.199,15.474,0.215,0000,0,00nn,305,95,238,99,AAUU,1.155,2M
J025928.05+002206.4,44.8668927,0.3684594,Im,16.702,0.076,16.576,0.25,12.231,,8.624,,,,,,,,0000,0,nnnn,-426,569,-645,592,ABUU,,2M
J025933.60+002125.4,44.8900043,0.3570596,Im,16.822,0.088,16.375,0.213,12.26,,9.173,,,,,,,,0000,0,nnnn,-756,630,805,651,ABUU,,2M
J025933.16+002143.2,44.8881931,0.362015,Im,17.38,0.141,17.041,,12.196,,8.921,,,,,,,,0000,0,nnnn,-355,1134,718,1167,BUUU,,2M
J025934.58+002146.0,44.8941139,0.3628042,Im,16.46,0.066,15.979,0.163,12.518,0.454,8.672,,,,,,,,0000,0,0nnn,261,434,639,451,ABCU,,2M
J025936.81+002202.8,44.9034063,0.3674543,Im,17.392,0.138,16.616,0.287,12.781,,9.132,,,,,,,,0000,0,nnnn,865,1032,184,1085,BBUU,,2M
J025936.61+002218.3,44.902577,0.3717582,Im,16.349,0.064,15.594,0.113,12.637,0.513,8.672,,,,,,,,0000,0,0nnn,625,379,-125,403,ABCU,,2M
J025936.52+002235.3,44.9021856,0.3764814,Im,17.461,0.155,17.053,0.411,12.784,,9.285,,,,,,,,0000,0,nnnn,-87,1238,-405,1287,BCUU,,2M
J025937.32+002237.7,44.9055026,0.3771635,Im,16.308,0.064,16.719,0.316,12.696,,9.253,,,,,,,,0000,0,0nnn,303,413,-18,432,ABUU,,2M
J025932.80+002212.6,44.8866913,0.3701789,Im,15.954,0.05,15.438,0.098,12.646,,9.281,,,,,,,,0000,0,0nnn,-117,278,219,294,AAUU,,2M
J025929.94+002209.6,44.8747774,0.3693342,Im,17.089,0.111,16.893,,12.527,,8.885,,,,,,,,0000,0,nnnn,770,895,-219,925,BUUU,,2M
J025932.31+002300.4,44.8846649,0.3834658,Im,15.013,0.033,14.917,0.066,12.072,,9.009,,,,,,,,0000,0,00nn,164,127,-22,132,AAUU,,2M
J025924.44+002155.2,44.8518718,0.3653456,Im,16.0,0.05,15.943,0.144,12.644,,9.033,,,,,,,,0000,0,0nnn,16,305,23,317,ABUU,,2M
J025921.20+002146.9,44.8383613,0.363034,Im,16.102,0.053,15.995,0.181,12.515,,8.544,,,,,,,,0000,0,0nnn,-84,340,-349,353,ABUU,,2M
J025923.36+002204.5,44.8473592,0.3679438,Im,17.155,0.111,16.677,0.276,12.905,,9.285,,,,,,,,0000,0,nnnn,415,882,-219,923,BBUU,,2M
J025922.12+002205.4,44.842196,0.3681755,Im,16.972,0.101,16.386,0.222,12.481,,8.85,,,,,,,,0000,0,nnnn,-10540,629,7022,641,ABUU,,2M
J025925.89+002153.8,44.8578794,0.3649495,Im,16.338,0.063,16.213,0.179,12.836,,8.875,,,,,,,,0000,0,0nnn,-69,404,-239,422,ABUU,,2M
J025925.31+002206.3,44.8554981,0.3684392,Im,17.897,0.208,16.806,0.311,12.855,,8.614,,,,,,,,0000,0,nnnn,3538,1487,-1438,1559,BBUU,,2M
J025927.84+002226.9,44.8660188,0.3741472,Im,17.469,0.154,16.67,0.275,12.418,,8.554,0.341,,,,,,,0000,0,nnnn,728,1135,-500,1186,BBUB,,2M
J025926.97+002234.3,44.8624053,0.376209,Im,15.84,0.046,15.24,0.086,11.198,0.131,8.693,0.366,,,,,,,0000,0,0nnn,209,249,-451,259,AABC,,2M
J025925.39+002220.4,44.8558149,0.3723398,Im,15.572,0.039,15.738,0.122,12.581,,9.078,,16.572,0.135,15.965,0.147,16.838,,0000,0,0nnn,62,207,-353,214,ABUU,0.393,2M
J025921.05+002242.7,44.8377295,0.3785353,Im,17.644,0.171,17.391,,12.653,,9.141,,,,,,,,0000,0,nnnn,-1132,1418,-439,1512,BUUU,,2M
J025923.15+002230.1,44.8464991,0.3750405,Im,16.808,0.089,16.609,0.275,12.265,,8.688,,,,,,,,0000,0,nnnn,266,680,-197,710,ABUU,,2M
J025923.93+002236.9,44.8497318,0.3769404,Im,14.687,0.03,14.448,0.048,12.219,,9.271,,16.45,0.137,15.979,0.183,14.98,0.148,0000,0,01nn,73,100,39,102,AAUU,0.317,2M
J025925.32+002255.1,44.8555264,0.3819773,Im,16.734,0.076,17.273,,12.698,,9.367,,,,,,,,0000,0,nnnn,846,617,-127,639,AUUU,,2M
J025924.72+002253.2,44.8530366,0.3814581,Im,17.406,0.133,17.459,,12.904,,9.237,,,,,,,,0000,0,nnnn,-1251,1234,-1985,1305,BUUU,,2M
J025922.37+002259.1,44.8432384,0.3830904,Im,16.348,0.058,16.308,0.193,12.775,,8.814,,,,,,,,d000,0,0nnn,-468,404,-167,418,ABUU,,2M
J025928.25+002304.5,44.8677493,0.3845896,Im,16.171,0.058,16.385,0.219,12.707,,9.22,,16.602,0.148,16.522,0.263,16.1,,0000,0,0nnn,109,358,-84,370,ABUU,0.679,2M
J025928.61+002323.5,44.8692299,0.3898878,Im,17.545,0.156,17.356,,12.417,,9.417,,,,,,,,0000,0,nnnn,-2112,1297,-546,1338,BUUU,,2M
J025931.39+002311.1,44.8808101,0.3864172,Im,16.835,0.09,16.224,0.185,12.22,,9.179,,,,,,,,0000,0,nnnn,-178,636,-280,666,ABUU,,2M
J025930.76+002318.8,44.8781736,0.3885807,Im,17.872,0.217,16.68,,11.99,,9.182,,,,,,,,0000,0,nnnn,250,2098,1610,2194,BUUU,,2M
J025932.55+002327.6,44.8856332,0.3910062,Im,16.603,0.075,16.122,0.172,12.205,0.298,8.642,,,,,,,,0000,0,1nnn,-225,519,160,541,ABBU,,2M
J025932.04+002337.1,44.8835262,0.3936417,Im,17.601,0.17,16.888,0.346,12.183,,8.818,,,,,,,,0000,0,nnnn,3568,1230,1687,1303,BBUU,,2M
J025930.47+002327.2,44.8769816,0.390889,Im,16.75,0.086,17.138,0.422,12.728,,9.298,,,,,,,,0000,0,nnnn,1155,615,-393,640,ACUU,,2M
J025929.17+002327.0,44.8715602,0.3908358,Im,17.853,0.204,16.884,0.345,12.775,,9.33,,,,,,,,0000,0,nnnn,-297,1695,2133,1787,BBUU,,2M
J025931.13+002342.9,44.8797491,0.3952533,Im,17.604,0.17,17.159,,12.865,,9.14,,,,,,,,0000,0,nnnn,16,1495,828,1584,BUUU,,2M
J025926.18+002318.8,44.8590918,0.3885586,Im,16.542,0.067,16.06,0.167,12.624,0.437,9.048,,,,,,,,0h00,0,1nnn,94,496,848,508,ABCU,,2M
J025924.33+002315.6,44.8513772,0.3876692,Im,13.712,0.025,13.596,0.033,12.209,,9.217,,14.755,0.037,14.211,0.044,13.857,0.053,0h00,0,21nn,38,55,-73,56,AAUU,0.013,2M
J025929.74+002347.9,44.873917,0.3966597,Im,16.113,0.055,16.03,0.164,12.775,,9.192,,16.2,0.103,16.099,0.21,15.644,,0000,0,0nnn,-27,330,-78,342,ABUU,0.275,2M
J025928.98+002405.2,44.87078,0.4014568,Im,16.168,0.055,16.178,0.173,12.774,,8.939,,,,,,,,0000,0,1nnn,-298,352,-287,367,ABUU,,2M
J025906.90+002045.2,44.7787662,0.3459,Im,16.589,0.073,16.488,0.235,12.628,,9.226,,,,,,,,0000,0,0nnn,-42,514,-160,549,ABUU,,2M
J025904.92+002044.2,44.7705092,0.3456276,Im,17.268,0.134,16.829,0.344,12.369,,8.513,,,,,,,,0000,0,nnnn,319,1029,-703,1083,BBUU,,2M
J025905.70+002046.7,44.773773,0.3463167,Im,16.54,0.072,16.09,0.169,12.592,0.433,9.272,,,,,,,,0000,0,1nnn,-313,497,421,526,ABCU,,2M
J025906.98+002058.2,44.7790998,0.3495117,Im,17.596,0.161,17.469,,12.816,,9.075,,,,,,,,0000,0,nnnn,-25,1324,-2983,1395,BUUU,,2M
J025910.28+002052.6,44.7928712,0.3479615,Im,16.705,0.078,15.657,0.117,11.377,0.145,8.757,0.382,,,,,,,0000,0,nnnn,521,469,54,501,ABBC,,2M
J025910.44+002127.9,44.7935253,0.3577583,Im,17.816,0.197,17.145,,12.742,,8.972,,,,,,,,0000,0,nnnn,-1210,1758,98,1843,BUUU,,2M
J025904.89+002101.9,44.7704113,0.3505281,Im,17.612,0.179,17.394,,12.188,,9.039,,,,,,,,0000,0,nnnn,-2084,1459,801,1536,BUUU,,2M
J025905.26+002115.3,44.771946,0.3542685,Im,17.562,0.168,17.323,,12.759,,9.025,,,,,,,,0000,0,nnnn,-420,1499,-615,1581,BUUU,,2M
J025903.21+002110.5,44.7634064,0.3529319,Im,11.669,0.023,11.641,0.022,11.781,0.237,9.044,,12.654,0.024,11.921,0.025,11.794,0.026,0000,0,11nn,-22,30,16,30,AABU,0.382,2M
J025904.63+002120.6,44.7693079,0.355741,Im,17.056,0.112,16.598,,12.5,,8.853,,,,,,,,0000,0,nnnn,-515,890,-881,940,BUUU,,2M
J025904.03+002134.6,44.7667961,0.359632,Im,17.356,0.142,16.793,,12.619,,8.874,,,,,,,,0000,0,nnnn,583,1230,663,1291,BUUU,,2M
J025905.74+002150.2,44.7739265,0.3639653,Im,17.413,0.139,17.361,,12.213,,9.248,,,,,,,,0000,0,nnnn,1484,1137,121,1170,BUUU,,2M
J025908.13+002205.1,44.7838877,0.3680899,Im,17.813,0.199,16.905,0.347,12.508,,8.667,,,,,,,,0000,0,nnnn,-1004,1642,-2366,1752,BBUU,,2M
J025912.10+002136.6,44.8004582,0.3601774,Im,17.364,0.134,17.394,,12.062,,8.478,,,,,,,,0000,0,nnnn,-758,1125,-764,1180,BUUU,,2M
J025913.11+002140.8,44.8046484,0.3613457,Im,16.41,0.064,15.973,0.163,12.432,0.379,9.158,,,,,,,,0000,0,0nnn,85,416,320,434,ABCU,,2M
J025914.94+002158.3,44.8122649,0.3661982,Im,16.412,0.064,16.373,0.205,12.752,,9.014,,,,,,,,0000,0,0nnn,-82,442,-462,458,ABUU,,2M
J025915.59+002239.3,44.8149823,0.3776059,Im,17.781,0.186,17.441,,12.85,,9.291,,,,,,,,0000,0,nnnn,-814,1736,-616,1802,BUUU,,2M
J025909.72+002209.0,44.7905325,0.3691848,Im,16.426,0.066,15.911,0.142,12.814,,9.259,,,,,,,,0000,0,1nnn,-448,419,-409,433,ABUU,,2M
J025912.02+002228.8,44.8000968,0.3746669,Im,17.608,0.161,17.246,,12.817,,9.146,,,,,,,,0000,0,nnnn,-956,1473,917,1534,BUUU,,2M
J025909.11+002228.6,44.7879902,0.3746346,Im,17.083,0.11,16.011,0.161,12.803,,9.238,,,,,,,,0000,0,nnnn,511,759,-503,796,BBUU,,2M
J025913.36+002241.1,44.8056886,0.378108,Im,16.226,0.057,15.5,0.1,12.454,,8.962,,,,,,,,0000,0,1nnn,5,345,-27,364,AAUU,,2M
J025910.77+002306.5,44.7949004,0.3851397,Im,16.816,0.09,16.783,0.306,12.261,,9.117,,,,,,,,0000,0,nnnn,525,665,528,686,ABUU,,2M
J025902.56+002127.9,44.7606972,0.3577728,Im,17.464,0.157,16.711,0.312,12.711,,8.589,,,,,,,,0000,0,nnnn,1268,1257,-12,1319,BBUU,,2M
J025901.63+002139.6,44.7568322,0.3610151,Im,16.289,0.06,16.032,0.174,12.753,,8.83,,,,,,,,0000,0,0nnn,150,399,122,413,ABUU,,2M
J025903.03+002200.5,44.7626405,0.3668098,Im,17.53,0.158,16.598,,12.026,,8.783,,,,,,,,0000,0,nnnn,-2150,1229,1299,1309,BUUU,,2M
J025901.60+002208.0,44.7566805,0.3689018,Im,17.593,0.16,17.426,,12.777,,9.241,,,,,,,,0000,0,nnnn,-37,1330,2131,1424,BUUU,,2M
J025905.00+002210.2,44.7708365,0.3695178,Im,17.056,0.103,16.718,0.285,12.749,,8.972,,,,,,,,0000,0,nnnn,-103,820,129,857,ABUU,,2M
J025905.89+002229.6,44.7745619,0.3749049,Im,16.622,0.076,16.525,0.253,12.294,,8.729,,,,,,,,0000,0,0nnn,-1112,529,-326,547,ABUU,,2M
J025902.61+002225.1,44.7609134,0.3736479,Im,17.676,0.186,16.812,0.349,12.775,,9.189,,,,,,,,0000,0,nnnn,-262,1606,667,1692,BBUU,,2M
J025903.17+002227.2,44.7632105,0.3742323,Im,17.392,0.14,16.824,,12.476,,8.641,,,,,,,,0000,0,nnnn,-1351,1229,-6,1274,BUUU,,2M
J025903.22+002236.9,44.7634408,0.3769214,Im,17.296,0.131,16.878,0.365,12.763,,8.69,,,,,,,,0000,0,nnnn,584,998,247,1039,BCUU,,2M
J025905.33+002237.5,44.7722188,0.3771083,Im,17.107,0.111,16.407,0.215,12.832,,9.213,,,,,,,,0000,0,nnnn,-243,805,-1310,837,BBUU,,2M
J025904.02+002244.9,44.7667609,0.3791619,Im,17.032,0.1,16.326,0.206,12.037,,8.86,,,,,,,,0000,0,nnnn,507,735,131,768,ABUU,,2M
J025859.14+002205.3,44.746418,0.3681435,Im,16.838,0.093,16.531,0.266,12.735,,9.243,,,,,,,,0000,0,nnnn,-268,640,-194,665,ABUU,,2M
J025859.99+002223.3,44.7499824,0.3731453,Im,14.985,0.033,15.073,0.074,12.762,,9.168,,15.387,0.051,15.039,0.093,14.982,0.146,0000,0,11nn,-33,132,76,136,AAUU,0.125,2M
J025904.00+002258.1,44.7666944,0.3828261,Im,16.401,0.064,15.56,0.104,12.752,,8.913,,,,,,,,0000,0,1nnn,-98,399,258,416,AAUU,,2M
J025901.24+002314.3,44.7551801,0.3873204,Im,17.516,0.157,16.771,,12.373,,9.092,,,,,,,,0000,0,nnnn,-515,1374,1543,1423,BUUU,,2M
J025902.45+002322.6,44.7602488,0.3896361,Im,17.235,0.126,16.466,0.261,12.216,,8.431,,,,,,,,0000,0,nnnn,722,968,1271,1015,BBUU,,2M
J025907.73+002233.8,44.7822269,0.3760813,Im,15.533,0.039,15.146,0.078,12.409,,8.575,,,,,,,,0000,0,0nnn,515,193,413,201,AAUU,,2M
J025906.59+002237.8,44.7774899,0.3771713,Im,17.838,0.205,16.29,0.209,12.656,0.465,9.316,,,,,,,,0000,0,nnnn,1538,1323,-440,1418,BBCU,,2M
J025908.10+002313.2,44.7837631,0.3870251,Im,16.623,0.073,16.301,0.196,12.862,,9.265,,,,,,,,0000,0,nnnn,677,531,476,551,ABUU,,2M
J025907.35+002312.7,44.7806329,0.3868861,Im,17.592,0.161,17.241,0.461,12.29,,9.136,,,,,,,,0000,0,nnnn,929,1418,-125,1461,BCUU,,2M
J025906.40+002308.8,44.776677,0.385798,Im,16.597,0.073,16.256,0.186,12.089,0.306,8.894,,,,,,,,0000,0,0nnn,72,517,266,536,ABBU,,2M
J025910.30+002314.6,44.7929246,0.3873944,Im,17.371,0.14,16.755,,12.231,,9.255,,,,,,,,0000,0,nnnn,-12,1062,137,1108,BUUU,,2M
J025908.41+002325.8,44.7850488,0.3905184,Im,14.64,0.029,14.415,0.047,12.177,,9.246,,16.849,0.189,15.976,0.169,14.996,0.167,0000,0,00nn,23,97,-192,99,AAUU,0.198,2M
J025909.81+002340.8,44.7908798,0.3946722,Im,16.295,0.061,16.618,0.269,12.845,,9.09,,,,,,,,0000,0,0nnn,-218,404,33,420,ABUU,,2M
J025904.59+002308.6,44.7691664,0.3857316,Im,17.774,0.194,16.53,0.247,12.831,,9.102,,,,,,,,0000,0,nnnn,930,1433,-257,1521,BBUU,,2M
J025904.53+002333.3,44.768887,0.3925902,Im,17.796,0.202,17.145,0.441,12.25,,9.148,,,,,,,,0000,0,nnnn,-1725,1720,1081,1784,BCUU,,2M
J025904.76+002348.4,44.769858,0.3967794,Im,17.934,0.218,17.034,0.406,12.771,,9.188,,,,,,,,0000,0,nnnn,2254,1827,821,1918,BCUU,,2M
J025907.42+002353.0,44.7809194,0.3980717,Im,17.517,0.157,17.013,,12.797,,9.184,,,,,,,,0000,0,nnnn,930,1332,1220,1380,BUUU,,2M
J025907.98+002410.4,44.7832681,0.4029002,Im,16.549,0.07,16.234,0.192,12.581,0.432,9.103,,,,,,,,0000,0,0nnn,196,504,300,512,ABCU,,2M
J025906.04+002356.4,44.7752004,0.3990175,Im,15.196,0.034,15.099,0.078,12.194,0.336,9.066,,17.07,0.21,15.706,0.158,15.66,0.224,0000,0,00nn,91,160,-138,161,AABU,0.54,2M
J025908.10+002420.5,44.7837611,0.4057134,Im,16.345,0.062,15.984,0.156,12.354,,9.109,,,,,,,,0000,0,1nnn,-364,410,378,424,ABUU,,2M
J025906.78+002424.0,44.7782799,0.4066802,Im,17.396,0.137,17.219,,12.719,,9.076,,,,,,,,0000,0,nnnn,-1011,1142,1791,1187,BUUU,,2M
J025918.65+002240.7,44.8277439,0.3779772,Im,16.948,0.094,16.342,0.218,12.112,0.275,8.997,,,,,,,,0000,0,nnnn,74,722,-407,760,ABBU,,2M
J025917.57+002240.6,44.8232358,0.3779457,Im,17.403,0.135,16.99,0.367,12.879,,8.714,,,,,,,,0000,0,nnnn,-876,1105,625,1182,BCUU,,2M
J025919.31+002259.2,44.8304878,0.3831231,Im,17.207,0.127,17.118,0.419,12.87,,9.105,,,,,,,,0000,0,nnnn,-482,1039,269,1095,BCUU,,2M
J025917.06+002317.9,44.8210888,0.3883198,Im,16.737,0.085,16.382,0.206,11.995,0.246,8.765,,,,,,,,0000,0,nnnn,691,578,-505,613,ABBU,,2M
J025920.16+002334.8,44.83403,0.39302,Im,17.856,0.198,17.452,,12.735,,9.13,,,,,,,,0000,0,nnnn,-2683,1792,-38,1882,BUUU,,2M
J025915.85+002323.0,44.8160669,0.389735,Im,17.739,0.18,16.662,,12.61,,9.102,,,,,,,,0000,0,nnnn,-529,1587,-1062,1631,BUUU,,2M
J025913.86+002324.9,44.8077536,0.3902653,Im,16.81,0.088,16.647,0.265,12.789,,9.136,,,,,,,,0000,0,nnnn,159,650,-1172,687,ABUU,,2M
J025914.50+002328.9,44.8104314,0.391379,Im,16.928,0.096,16.153,0.17,12.551,0.43,8.98,,,,,,,,0000,0,nnnn,-256,650,-104,694,ABCU,,2M
J025914.15+002339.3,44.8089797,0.3942638,Im,17.586,0.162,16.825,0.34,12.824,,9.03,,,,,,,,0000,0,nnnn,993,1386,0,1419,BBUU,,2M
J025918.76+002346.9,44.828207,0.3963723,Im,15.239,0.036,15.042,0.073,12.804,,9.169,,16.265,0.104,15.664,0.112,15.062,0.146,0000,0,01nn,208,161,-277,171,AAUU,0.691,2M
J025916.88+002348.9,44.8203683,0.3969268,Im,16.473,0.07,16.398,0.219,12.664,,9.151,,,,,,,,0000,0,0nnn,-187,473,338,484,ABUU,,2M
J025916.30+002359.0,44.8179389,0.399729,Im,16.576,0.072,16.421,0.214,12.67,,8.51,,,,,,,,0000,0,0nnn,22,509,-524,523,ABUU,,2M
J025917.13+002403.5,44.8214045,0.4009843,Im,17.438,0.148,16.771,0.302,12.649,,9.079,,,,,,,,0000,0,nnnn,128,1170,-213,1215,BBUU,,2M
J025921.93+002346.5,44.8413808,0.3962707,Im,16.871,0.09,16.456,0.226,12.576,,8.895,,,,,,,,hh00,0,nnnn,591,685,-1368,719,ABUU,,2M
J025924.21+002354.5,44.8509147,0.3984852,Im,9.527,0.023,9.591,0.021,9.521,0.035,8.642,,10.173,0.022,9.753,0.03,9.607,0.023,0000,0,000n,0,27,0,26,AAAU,0.143,2M
J025921.59+002411.3,44.8399858,0.4031607,Im,17.537,0.158,16.397,0.21,12.791,,9.211,,,,,,,,Dh00,0,nnnn,337,1130,1958,1178,BBUU,,2M
J025923.96+002422.9,44.8498743,0.4063885,Im,17.046,0.102,16.716,0.312,12.901,,8.624,,,,,,,,hh00,0,nnnn,-594,864,1091,910,ABUU,,2M
J025926.25+002443.3,44.8593851,0.4120413,Im,16.255,0.056,16.383,0.213,12.742,,9.161,,,,,,,,d000,0,0nnn,304,398,-3,407,ABUU,,2M
J025924.82+002435.9,44.8534287,0.4099987,Im,17.484,0.166,16.771,0.303,12.816,,9.094,,,,,,,,0h00,0,nnnn,-181,1303,-342,1340,BBUU,,2M
J025924.32+002446.3,44.851348,0.412866,Im,17.551,0.153,16.313,0.201,12.76,,9.204,,,,,,,,0000,0,nnnn,2503,1165,-417,1230,BBUU,,2M
J025922.03+002427.6,44.8418025,0.4076832,Im,14.548,0.029,14.631,0.053,12.903,,8.628,,15.365,0.045,14.813,0.055,14.621,0.102,0000,0,00nn,-29,97,-106,101,AAUU,0.129,2M
J025919.72+002443.8,44.8321811,0.4121782,Im,17.614,0.176,17.212,0.446,12.869,,8.666,,,,,,,,0000,0,nnnn,-638,1672,-177,1720,BCUU,,2M
J025919.73+002500.9,44.8322346,0.4169364,Im,17.348,0.137,16.857,0.347,12.654,,9.218,,,,,,,,0000,0,nnnn,1047,1095,-60,1144,BBUU,,2M
J025922.53+002448.4,44.8438946,0.4134456,Im,16.004,0.048,15.93,0.139,12.291,0.342,8.755,,,,,,,,0000,0,0nnn,-9,312,1102,325,ABBU,,2M
J025921.27+002504.3,44.8386537,0.4178811,Im,17.029,0.102,17.246,0.454,12.783,,8.463,,,,,,,,0000,0,nnnn,810,809,526,849,ACUU,,2M
J025921.58+002525.1,44.8399386,0.4236532,Im,16.72,0.08,16.884,,12.76,,9.153,,,,,,,,0000,0,nnnn,235,631,438,659,AUUU,,2M
J025912.56+002335.4,44.8023642,0.3931791,Im,17.615,0.165,16.948,0.383,12.848,,9.243,,,,,,,,0000,0,nnnn,83,1503,-768,1567,BCUU,,2M
J025911.74+002342.0,44.7989329,0.3950227,Im,16.409,0.067,16.182,0.187,12.83,,9.025,,,,,,,,0000,0,0nnn,60,426,-93,437,ABUU,,2M
J025914.49+002402.3,44.810376,0.4006611,Im,16.101,0.053,15.492,0.102,11.993,0.254,9.131,0.489,,,,,,,0000,0,2nnn,271,312,634,330,AABC,,2M
J025913.64+002404.4,44.806852,0.4012474,Im,17.491,0.145,17.372,0.498,12.811,,9.059,,,,,,,,0000,0,nnnn,385,1252,732,1305,BCUU,,2M
J025910.18+002407.0,44.79245,0.4019629,Im,16.99,0.097,15.882,0.14,12.866,,9.344,,,,,,,,0000,0,nnnn,-59,674,-964,704,ABUU,,2M
J025913.56+002421.6,44.8065362,0.4060055,Im,17.404,0.131,16.986,,12.389,,8.751,,,,,,,,0000,0,nnnn,-1083,1234,713,1256,BUUU,,2M
J025912.42+002421.1,44.801752,0.4058856,Im,17.853,0.201,16.341,0.206,12.762,,8.54,,,,,,,,0000,0,nnnn,-1564,1414,-452,1495,BBUU,,2M
J025914.53+002412.1,44.8105451,0.4033807,Im,16.477,0.064,16.004,0.149,12.743,0.482,8.854,,,,,,,,0000,0,0nnn,-545,433,659,452,ABCU,,2M
J025916.00+002419.5,44.8166999,0.4054407,Im,17.25,0.121,17.041,0.393,12.922,,8.483,,,,,,,,0000,0,nnnn,-192,1029,-18,1066,BCUU,,2M
J025915.22+002433.5,44.8134431,0.409319,Im,17.291,0.122,16.355,0.206,12.807,,8.88,,,,,,,,0000,0,nnnn,608,896,-1309,938,BBUU,,2M
J025916.83+002432.4,44.8201555,0.4090014,Im,16.903,0.096,16.838,0.332,12.585,0.42,9.293,,,,,,,,0000,0,nnnn,166,753,254,792,ABCU,,2M
J025914.71+002453.4,44.8113046,0.4148429,Im,17.092,0.106,16.395,0.209,12.269,,9.125,,,,,,,,0000,0,nnnn,17,779,81,820,ABUU,,2M
J025910.88+002428.4,44.7953506,0.4079154,Im,17.366,0.138,16.85,,12.636,,8.942,,,,,,,,0000,0,nnnn,-1034,1161,2128,1199,BUUU,,2M
J025915.03+002510.0,44.8126372,0.4194491,Im,17.629,0.162,16.702,,12.578,,8.684,,,,,,,,0000,0,nnnn,317,1528,96,1602,BUUU,,2M
J025913.12+002503.3,44.8046814,0.4176104,Im,17.629,0.164,17.042,,12.847,,9.061,,,,,,,,0000,0,nnnn,-494,1503,-53,1601,BUUU,,2M
J025911.85+002515.4,44.7994069,0.4209596,Im,16.667,0.072,17.081,0.4,12.752,0.498,9.247,,,,,,,,0000,0,0nnn,0,547,0,571,ACCU,,2M
J025912.95+002523.8,44.8039687,0.4232825,Im,17.304,0.131,17.215,0.482,12.129,,8.472,,,,,,,,0000,0,nnnn,-1160,990,-3570,1021,BCUU,,2M
J025911.89+002527.7,44.7995698,0.424384,Im,17.545,0.152,16.64,0.261,12.706,0.492,8.921,,,,,,,,0000,0,nnnn,881,1169,56,1226,BBCU,,2M
J025917.71+002455.0,44.8238138,0.4152812,Im,17.37,0.135,16.677,0.302,12.909,,8.989,,,,,,,,0000,0,nnnn,559,1078,-2935,1140,BBUU,,2M
J025918.67+002504.5,44.827805,0.4179186,Im,17.592,0.162,17.129,0.469,12.698,,8.939,,,,,,,,0000,0,nnnn,3637,1459,3630,1522,BCUU,,2M
J025919.56+002515.6,44.8315214,0.421017,Im,16.24,0.056,16.1,0.166,12.648,,9.232,,,,,,,,0000,0,0nnn,27,383,191,394,ABUU,,2M
J025916.46+002522.9,44.8185998,0.4230473,Im,15.916,0.047,15.731,0.124,12.232,,9.337,,,,,,,,0000,0,0nnn,56,299,95,308,ABUU,,2M
J025920.39+002526.0,44.8349608,0.4239163,Im,16.424,0.066,16.506,0.243,12.49,,9.071,,,,,,,,0000,0,0nnn,970,470,-210,485,ABUU,,2M
J025919.03+002544.0,44.8293033,0.4288907,Im,16.116,0.054,15.901,0.138,12.915,,9.33,,,,,,,,0000,0,0nnn,320,339,262,356,ABUU,,2M
J025920.38+002606.9,44.834938,0.4352704,Im,17.949,0.216,17.217,0.462,12.849,,8.998,,,,,,,,0000,0,nnnn,-445,2166,-632,2320,BCUU,,2M
J025914.58+002519.8,44.8107851,0.422193,Im,17.193,0.113,16.821,0.322,12.512,,9.194,,,,,,,,0000,0,nnnn,2072,906,-1022,952,BBUU,,2M
J025913.68+002534.8,44.8070379,0.4263343,Im,17.366,0.13,16.895,0.346,12.663,0.438,9.153,,,,,,,,0000,0,nnnn,-54,1060,-11,1120,BBCU,,2M
J025914.35+002607.2,44.8097942,0.4353512,Im,16.873,0.089,15.723,0.123,12.532,,8.902,,,,,,,,0000,0,nnnn,-1522,568,809,593,ABUU,,2M
J025916.11+002620.8,44.817136,0.4391117,Im,17.323,0.125,17.248,0.46,12.841,,9.13,,,,,,,,0000,0,nnnn,-1364,1034,-174,1087,BCUU,,2M
J025959.21+001807.4,44.9967306,0.3020782,Im,17.815,0.202,17.055,0.415,12.287,,8.715,,,,,,,,0000,0,nnnn,1036,1757,581,1848,BCUU,,2M
J025959.95+001816.0,44.999812,0.304456,Im,17.406,0.144,16.551,0.268,12.589,,9.128,,,,,,,,0000,0,nnnn,408,1077,-373,1160,BBUU,,2M
J025958.12+001827.2,44.9921962,0.3075821,Im,17.828,0.192,17.28,,12.877,,9.067,,,,,,,,0000,0,nnnn,151,1746,474,1832,BUUU,,2M
J030002.81+001832.3,45.0117114,0.3089905,Im,16.355,0.061,16.427,0.232,12.792,,9.3,,,,,,,,0000,0,0nnn,-683,398,28,413,ABUU,,2M
J030001.56+001847.0,45.0065389,0.3130687,Im,17.006,0.103,17.067,0.426,12.383,,9.244,,,,,,,,0000,0,nnnn,-757,794,-1155,821,ACUU,,2M
J030000.87+001901.0,45.0036453,0.3169448,Im,17.46,0.144,16.938,,12.763,,9.202,,,,,,,,0000,0,nnnn,-1678,1359,-1908,1438,BUUU,,2M
J030002.47+001931.3,45.0103126,0.325379,Im,17.823,0.207,17.118,0.413,12.691,,8.829,,,,,,,,0000,0,nnnn,-23,1657,-1077,1766,BCUU,,2M
J025957.82+001910.3,44.9909289,0.3195334,Im,16.912,0.092,16.081,0.155,12.413,,9.183,0.54,,,,,,,0000,0,nnnn,-342,632,280,672,ABUC,,2M
J025957.55+001926.9,44.9898167,0.3241474,Im,17.417,0.135,17.066,0.391,12.509,,9.015,,,,,,,,0000,0,nnnn,-1557,1057,370,1120,BCUU,,2M
J030000.05+001902.2,45.0002115,0.3172947,Im,16.81,0.085,16.526,0.245,12.347,,8.983,0.467,,,,,,,0000,0,nnnn,356,632,-1388,673,ABUC,,2M
J030000.03+001928.5,45.0001307,0.32459,Im,16.534,0.069,15.013,0.072,11.399,0.147,8.607,0.303,,,,,,,0000,0,11nn,-116,364,155,388,AABB,,2M
J030001.51+001922.3,45.0062984,0.3228883,Im,16.185,0.054,16.424,0.224,12.196,,9.031,,,,,,,,0000,0,0nnn,-18,361,-552,380,ABUU,,2M
J030004.13+001917.2,45.0172104,0.3214594,Im,17.116,0.112,16.985,0.393,12.395,,8.952,,,,,,,,0000,0,nnnn,-434,824,-294,868,BCUU,,2M
J030002.19+001952.2,45.0091587,0.3311912,Im,17.421,0.129,17.07,,12.779,,9.054,,,,,,,,0000,0,nnnn,502,1123,622,1178,BUUU,,2M
J030003.75+002021.4,45.0156275,0.3393042,Im,17.552,0.149,16.809,,12.284,,9.256,,,,,,,,0h00,0,nnnn,-2877,1220,-2079,1283,BUUU,,2M
J030001.45+001956.4,45.006062,0.3323489,Im,17.951,0.209,17.131,,12.116,,8.948,,,,,,,,0000,0,nnnn,1094,1828,-587,1953,BUUU,,2M
J030001.08+002011.4,45.0045359,0.3365123,Im,16.381,0.06,16.899,0.316,12.594,,9.155,,,,,,,,0h00,0,1nnn,-111,410,370,430,ABUU,,2M
J030005.06+002018.4,45.0210894,0.3384721,Im,16.412,0.06,16.443,0.208,12.599,,8.69,,,,,,,,0000,0,0nnn,-464,411,67,434,ABUU,,2M
J030005.94+002026.2,45.02475,0.3406331,Im,16.069,0.049,16.517,0.225,12.635,,9.069,,,,,,,,0000,0,0nnn,320,310,-83,327,ABUU,,2M
J030004.57+002028.4,45.0190771,0.3412474,Im,16.895,0.088,17.406,0.512,12.687,,9.077,,,,,,,,0h00,0,nnnn,958,666,262,703,ACUU,,2M
J030004.89+002045.3,45.020385,0.3459197,Im,16.433,0.066,15.892,0.151,12.44,,8.962,,,,,,,,Dd00,0,nnnn,-1473,427,938,446,ABUU,,2M
J030005.49+002104.8,45.0229089,0.351358,Im,17.745,0.196,17.074,0.414,12.219,,9.119,,,,,,,,hh00,0,nnnn,-360,1620,-488,1723,BCUU,,2M
J025955.28+001913.6,44.9803406,0.320461,Im,16.837,0.083,16.953,0.351,12.335,,9.264,,,,,,,,0000,0,nnnn,818,613,127,648,ABUU,,2M
J025954.00+001916.4,44.9750096,0.3212444,Im,17.435,0.148,16.75,0.299,12.464,0.397,8.708,,,,,,,,0000,0,nnnn,-582,1105,970,1182,BBCU,,2M
J025954.87+001934.4,44.978634,0.3262398,Im,17.998,0.219,17.353,,12.696,,8.936,,,,,,,,0000,0,nnnn,-1633,1823,-922,1975,BUUU,,2M
J025953.98+001938.2,44.9749362,0.3272899,Im,16.789,0.079,15.994,0.156,12.593,,9.153,,,,,,,,0000,0,nnnn,-169,534,640,579,ABUU,,2M
J025953.25+001936.9,44.9718902,0.3269429,Im,17.73,0.177,16.711,0.294,12.239,,9.126,,,,,,,,0000,0,nnnn,2638,1325,2308,1412,BBUU,,2M
J025955.65+002008.2,44.9818771,0.3356341,Im,17.07,0.099,16.403,0.216,12.794,,8.609,,,,,,,,0000,0,nnnn,-607,745,1360,793,ABUU,,2M
J025957.99+002033.6,44.9916618,0.3426848,Im,16.664,0.076,16.176,0.175,12.669,,8.878,,,,,,,,0000,0,0nnn,-451,524,-208,566,ABUU,,2M
J025952.02+001938.2,44.9667883,0.3272908,Im,13.071,0.023,13.042,0.027,12.355,0.393,8.534,,13.972,0.029,13.276,0.034,13.238,0.042,0000,0,11nn,-8,40,26,41,AACU,0.177,2M
J025950.57+002008.2,44.9607249,0.335617,Im,17.732,0.189,17.468,,12.684,,9.055,,,,,,,,0000,0,nnnn,-1263,1626,1273,1751,BUUU,,2M
J025955.31+002025.0,44.980496,0.3402806,Im,17.917,0.201,17.205,0.438,12.492,,8.889,,,,,,,,0000,0,nnnn,-960,1880,-348,1979,BCUU,,2M
J025956.97+002045.2,44.9874101,0.3458993,Im,16.126,0.058,15.802,0.136,12.155,0.285,8.698,,,,,,,,0000,0,0nnn,351,346,75,369,ABBU,,2M
J025956.22+002044.7,44.984288,0.3457637,Im,15.485,0.038,14.716,0.057,12.029,0.27,8.612,0.317,,,,,,,0000,0,00nn,163,170,30,181,AABB,,2M
J025952.73+002046.2,44.9697356,0.3461872,Im,16.631,0.072,17.316,0.486,12.836,,8.788,,,,,,,,0000,0,0nnn,327,547,-50,573,ACUU,,2M
J025958.90+002034.4,44.9954536,0.3429065,Im,17.676,0.168,17.285,,12.829,,9.167,,,,,,,,0000,0,nnnn,-488,1459,1668,1545,BUUU,,2M
J025959.92+002045.7,44.9997033,0.3460511,Im,17.759,0.183,17.106,,12.437,0.406,8.83,,,,,,,,hh00,0,nnnn,1364,1485,929,1577,BUCU,,2M
J030002.45+002103.9,45.0102385,0.3510841,Im,8.819,0.023,8.832,0.02,8.81,0.026,8.514,,9.189,0.023,8.883,0.025,8.86,0.025,0000,0,001n,15,25,23,25,AAAU,0.242,2M
J025958.58+002117.1,44.9941247,0.3547586,Im,17.927,0.211,17.505,,12.706,,9.19,,,,,,,,0000,0,nnnn,4,2104,-469,2199,BUUU,,2M
J025956.52+002115.6,44.9855281,0.3543455,Im,17.648,0.17,16.745,,12.824,,9.182,,,,,,,,0000,0,nnnn,713,1426,-1645,1513,BUUU,,2M
J025955.55+002110.0,44.9814667,0.3527892,Im,16.501,0.068,16.624,0.26,12.8,,9.095,,,,,,,,0000,0,0nnn,-429,462,-250,488,ABUU,,2M
J025958.25+002133.0,44.9927464,0.3591731,Im,17.028,0.096,16.457,0.211,12.694,,9.148,,,,,,,,D000,0,nnnn,702,779,1503,820,ABUU,,2M
J030000.74+002142.2,45.0031227,0.3617388,Im,16.777,0.081,17.307,0.47,12.799,,9.242,,,,,,,,hh00,0,nnnn,444,604,151,634,ACUU,,2M
J030010.70+002036.0,45.044614,0.3433547,Im,16.951,0.096,16.469,0.228,12.73,,8.701,,,,,,,,0000,0,nnnn,1046,687,-225,733,ABUU,,2M
J030012.54+002043.9,45.0522792,0.345528,Im,17.933,0.216,16.708,,12.81,,9.125,,,,,,,,0000,0,nnnn,-202,1663,-2114,1787,BUUU,,2M
J030011.19+002045.8,45.0466458,0.3460813,Im,16.464,0.066,16.501,0.24,12.396,,9.095,,,,,,,,0000,0,0nnn,10,438,-614,466,ABUU,,2M
J030010.00+002043.0,45.0417019,0.3452919,Im,15.511,0.039,15.303,0.09,12.571,,9.129,,,,,,,,0000,0,0nnn,-220,186,12,196,AAUU,,2M
J030009.48+002054.5,45.0395166,0.348492,Im,15.842,0.046,15.83,0.129,11.463,0.165,8.853,0.388,,,,,,,0000,0,0nnn,244,270,43,283,ABBC,,2M
J030012.56+002107.7,45.052351,0.352154,Im,16.756,0.079,16.6,0.274,12.318,,8.936,,,,,,,,0000,0,nnnn,501,563,-896,600,ABUU,,2M
J030014.82+002117.6,45.0617532,0.3548975,Im,17.768,0.189,16.655,,12.066,,9.015,,,,,,,,0000,0,nnnn,-576,1571,-1344,1688,BUUU,,2M
J030012.78+002125.4,45.0532504,0.3570769,Im,16.262,0.059,16.286,0.201,12.423,,8.906,,,,,,,,0000,0,0nnn,641,370,472,400,ABUU,,2M
J030008.03+002054.0,45.0334951,0.3483478,Im,15.177,0.034,15.234,0.081,12.259,0.357,8.698,,15.826,0.081,15.615,0.135,15.152,0.161,0000,0,0nnn,-360,147,121,156,AACU,0.315,2M
J030007.96+002105.7,45.0331995,0.3515953,Im,16.418,0.066,16.667,0.266,12.418,,8.644,,,,,,,,0000,0,0nnn,-200,432,-92,461,ABUU,,2M
J030009.67+002104.6,45.0402961,0.351282,Im,17.164,0.146,17.002,0.432,11.912,,8.617,,,,,,,,0000,0,nnnn,-1380,1000,-631,1210,BCUU,,2M
J030006.54+002108.4,45.0272639,0.3523367,Im,16.568,0.069,16.841,0.303,12.784,,9.041,,,,,,,,0000,0,0nnn,246,506,-524,537,ABUU,,2M
J030006.82+002124.6,45.0284202,0.3568558,Im,17.515,0.151,17.167,,12.321,,8.743,,,,,,,,0000,0,nnnn,1462,1399,31,1491,BUUU,,2M
J030007.09+002130.4,45.0295546,0.3584686,Im,15.525,0.038,15.792,0.128,12.616,,8.923,,16.618,0.156,15.967,0.175,15.668,0.244,0000,0,0nnn,-192,192,23,203,ABUU,0.728,2M
J030009.95+002126.2,45.041465,0.3572944,Im,17.368,0.128,17.385,0.532,12.546,,8.659,,,,,,,,0000,0,nnnn,-186,1068,-400,1144,BCUU,,2M
J030010.69+002134.5,45.0445547,0.3596082,Im,17.056,0.108,16.77,0.314,12.318,,8.599,,,,,,,,0000,0,nnnn,365,806,-125,843,ABUU,,2M
J030017.21+002138.5,45.0717484,0.3607122,Im,17.331,0.128,16.588,0.251,12.503,,8.789,,,,,,,,0000,0,nnnn,410,988,-1454,1040,BBUU,,2M
J030013.97+002157.2,45.0582281,0.3658939,Im,17.526,0.156,17.035,0.384,12.769,,8.49,,,,,,,,0000,0,nnnn,763,1263,-797,1345,BCUU,,2M
J030016.68+002212.9,45.0695161,0.3702603,Im,17.316,0.129,16.795,0.318,12.521,,8.674,,,,,,,,0000,0,nnnn,1292,994,-2362,1062,BBUU,,2M
J030018.70+002248.8,45.0779195,0.3802406,Im,17.441,0.145,16.814,0.314,12.219,0.342,9.101,,,,,,,,0000,0,nnnn,-1068,1102,123,1171,BBBU,,2M
J030013.74+002207.0,45.0572534,0.3686286,Im,17.537,0.16,16.881,0.32,12.766,,8.592,,,,,,,,0000,0,nnnn,-1378,1281,38,1382,BBUU,,2M
J030011.93+002213.8,45.0497212,0.3705006,Im,12.614,0.024,12.677,0.025,12.24,,9.167,,13.363,0.023,12.814,0.027,12.679,0.032,0000,0,00nn,-64,36,-53,37,AAUU,0.135,2M
J030012.76+002245.2,45.0532012,0.3792226,Im,17.723,0.189,17.379,0.526,12.585,,8.823,,,,,,,,0000,0,nnnn,-1153,1574,592,1673,BCUU,,2M
J030013.15+002253.3,45.0548149,0.3814852,Im,17.801,0.204,16.811,,11.923,,9.131,,,,,,,,0000,0,nnnn,-230,1915,-562,2036,BUUU,,2M
J030018.02+002300.6,45.0751158,0.3835007,Im,16.723,0.079,16.564,0.249,12.38,,8.982,,,,,,,,0000,0,nnnn,79,538,-350,575,ABUU,,2M
J030015.97+002322.3,45.06655,0.3895334,Im,17.206,0.117,16.851,,12.283,,9.057,,,,,,,,0000,0,nnnn,-343,939,-1221,1008,BUUU,,2M
J030004.82+002146.7,45.0201151,0.3629931,Im,14.369,0.028,14.309,0.043,12.455,,9.172,,15.497,0.067,14.707,0.061,14.61,0.098,0h00,0,00nn,66,79,-50,82,AAUU,0.198,2M
J030004.21+002207.8,45.0175602,0.3688384,Im,15.944,0.046,16.021,0.148,12.339,,9.121,,,,,,,,0000,0,0nnn,-37,275,-74,292,ABUU,,2M
J030005.35+002213.7,45.0223094,0.3704902,Im,17.209,0.118,17.424,0.533,12.504,,9.204,,,,,,,,0000,0,nnnn,117,904,-819,953,BCUU,,2M
J030007.20+002203.4,45.0300245,0.3676242,Im,14.082,0.026,13.765,0.035,12.405,,9.086,,16.255,0.134,15.81,0.157,14.908,0.149,0000,0,00nn,30,64,77,66,AAUU,0.609,2M
J030006.90+002223.9,45.0287621,0.3733226,Im,17.811,0.207,16.873,,12.425,,9.159,,,,,,,,0000,0,nnnn,1892,1753,203,1852,BUUU,,2M
J030001.96+002205.8,45.008176,0.3682936,Im,17.982,0.217,17.497,,12.738,,9.293,,,,,,,,0000,0,nnnn,539,1971,1911,2116,BUUU,,2M
J030003.20+002214.6,45.0133586,0.370739,Im,17.818,0.193,17.439,,12.224,,9.254,,,,,,,,0000,0,nnnn,-47,1518,-2068,1608,BUUU,,2M
J030004.43+002224.5,45.0184621,0.3734729,Im,16.646,0.086,16.265,0.192,12.668,0.511,9.175,,,,,,,,0000,0,nnnn,-22,548,-51,591,ABCU,,2M
J030003.77+002221.0,45.015713,0.3725108,Im,17.671,0.169,16.858,,12.737,,9.225,,,,,,,,0000,0,nnnn,-500,1521,-1635,1588,BUUU,,2M
J030002.87+002229.2,45.0119838,0.3747818,Im,14.992,0.034,15.032,0.072,12.078,,8.859,,15.646,0.076,15.469,0.117,15.454,0.205,0000,0,00nn,-57,140,94,144,AAUU,0.945,2M
J030003.64+002237.4,45.0151731,0.3770818,Im,17.657,0.176,16.717,0.288,12.336,,9.113,,,,,,,,0000,0,nnnn,-1259,1383,1238,1454,BBUU,,2M
J030005.80+002234.9,45.0241921,0.3763864,Im,16.624,0.076,16.929,0.352,12.693,,9.219,,,,,,,,0000,0,0nnn,289,515,333,539,ABUU,,2M
J030005.27+002255.5,45.0219696,0.3821019,Im,17.405,0.15,17.447,,12.42,,8.358,,,,,,,,0000,0,nnnn,148,1183,702,1222,BUUU,,2M
J030006.86+002256.0,45.0286084,0.3822369,Im,17.054,0.106,16.959,0.357,12.02,,8.985,,,,,,,,0000,0,nnnn,476,786,218,832,ACUU,,2M
J030005.80+002250.6,45.0241699,0.3807371,Im,17.423,0.152,16.877,,12.417,,8.531,,,,,,,,0000,0,nnnn,-188,1266,-1115,1301,BUUU,,2M
J030004.18+002250.3,45.0174173,0.3806593,Im,17.403,0.142,16.873,,12.382,,9.212,,,,,,,,0000,0,nnnn,-808,1165,419,1219,BUUU,,2M
J030003.17+002250.9,45.0132143,0.3808117,Im,16.46,0.067,16.516,0.245,12.854,,8.891,,,,,,,,0000,0,0nnn,940,468,53,487,ABUU,,2M
J030004.65+002306.2,45.0193783,0.3850584,Im,17.086,0.105,16.593,,12.363,,8.807,,,,,,,,0000,0,nnnn,132,912,984,920,AUUU,,2M
J030005.15+002313.8,45.0214752,0.3871824,Im,16.045,0.052,15.83,0.127,12.222,,8.771,,,,,,,,0000,0,0nnn,-335,301,-193,321,ABUU,,2M
J030011.00+002245.2,45.045838,0.3792452,Im,17.098,0.103,17.015,,12.39,,9.012,,,,,,,,0000,0,nnnn,-522,821,-310,865,AUUU,,2M
J030008.60+002248.0,45.0358686,0.3800222,Im,17.465,0.162,16.875,0.315,12.426,,8.859,0.433,,,,,,,0000,0,nnnn,184,1154,461,1232,BBUC,,2M
J030010.23+002323.9,45.0426661,0.3899796,Im,16.323,0.059,16.692,0.313,12.112,,8.93,,,,,,,,0000,0,0nnn,466,399,-172,421,ABUU,,2M
J030014.27+002342.5,45.0594895,0.3951494,Im,17.501,0.151,16.689,0.282,12.712,,8.763,,,,,,,,0000,0,nnnn,-465,1220,1905,1274,BBUU,,2M
J030010.90+002333.6,45.0454302,0.3926814,Im,16.748,0.082,16.615,0.27,12.615,,8.95,,,,,,,,0000,0,nnnn,-582,623,-465,651,ABUU,,2M
J030013.04+002338.6,45.0543371,0.3940796,Im,17.387,0.139,16.642,,12.557,,9.089,,,,,,,,0000,0,nnnn,277,1250,-445,1325,BUUU,,2M
J030013.66+002344.1,45.0569305,0.3955835,Im,17.165,0.112,16.917,0.35,12.734,,8.91,,,,,,,,0000,0,nnnn,1434,890,-825,928,BBUU,,2M
J030009.56+002342.2,45.0398452,0.3950688,Im,17.67,0.173,17.128,0.429,12.143,,9.249,,,,,,,,0000,0,nnnn,102,1548,41,1638,BCUU,,2M
J030007.44+002348.5,45.03104,0.3968215,Im,17.216,0.118,16.354,0.207,11.958,,8.815,,,,,,,,0000,0,nnnn,-838,868,630,920,BBUU,,2M
J030012.86+002359.6,45.0535989,0.3998949,Im,17.629,0.168,17.029,,12.139,,9.058,,,,,,,,0000,0,nnnn,411,1498,325,1568,BUUU,,2M
J030011.65+002411.4,45.0485674,0.4031715,Im,17.558,0.16,17.375,0.507,12.188,,8.672,,,,,,,,0000,0,nnnn,852,1390,-75,1443,BCUU,,2M
J030008.57+002355.7,45.0357376,0.3988296,Im,17.447,0.147,16.559,0.247,12.596,,8.838,,,,,,,,0000,0,nnnn,-154,1080,615,1124,BBUU,,2M
J030010.16+002419.3,45.042349,0.4053703,Im,15.872,0.049,15.65,0.116,12.175,0.381,8.787,,,,,,,,0000,0,0nnn,-149,280,-71,293,ABCU,,2M
J025949.54+002024.5,44.9564301,0.3401631,Im,17.326,0.127,16.79,,12.708,,9.155,,,,,,,,0000,0,nnnn,-164,989,-288,1051,BUUU,,2M
J025949.94+002041.2,44.9581243,0.3448029,Im,17.184,0.11,16.714,0.278,12.337,0.371,9.091,,,,,,,,0000,0,nnnn,-489,818,-735,878,BBCU,,2M
J025950.69+002047.3,44.9612294,0.3464913,Im,16.694,0.079,16.786,0.319,12.586,,8.59,,,,,,,,0000,0,nnnn,101,546,44,580,ABUU,,2M
J025948.25+002052.4,44.9510669,0.3479004,Im,16.734,0.082,16.223,0.182,12.306,,9.241,,,,,,,,0000,0,nnnn,-268,540,316,566,ABUU,,2M
J025949.15+002107.9,44.954793,0.3522037,Im,16.989,0.099,16.681,0.276,12.338,,9.12,,,,,,,,0000,0,nnnn,-223,757,110,808,ABUU,,2M
J025951.98+002111.7,44.9666212,0.353262,Im,14.143,0.026,14.154,0.04,12.292,,8.395,,14.896,0.042,14.297,0.05,14.342,0.082,0000,0,00nn,-35,67,-162,71,AAUU,0.266,2M
J025952.52+002121.3,44.9688551,0.3559265,Im,15.519,0.039,15.492,0.099,12.756,,9.238,,16.605,0.151,15.607,0.131,14.961,,0000,0,0nnn,220,192,-18,205,AAUU,0.149,2M
J025946.69+002116.2,44.9445773,0.3545107,Im,17.379,0.137,16.753,,12.798,,8.695,,,,,,,,0000,0,nnnn,724,1196,639,1245,BUUU,,2M
J025945.36+002130.2,44.9390157,0.3583975,Im,15.82,0.046,15.485,0.104,12.717,,9.149,,,,,,,,0000,0,0nnn,97,256,53,268,AAUU,,2M
J025947.24+002148.4,44.9468398,0.3634477,Im,15.375,0.038,15.177,0.081,12.31,,8.776,,,,,,,,0000,0,0nnn,-190,169,236,180,AAUU,,2M
J025949.77+002153.5,44.9573879,0.3648728,Im,17.651,0.17,17.362,,12.932,,9.311,,,,,,,,0000,0,nnnn,-209,1542,1083,1602,BUUU,,2M
J025949.34+002218.8,44.9555945,0.3718994,Im,17.549,0.158,17.297,0.515,12.321,,9.035,,,,,,,,0000,0,nnnn,164,1357,670,1431,BCUU,,2M
J025956.40+002138.7,44.9850352,0.3607753,Im,16.67,0.077,16.861,0.337,12.504,,8.891,,,,,,,,0000,0,nnnn,303,574,7,608,ABUU,,2M
J025955.30+002147.0,44.9804409,0.3630738,Im,17.813,0.21,16.775,0.307,12.567,,9.196,,,,,,,,0000,0,nnnn,1325,1627,1249,1745,BBUU,,2M
J025953.49+002134.6,44.9728754,0.3596308,Im,17.471,0.137,16.75,0.281,12.826,,9.132,,,,,,,,0000,0,nnnn,-487,1122,-259,1201,BBUU,,2M
J025954.15+002149.7,44.9756265,0.3638247,Im,14.952,0.031,14.869,0.065,12.787,0.53,9.116,0.515,15.578,0.071,15.159,0.09,15.231,0.169,0000,0,11nn,188,126,162,130,AACC,0.401,2M
J025957.36+002219.2,44.9890105,0.3720183,Im,16.463,0.068,16.019,0.149,12.458,,8.649,,,,,,,,0000,0,0nnn,156,466,529,500,ABUU,,2M
J025958.30+002229.2,44.9929471,0.3748036,Im,17.676,0.176,16.768,0.286,12.846,,9.013,,,,,,,,0000,0,nnnn,-2304,1338,-2424,1435,BBUU,,2M
J025956.23+002231.9,44.9843184,0.3755515,Im,16.397,0.066,16.55,0.269,12.474,,9.298,,,,,,,,0000,0,0nnn,143,455,-418,484,ABUU,,2M
J025952.06+002202.3,44.9669518,0.367323,Im,17.762,0.185,17.436,,12.825,,9.182,,,,,,,,0000,0,nnnn,28,1620,-1351,1682,BUUU,,2M
J025950.15+002223.9,44.9589843,0.3733306,Im,17.542,0.157,17.019,0.376,12.676,,9.132,,,,,,,,0000,0,nnnn,-1803,1340,-1481,1406,BCUU,,2M
J025954.40+002301.4,44.9766967,0.3837486,Im,16.475,0.069,16.393,0.241,12.788,,9.114,,,,,,,,0000,0,0nnn,611,481,-483,502,ABUU,,2M
J025942.19+002142.2,44.925792,0.3617345,Im,17.519,0.155,17.253,0.494,12.517,,8.948,,,,,,,,0000,0,nnnn,-1110,1272,-2185,1345,BCUU,,2M
J025942.59+002154.2,44.9274718,0.3650814,Im,16.702,0.078,16.875,0.363,12.85,0.534,9.237,0.504,,,,,,,0000,0,nnnn,-38,556,-716,587,ACCC,,2M
J025944.00+002217.7,44.9333425,0.3715918,Im,16.97,0.102,15.786,0.143,12.384,,8.781,,,,,,,,0000,0,nnnn,633,633,-49,681,ABUU,,2M
J025947.18+002159.6,44.9465977,0.3665638,Im,15.937,0.05,14.845,0.066,11.599,0.187,8.418,0.285,,,,,,,0000,0,01nn,-216,238,-304,255,AABB,,2M
J025945.83+002207.8,44.9409699,0.3688403,Im,17.927,0.218,16.938,0.359,12.766,,9.252,,,,,,,,0000,0,nnnn,5730,1685,2876,1738,BCUU,,2M
J025948.06+002236.8,44.950251,0.3769104,Im,17.728,0.194,16.764,0.31,12.198,,8.391,,,,,,,,0000,0,nnnn,550,1539,-655,1622,BBUU,,2M
J025947.03+002243.6,44.9459848,0.3787861,Im,17.054,0.102,16.545,0.243,12.931,,8.723,,,,,,,,0000,0,nnnn,-144,761,703,801,ABUU,,2M
J025942.94+002218.8,44.9289471,0.3718923,Im,16.536,0.07,16.281,0.213,12.501,0.397,8.711,,,,,,,,0000,0,0nnn,213,482,509,506,ABCU,,2M
J025942.17+002229.4,44.9257499,0.3748507,Im,16.835,0.092,16.618,0.253,12.234,,8.986,,,,,,,,0000,0,nnnn,-1382,672,532,712,ABUU,,2M
J025943.05+002236.9,44.9293901,0.3769434,Im,15.318,0.036,15.056,0.074,12.6,,9.257,,16.786,0.17,16.242,0.229,15.619,0.258,0000,0,01nn,192,163,-270,170,AAUU,0.467,2M
J025945.26+002244.4,44.938586,0.3790128,Im,17.394,0.14,17.161,0.458,12.714,,9.234,,,,,,,,0000,0,nnnn,-1489,1133,-7,1176,BCUU,,2M
J025942.93+002259.5,44.9289017,0.3832098,Im,16.273,0.059,15.998,0.162,12.596,,8.961,,16.64,0.156,16.387,,15.575,,0000,0,0nnn,143,374,1323,398,ABUU,0.783,2M
J025948.73+002238.1,44.9530562,0.3772698,Im,17.875,0.218,16.575,,12.474,,8.838,,,,,,,,0000,0,nnnn,397,1837,880,1951,BUUU,,2M
J025951.25+002301.0,44.9635742,0.3836259,Im,14.994,0.033,13.906,0.038,10.55,0.077,8.217,0.226,,,,,,,0000,0,110n,-186,124,118,131,AAAB,,2M
J025952.89+002309.6,44.9703829,0.3860265,Im,16.281,0.058,16.067,0.163,12.817,,9.191,,16.668,0.162,16.154,0.187,15.857,,0000,0,1nnn,193,387,-7,403,ABUU,0.182,2M
J025950.51+002324.2,44.9604819,0.3900672,Im,17.042,0.103,16.848,0.326,12.074,,9.243,,,,,,,,0000,0,nnnn,818,812,-610,852,ABUU,,2M
J025947.92+002330.9,44.9496988,0.3919251,Im,15.534,0.039,15.454,0.103,12.791,,8.721,,,,,,,,0000,0,0nnn,203,194,-226,204,AAUU,,2M
J025949.26+002350.6,44.9552501,0.3974083,Im,16.643,0.077,16.613,0.271,12.213,,9.154,,,,,,,,0000,0,0nnn,-507,555,216,587,ABUU,,2M
J025950.46+002416.3,44.9602742,0.4045511,Im,17.645,0.176,16.693,0.283,12.764,,8.9,,,,,,,,0000,0,nnnn,948,1319,-2410,1417,BBUU,,2M
J025947.71+002400.4,44.9488215,0.4001212,Im,16.432,0.066,16.035,0.164,12.757,0.537,9.215,,,,,,,,0000,0,0nnn,-143,420,-476,442,ABCU,,2M
J030000.23+002235.9,45.0009773,0.3766549,Im,16.403,0.064,16.918,0.35,12.75,,9.219,,,,,,,,0000,0,0nnn,-2,449,-138,466,ABUU,,2M
J030001.17+002239.4,45.0049087,0.3776123,Im,17.176,0.116,16.726,0.285,12.294,,8.618,,,,,,,,0000,0,nnnn,-696,866,708,923,BBUU,,2M
J030001.68+002300.6,45.0070097,0.3835104,Im,16.921,0.096,16.462,0.241,12.567,0.489,8.817,,,,,,,,0000,0,nnnn,133,699,620,740,ABCU,,2M
J030001.15+002305.0,45.0047932,0.384748,Im,17.017,0.104,16.303,0.211,12.478,,8.826,,,,,,,,0000,0,nnnn,-582,739,-663,772,ABUU,,2M
J025958.38+002257.2,44.9932523,0.3825567,Im,16.425,0.067,16.031,0.158,12.246,,8.805,,,,,,,,0000,0,1nnn,-344,439,-100,459,ABUU,,2M
J030000.30+002303.4,45.001276,0.3842829,Im,14.818,0.031,14.414,0.049,12.01,0.256,9.083,0.44,16.359,,15.613,0.135,14.702,,0000,0,00nn,38,118,40,122,AABC,0.502,2M
J030003.19+002304.5,45.0133125,0.38459,Im,17.529,0.157,17.475,,12.557,,9.108,,,,,,,,0000,0,nnnn,1376,1303,-1051,1340,BUUU,,2M
J030004.27+002328.3,45.017817,0.3912009,Im,16.323,0.061,16.471,0.232,12.7,,8.722,,,,,,,,0000,0,0nnn,395,399,124,412,ABUU,,2M
J030000.54+002325.3,45.0022657,0.3903744,Im,15.955,0.181,15.933,0.256,12.257,,8.978,,16.949,0.206,16.2,0.225,15.733,0.266,0000,0,nnnn,675,388,108,409,BBUU,0.93,2M
J030000.72+002332.5,45.00302,0.3923695,Im,14.367,0.028,14.338,0.046,12.221,,8.896,,15.035,0.046,14.573,0.052,14.528,0.101,0000,0,00nn,-82,80,-111,83,AAUU,0.361,2M
J030003.11+002343.8,45.0129598,0.3955177,Im,16.922,0.098,16.021,0.155,12.514,,8.932,,,,,,,,0000,0,nnnn,408,663,284,690,ABUU,,2M
J030003.34+002352.0,45.0139487,0.3978045,Im,15.774,0.045,15.87,0.134,12.656,,9.133,,17.718,,15.911,0.163,15.549,0.248,0000,0,0nnn,420,253,-462,261,ABUU,0.269,2M
J030001.85+002350.5,45.007714,0.3973626,Im,17.321,0.131,16.795,,12.073,,8.612,,,,,,,,0000,0,nnnn,-370,1159,110,1184,BUUU,,2M
J025955.84+002337.2,44.9826826,0.3936846,Im,17.07,0.107,17.249,0.483,12.827,,9.063,,,,,,,,0000,0,nnnn,-62,820,-991,871,ACUU,,2M
J025959.94+002348.6,44.9997559,0.3968526,Im,17.56,0.16,17.04,,12.807,,9.164,,,,,,,,0000,0,nnnn,-905,1335,-408,1394,BUUU,,2M
J030000.68+002400.7,45.0028681,0.4002192,Im,17.448,0.147,16.894,,12.739,,8.845,,,,,,,,0000,0,nnnn,203,1183,186,1241,BUUU,,2M
J025958.24+002408.2,44.992673,0.4022936,Im,17.607,0.159,16.577,0.257,12.633,,8.353,,,,,,,,0000,0,nnnn,1448,1288,742,1349,BBUU,,2M
J030000.86+002418.0,45.0035969,0.405002,Im,14.821,0.031,14.269,0.045,11.093,0.129,8.693,,,,,,,,0000,0,01nn,-125,113,58,116,AABU,,2M
J030005.90+002351.0,45.0245905,0.3975021,Im,15.989,0.048,15.71,0.118,12.52,,8.943,,,,,,,,0000,0,0nnn,525,283,667,297,ABUU,,2M
J030006.67+002357.0,45.0278217,0.3991809,Im,16.922,0.094,16.294,0.199,12.623,,8.854,,,,,,,,0000,0,nnnn,-118,658,-1650,690,ABUU,,2M
J030005.77+002419.1,45.024051,0.4053127,Im,17.69,0.177,17.465,,12.564,,8.504,,,,,,,,0000,0,nnnn,42,1500,-300,1562,BUUU,,2M
J030007.59+002416.3,45.0316567,0.4045459,Im,16.39,0.064,16.208,0.181,12.268,,8.611,,,,,,,,0000,0,0nnn,-762,423,-11,441,ABUU,,2M
J030008.52+002439.4,45.0355268,0.4109645,Im,16.561,0.078,16.015,0.163,12.045,,9.155,,,,,,,,0000,0,0nnn,-385,492,31,513,ABUU,,2M
J030009.30+002446.8,45.0387685,0.4130271,Im,15.513,0.04,15.591,0.12,12.649,,8.611,,15.84,0.086,15.524,0.118,15.766,,0000,0,0nnn,36,199,-42,207,ABUU,0.153,2M
J030005.76+002432.5,45.0240169,0.40903,Im,15.87,0.046,15.754,0.121,12.601,,9.058,,,,,,,,0000,0,0nnn,555,258,-420,268,ABUU,,2M
J030002.52+002429.0,45.0105408,0.4080736,Im,16.585,0.069,16.433,0.222,12.329,0.388,9.135,,,,,,,,0000,0,0nnn,480,509,-210,520,ABCU,,2M
J030004.53+002438.3,45.0188847,0.410665,Im,16.696,0.077,16.6,0.265,12.587,,8.762,,,,,,,,0000,0,nnnn,-342,568,566,601,ABUU,,2M
J030001.63+002434.0,45.0068277,0.4094705,Im,13.455,0.025,13.505,0.033,12.324,,9.233,,14.141,0.031,13.64,0.03,13.532,0.05,0000,0,01nn,54,48,-13,49,AAUU,0.191,2M
J030004.98+002455.1,45.0207506,0.4153213,Im,17.475,0.148,16.987,,12.714,,8.878,,,,,,,,0000,0,nnnn,-1072,1234,439,1290,BUUU,,2M
J030006.82+002505.5,45.0284197,0.4182072,Im,16.597,0.071,16.429,0.231,12.57,,9.178,,,,,,,,0000,0,1nnn,-290,477,89,504,ABUU,,2M
J030004.00+002503.1,45.0166728,0.4175401,Im,15.707,0.042,15.641,0.112,12.185,,9.196,,16.047,0.096,15.889,0.142,15.476,,0000,0,0nnn,267,239,-68,246,ABUU,0.477,2M
J030004.53+002515.8,45.0188775,0.421057,Im,16.979,0.094,16.514,0.24,12.717,,9.006,,,,,,,,0000,0,nnnn,428,733,190,766,ABUU,,2M
J025954.51+002345.0,44.977163,0.3958541,Im,17.262,0.125,16.852,0.324,12.071,,8.723,,,,,,,,0000,0,nnnn,-928,1012,1777,1074,BBUU,,2M
J025953.47+002349.1,44.972802,0.3969918,Im,17.369,0.136,17.154,0.462,12.35,,8.619,,,,,,,,0000,0,nnnn,-584,1183,-624,1269,BCUU,,2M
J025953.14+002402.6,44.9714437,0.4007225,Im,17.66,0.176,16.704,,12.538,,8.556,,,,,,,,0000,0,nnnn,1528,1488,222,1563,BUUU,,2M
J025955.17+002423.3,44.9798963,0.4064924,Im,15.56,0.04,15.654,0.11,12.7,,9.151,,16.427,0.121,15.759,0.146,15.536,0.232,0000,0,0nnn,-47,200,-30,212,ABUU,0.267,2M
J025956.75+002412.6,44.9864725,0.4035002,Im,17.37,0.129,16.777,,12.763,,9.0,,,,,,,,0000,0,nnnn,-487,1075,-97,1137,BUUU,,2M
J025958.49+002434.2,44.9937263,0.4095086,Im,17.808,0.2,17.32,,12.488,,8.721,,,,,,,,0000,0,nnnn,469,1898,162,1975,BUUU,,2M
J025958.53+002447.0,44.9938787,0.4130778,Im,17.685,0.175,17.104,0.411,12.149,,8.489,,,,,,,,0000,0,nnnn,-511,1642,946,1740,BCUU,,2M
J025957.60+002456.5,44.9900234,0.415706,Im,17.253,0.12,16.899,,12.729,,8.872,,,,,,,,0000,0,nnnn,-1737,934,1,984,BUUU,,2M
J025956.77+002459.3,44.9865609,0.416499,Im,16.356,0.06,16.056,0.158,12.641,,9.152,,,,,,,,0000,0,0nnn,350,397,-79,414,ABUU,,2M
J025953.49+002426.7,44.9728988,0.4074178,Im,17.358,0.135,17.204,0.453,12.794,,8.584,,,,,,,,0000,0,nnnn,3,1200,-689,1274,BCUU,,2M
J025953.26+002447.5,44.9719456,0.4132144,Im,16.91,0.092,17.026,0.373,12.669,,9.069,,,,,,,,0000,0,nnnn,284,764,440,796,ACUU,,2M
J025950.82+002442.3,44.9617755,0.4117713,Im,15.24,0.035,15.22,0.08,12.279,,9.118,,,,,,,,0000,0,0nnn,-31,153,-106,162,AAUU,,2M
J025955.20+002531.9,44.9800222,0.425533,Im,17.704,0.175,15.543,0.105,11.708,0.224,8.543,,,,,,,,0000,0,nnnn,-172,748,610,816,BABU,,2M
J025959.82+002440.8,44.9992906,0.4113456,Im,17.539,0.156,16.686,,12.606,,8.895,,,,,,,,0000,0,nnnn,-2031,1471,202,1517,BUUU,,2M
J030001.07+002453.6,45.0044889,0.4149067,Im,17.427,0.142,17.39,,12.111,,9.259,,,,,,,,0000,0,nnnn,-388,1204,730,1265,BUUU,,2M
J030000.36+002503.2,45.0015087,0.4175612,Im,17.572,0.159,16.897,0.349,12.106,0.325,9.111,,,,,,,,0000,0,nnnn,-421,1112,1536,1174,BBBU,,2M
J025959.94+002519.8,44.9997656,0.4221756,Im,17.599,0.161,16.797,0.313,12.762,,8.338,,,,,,,,0000,0,nnnn,618,1213,-3208,1277,BBUU,,2M
J030003.33+002523.0,45.0139009,0.4230638,Im,17.098,0.102,16.348,0.211,11.983,,8.573,,,,,,,,0000,0,nnnn,-1161,774,548,810,ABUU,,2M
J030003.36+002606.0,45.0140365,0.4350155,Im,17.284,0.118,17.273,0.52,12.666,0.503,8.747,,,,,,,,0000,0,nnnn,-777,994,859,1050,BCCU,,2M
J030002.20+002557.8,45.0092045,0.4327479,Im,17.85,0.199,17.398,,12.634,,8.697,,,,,,,,0000,0,nnnn,-1638,1672,-968,1749,BUUU,,2M
J030002.48+002608.9,45.0103399,0.4358313,Im,17.774,0.181,17.253,,12.755,,8.698,,,,,,,,0000,0,nnnn,-653,1659,358,1703,BUUU,,2M
J025957.76+002516.2,44.9906946,0.4211889,Im,17.871,0.198,17.255,,12.225,,8.837,,,,,,,,0000,0,nnnn,-251,1820,-1131,1915,BUUU,,2M
J025958.09+002525.0,44.9920489,0.4236217,Im,17.243,0.119,17.245,0.476,12.056,,8.717,,,,,,,,0000,0,nnnn,585,966,697,1017,BCUU,,2M
J025957.55+002537.0,44.9898106,0.4269603,Im,17.092,0.108,16.777,,12.707,,8.655,,,,,,,,0000,0,nnnn,-75,864,35,913,AUUU,,2M
J030001.88+002612.8,45.0078548,0.4368909,Im,17.811,0.189,17.434,,12.782,,8.466,,,,,,,,0000,0,nnnn,1433,1748,33,1788,BUUU,,2M
J030001.50+002619.9,45.0062697,0.4388648,Im,17.68,0.165,16.959,,12.653,,9.215,,,,,,,,0000,0,nnnn,-1316,1406,-3170,1484,BUUU,,2M
J030000.46+002639.0,45.0019414,0.4441827,Im,16.588,0.078,17.198,0.462,12.571,,9.086,,,,,,,,0000,0,1nnn,-99,577,316,612,ACUU,,2M
J030020.62+002245.3,45.0859311,0.3792538,Im,16.644,0.076,15.704,0.115,12.648,,8.78,,,,,,,,0000,0,nnnn,265,473,353,498,ABUU,,2M
J030021.47+002244.8,45.0894777,0.3791289,Im,16.87,0.087,16.917,0.33,11.948,,8.988,,,,,,,,0000,0,nnnn,-674,654,-244,691,ABUU,,2M
J030020.47+002301.4,45.085319,0.3837223,Im,15.737,0.042,15.764,0.126,12.242,,9.223,,,,,,,,0000,0,0nnn,290,237,160,246,ABUU,,2M
J030021.03+002322.6,45.0876327,0.389627,Im,17.482,0.144,17.359,0.484,12.7,,8.911,,,,,,,,0000,0,nnnn,-227,1176,-378,1250,BCUU,,2M
J030023.78+002320.8,45.0990888,0.3891184,Im,16.674,0.073,16.594,0.23,11.845,,9.057,,,,,,,,d000,0,0nnn,-382,538,607,570,ABUU,,2M
J030024.68+002332.3,45.1028513,0.3923075,Im,17.728,0.171,17.361,,12.171,,8.85,,,,,,,,0000,0,nnnn,-584,1648,734,1738,BUUU,,2M
J030018.37+002311.0,45.0765651,0.3863929,Im,17.732,0.184,16.737,,12.346,,9.151,,,,,,,,0000,0,nnnn,-143,1644,-83,1725,BUUU,,2M
J030019.64+002318.3,45.0818733,0.3884168,Im,16.29,0.06,16.164,0.171,12.587,,9.153,,,,,,,,0000,0,0nnn,-170,382,-815,401,ABUU,,2M
J030019.67+002341.0,45.0819757,0.3947283,Im,17.861,0.212,17.425,,12.751,,8.943,,,,,,,,0000,0,nnnn,248,1845,1469,1942,BUUU,,2M
J030020.69+002339.9,45.0862147,0.3944223,Im,16.273,0.062,16.386,0.215,12.805,,9.144,,,,,,,,0000,0,0nnn,130,367,102,390,ABUU,,2M
J030020.21+002400.9,45.0842392,0.4002673,Im,17.486,0.151,16.643,,12.696,,9.008,,,,,,,,0000,0,nnnn,248,1322,-331,1407,BUUU,,2M
J030021.25+002407.5,45.0885831,0.4020983,Im,16.822,0.087,16.294,0.21,12.466,,8.949,,,,,,,,0000,0,nnnn,-428,609,836,650,ABUU,,2M
J030025.81+002346.6,45.1075492,0.3962862,Im,17.43,0.13,17.441,0.512,12.696,,9.086,,,,,,,,0000,0,nnnn,1007,1146,-725,1208,BCUU,,2M
J030026.56+002353.0,45.1107053,0.3980724,Im,17.183,0.106,17.011,0.346,12.691,,9.119,,,,,,,,0000,0,nnnn,-1260,885,1348,928,ABUU,,2M
J030027.35+002400.8,45.1139776,0.4002373,Im,17.097,0.1,17.169,,12.223,,9.106,,,,,,,,0000,0,nnnn,567,809,-1468,851,AUUU,,2M
J030026.05+002417.1,45.1085784,0.4047585,Im,17.695,0.177,17.018,,12.793,,8.606,,,,,,,,0000,0,nnnn,975,1567,-189,1632,BUUU,,2M
J030029.52+002422.9,45.1230038,0.4063883,Im,16.394,0.062,16.233,0.2,11.985,,8.597,,,,,,,,0000,0,0nnn,481,440,-322,466,ABUU,,2M
J030024.23+002419.9,45.1009802,0.4055421,Im,16.768,0.084,16.64,0.268,12.7,,8.633,,,,,,,,0000,0,nnnn,221,612,797,647,ABUU,,2M
J030025.62+002431.5,45.1067642,0.4087708,Im,17.604,0.155,17.229,0.451,12.765,,8.681,,,,,,,,0000,0,nnnn,637,1283,688,1350,BCUU,,2M
J030023.96+002436.8,45.0998641,0.4102266,Im,17.636,0.159,16.799,,12.676,,9.09,,,,,,,,0000,0,nnnn,-109,1477,14,1544,BUUU,,2M
J030022.65+002447.2,45.0943768,0.4131138,Im,17.963,0.218,17.055,0.37,12.622,,9.069,,,,,,,,0000,0,nnnn,146,1808,730,1928,BCUU,,2M
J030023.00+002456.0,45.0958548,0.4155686,Im,17.925,0.21,16.979,0.344,12.7,,8.552,,,,,,,,0000,0,nnnn,-396,1923,-1147,2015,BBUU,,2M
J030015.32+002349.4,45.0638533,0.397056,Im,16.878,0.092,16.11,0.174,12.694,0.519,9.002,,,,,,,,0000,0,nnnn,426,624,577,657,ABCU,,2M
J030017.39+002405.2,45.0724763,0.4014553,Im,15.446,0.039,15.292,0.088,12.743,,8.953,,,,,,,,0000,0,0nnn,16,188,-165,197,AAUU,,2M
J030015.78+002403.3,45.0657558,0.4009376,Im,17.56,0.152,16.937,,11.914,,8.34,,,,,,,,0000,0,nnnn,-187,1332,-48,1416,BUUU,,2M
J030015.11+002411.8,45.0629916,0.4032992,Im,16.999,0.094,16.983,0.342,12.075,,8.759,,,,,,,,0000,0,nnnn,-35,734,1020,769,ABUU,,2M
J030016.34+002425.6,45.0681049,0.4071372,Im,15.531,0.04,15.629,0.111,12.738,,9.239,,,,,,,,0000,0,0nnn,-151,196,388,206,ABUU,,2M
J030018.62+002431.5,45.0776004,0.408763,Im,17.53,0.156,16.929,0.346,12.619,,8.713,,,,,,,,0000,0,nnnn,-371,1347,1838,1435,BBUU,,2M
J030019.71+002430.3,45.082134,0.408438,Im,17.548,0.143,16.762,,12.769,,9.004,,,,,,,,0000,0,nnnn,866,1252,638,1305,BUUU,,2M
J030019.47+002444.5,45.0811543,0.4123863,Im,16.787,0.079,16.335,0.189,12.268,,8.961,,,,,,,,0000,0,nnnn,304,568,-393,595,ABUU,,2M
J030016.93+002450.6,45.0705487,0.4140775,Im,17.782,0.192,17.076,,12.746,,8.481,,,,,,,,0000,0,nnnn,-689,1568,283,1616,BUUU,,2M
J030013.08+002424.7,45.0545326,0.4068849,Im,17.468,0.145,16.872,0.308,12.115,,8.866,,,,,,,,0000,0,nnnn,-450,1244,-130,1307,BBUU,,2M
J030014.42+002440.6,45.0601082,0.4113052,Im,17.43,0.14,17.051,,12.736,,9.209,,,,,,,,0000,0,nnnn,430,1189,-467,1231,BUUU,,2M
J030011.35+002431.5,45.0473282,0.40877,Im,16.214,0.059,16.163,0.184,12.517,,8.501,,,,,,,,0000,0,0nnn,185,373,54,396,ABUU,,2M
J030011.82+002445.6,45.0492578,0.4126883,Im,14.81,0.03,14.833,0.063,12.177,,9.063,,15.636,0.075,15.026,0.071,14.861,0.128,0000,0,00nn,114,112,-78,118,AAUU,0.242,2M
J030012.92+002454.2,45.0538535,0.4150815,Im,17.269,0.121,16.904,,12.69,,9.183,,,,,,,,0000,0,nnnn,892,955,-902,992,BUUU,,2M
J030013.72+002503.3,45.0571896,0.4175909,Im,15.426,0.039,15.441,0.099,11.803,0.241,8.478,,,,,,,,0000,0,nnnn,85,168,489,175,AABU,,2M
J030013.70+002514.1,45.0571094,0.4205987,Im,14.206,0.026,14.115,0.04,12.131,,9.089,,15.208,0.053,14.577,0.056,14.303,0.077,0000,0,11nn,21,71,-108,73,AAUU,0.156,2M
J030015.47+002520.4,45.0644927,0.42235,Im,17.288,0.128,16.748,,12.64,,8.818,,,,,,,,0000,0,nnnn,1645,932,132,976,BUUU,,2M
J030022.20+002455.0,45.0925297,0.415305,Im,16.581,0.071,16.067,0.157,12.577,,9.026,,,,,,,,0000,0,0nnn,600,466,-609,484,ABUU,,2M
J030020.25+002507.5,45.0843863,0.4187705,Im,17.601,0.152,17.408,,12.787,,9.226,,,,,,,,0000,0,nnnn,-1175,1342,-1228,1376,BUUU,,2M
J030020.29+002517.2,45.0845493,0.4214513,Im,17.589,0.154,16.853,,12.778,,9.162,,,,,,,,0000,0,nnnn,-1092,1297,930,1367,BUUU,,2M
J030021.29+002530.3,45.0887088,0.4250989,Im,16.894,0.092,16.731,,12.173,,8.632,,,,,,,,0000,0,nnnn,56,690,-61,712,AUUU,,2M
J030023.75+002512.4,45.0989805,0.420137,Im,16.019,0.049,15.86,0.136,12.086,,9.101,,,,,,,,0000,0,0nnn,99,288,50,301,ABUU,,2M
J030024.60+002544.7,45.1025115,0.4290887,Im,13.58,0.025,13.549,0.032,12.028,,9.183,,14.491,0.031,13.876,0.036,13.758,0.056,0000,0,00nn,10,50,-26,51,AAUU,0.232,2M
J030023.58+002548.4,45.0982515,0.4301285,Im,17.758,0.182,16.873,0.359,12.148,,8.843,,,,,,,,0000,0,nnnn,-29,1465,-1213,1537,BCUU,,2M
J030018.73+002530.9,45.0780715,0.4252647,Im,16.405,0.063,16.186,0.179,12.544,,9.128,,,,,,,,0000,0,0nnn,433,405,243,425,ABUU,,2M
J030019.30+002546.6,45.0804327,0.4296381,Im,16.535,0.068,16.703,0.278,12.158,,8.922,,,,,,,,0000,0,0nnn,-124,472,307,495,ABUU,,2M
J030017.27+002556.7,45.0719715,0.4324284,Im,16.776,0.079,16.123,0.164,12.149,,9.352,,,,,,,,0000,0,nnnn,2131,549,2453,579,ABUU,,2M
J030018.48+002610.0,45.0770057,0.4361285,Im,17.644,0.158,16.67,0.253,12.534,,8.986,,,,,,,,0000,0,nnnn,643,1242,428,1318,BBUU,,2M
J030021.48+002552.7,45.0895008,0.4313185,Im,16.968,0.098,16.772,0.298,12.703,,8.792,,,,,,,,0000,0,nnnn,-571,724,-334,758,ABUU,,2M
J030019.09+002622.5,45.0795505,0.4395922,Im,16.041,0.05,14.762,0.057,11.609,0.192,8.803,,,,,,,,0000,0,01nn,213,246,-357,263,AABU,,2M
J030020.77+002623.7,45.0865585,0.4399407,Im,17.89,0.192,16.748,,11.969,,9.1,,,,,,,,0000,0,nnnn,226,1863,-1917,1971,BUUU,,2M
J030032.29+002515.7,45.1345785,0.4210504,Im,17.324,0.136,16.51,0.237,12.185,,9.066,,,,,,,,0000,0,nnnn,1612,1012,391,1082,BBUU,,2M
J030030.06+002513.8,45.1252645,0.4205001,Im,15.401,0.037,15.199,0.083,12.731,,9.077,,16.366,0.114,15.931,0.175,15.58,0.231,0000,0,01nn,109,167,-85,176,AAUU,0.465,2M
J030032.87+002527.1,45.1369723,0.4242015,Im,17.517,0.153,16.833,0.321,12.803,,9.165,,,,,,,,0000,0,nnnn,528,1219,444,1299,BBUU,,2M
J030034.69+002600.0,45.1445589,0.4333572,Im,17.619,0.161,17.259,0.441,12.506,,8.741,,,,,,,,0000,0,nnnn,700,1250,-537,1336,BCUU,,2M
J030028.76+002531.1,45.119835,0.4253149,Im,16.353,0.06,16.682,0.275,12.53,,9.035,,,,,,,,0000,0,0nnn,269,409,-141,436,ABUU,,2M
J030037.55+002608.6,45.1564968,0.4357369,Im,17.757,0.178,17.275,,12.373,,8.931,,,,,,,,0000,0,nnnn,-28,1538,827,1636,BUUU,,2M
J030038.14+002613.1,45.1589251,0.4369827,Im,17.892,0.201,17.433,,12.242,,9.055,,,,,,,,0000,0,nnnn,-3093,1548,-922,1646,BUUU,,2M
J030037.60+002636.8,45.1566828,0.443559,Im,17.334,0.127,17.097,,12.337,0.415,8.974,,,,,,,,0000,0,nnnn,3,1030,-1269,1088,BUCU,,2M
J030035.99+002635.7,45.1499739,0.4432758,Im,10.966,0.023,10.986,0.021,11.156,0.136,8.419,,11.357,0.023,11.084,0.025,11.029,0.025,0000,0,11nn,16,27,53,27,AABU,0.17,2M
J030039.58+002626.4,45.1649327,0.440681,Im,16.294,0.057,15.381,0.09,12.139,,9.097,,,,,,,,0000,0,1nnn,76,326,80,344,AAUU,,2M
J030039.98+002642.8,45.1665922,0.4452448,Im,17.066,0.096,16.854,0.314,12.613,,9.051,,,,,,,,0000,0,nnnn,-26,816,-78,862,ABUU,,2M
J030041.44+002657.1,45.1726828,0.4492046,Im,16.323,0.066,16.178,0.174,12.532,0.481,8.555,,,,,,,,0000,0,1nnn,-343,408,-673,422,ABCU,,2M
J030038.57+002658.6,45.1607323,0.4496137,Im,16.75,0.082,16.425,0.227,12.541,,8.972,,,,,,,,0000,0,nnnn,-446,560,1049,597,ABUU,,2M
J030039.95+002708.1,45.1664629,0.4522731,Im,17.969,0.212,17.24,,12.491,,8.912,,,,,,,,0000,0,nnnn,-15,1880,-2676,1981,BUUU,,2M
J030039.27+002711.1,45.1636626,0.4530896,Im,17.804,0.186,17.061,,12.318,,8.967,,,,,,,,0000,0,nnnn,1272,1645,971,1706,BUUU,,2M
J030033.87+002626.0,45.1411552,0.4405609,Im,17.026,0.104,16.408,0.209,12.286,,8.973,,,,,,,,0000,0,nnnn,-700,755,-442,787,ABUU,,2M
J030034.56+002637.4,45.1440274,0.4437473,Im,16.224,0.058,15.871,0.127,12.68,,8.657,,,,,,,,h000,0,0nnn,28,353,-2,367,ABUU,,2M
J030035.14+002700.7,45.1464202,0.4501995,Im,17.838,0.2,17.329,,12.606,,8.81,0.449,,,,,,,0000,0,nnnn,-1345,1845,-134,1968,BUUC,,2M
J030033.31+002710.9,45.1388113,0.4530354,Im,17.649,0.172,17.356,0.497,12.457,,8.835,,,,,,,,0000,0,nnnn,-331,1480,1310,1554,BCUU,,2M
J030034.47+002714.8,45.1436255,0.4541283,Im,15.419,0.036,15.308,0.082,12.594,,8.463,,16.346,0.121,15.547,0.114,15.274,0.171,0000,0,00nn,-38,174,217,185,AAUU,0.449,2M
J030037.61+002709.5,45.1567371,0.4526409,Im,16.784,0.085,16.519,0.24,12.65,,8.96,,,,,,,,0000,0,nnnn,754,611,458,642,ABUU,,2M
J030035.72+002712.7,45.1488743,0.4535434,Im,17.887,0.204,17.477,,11.955,,9.203,,,,,,,,0000,0,nnnn,1112,1784,-551,1888,BUUU,,2M
J030036.67+002750.7,45.152795,0.4640903,Im,17.54,0.153,17.105,0.388,12.497,,8.892,,,,,,,,0000,0,nnnn,844,1261,3242,1354,BCUU,,2M
J030025.87+002551.1,45.1077927,0.430881,Im,17.802,0.187,16.706,,12.317,,8.412,,,,,,,,0000,0,nnnn,-209,1862,220,1969,BUUU,,2M
J030027.17+002604.1,45.1132379,0.4344813,Im,17.223,0.112,16.691,,12.033,,9.02,,,,,,,,0000,0,nnnn,-816,975,-1473,1021,BUUU,,2M
J030028.88+002618.1,45.1203635,0.4383636,Im,17.106,0.109,16.917,0.326,12.541,,8.617,,,,,,,,0000,0,nnnn,-536,825,-220,856,ABUU,,2M
J030028.09+002625.6,45.1170506,0.4404583,Im,16.669,0.075,16.19,0.171,12.643,0.478,8.759,,,,,,,,0000,0,0nnn,1,550,745,578,ABCU,,2M
J030025.76+002610.7,45.1073545,0.4363125,Im,17.491,0.145,16.699,,12.727,,8.507,,,,,,,,0000,0,nnnn,-208,1192,942,1241,BUUU,,2M
J030024.97+002618.2,45.1040533,0.4384164,Im,16.76,0.082,16.607,0.277,12.021,,8.885,,,,,,,,0000,0,nnnn,224,586,412,613,ABUU,,2M
J030025.90+002628.0,45.1079311,0.4411162,Im,17.465,0.145,17.278,,12.688,,8.573,,,,,,,,0000,0,nnnn,229,1309,199,1379,BUUU,,2M
J030026.70+002642.5,45.1112589,0.445159,Im,16.597,0.073,16.363,0.217,12.249,,8.825,,,,,,,,0000,0,0nnn,-290,502,160,527,ABUU,,2M
J030028.81+002706.8,45.1200823,0.4519067,Im,17.264,0.119,16.611,0.253,12.669,,8.625,,,,,,,,0000,0,nnnn,840,919,2112,960,BBUU,,2M
J030023.77+002631.2,45.0990683,0.4420252,Im,15.879,0.045,15.879,0.126,12.219,,9.167,,16.961,0.216,16.358,0.241,15.724,0.28,0000,0,0nnn,7,260,-303,271,ABUU,0.697,2M
J030024.34+002651.3,45.1014514,0.4476067,Im,17.156,0.113,17.111,,12.828,,8.764,,,,,,,,0000,0,nnnn,-1047,892,-36,934,BUUU,,2M
J030021.92+002641.1,45.091345,0.4447527,Im,17.421,0.135,17.08,0.387,12.053,,9.211,,,,,,,,0000,0,nnnn,-809,1095,3522,1151,BCUU,,2M
J030024.16+002717.0,45.1007017,0.4547487,Im,16.955,0.098,17.017,,12.192,,8.631,,,,,,,,0000,0,nnnn,-380,758,437,797,AUUU,,2M
J030025.17+002713.0,45.1049137,0.453625,Im,17.559,0.153,17.397,,12.764,,9.018,,,,,,,,0000,0,nnnn,-164,1360,2124,1446,BUUU,,2M
J030025.02+002737.4,45.1042784,0.4603947,Im,16.494,0.064,17.126,0.421,12.807,,8.863,,,,,,,,0000,0,0nnn,-302,465,29,483,ACUU,,2M
J030025.89+002750.5,45.1078953,0.4640397,Im,17.594,0.156,17.256,,12.237,,8.994,,,,,,,,0000,0,nnnn,-1000,1462,200,1542,BUUU,,2M
J030032.25+002748.3,45.1343886,0.4634231,Im,16.302,0.059,15.934,0.143,12.646,,9.036,,,,,,,,0000,0,0nnn,42,364,300,378,ABUU,,2M
J030033.60+002739.5,45.140029,0.4609937,Im,15.497,0.038,15.354,0.086,12.181,,8.613,,,,,,,,0000,0,1nnn,-6,192,27,200,AAUU,,2M
J030034.24+002817.8,45.1426884,0.4716266,Im,16.212,0.056,16.01,0.149,11.458,0.181,8.407,,,,,,,,0000,0,0nnn,369,356,289,377,ABBU,,2M
J030029.08+002744.4,45.1212012,0.4623339,Im,11.742,0.023,11.788,0.021,11.966,0.301,9.021,,12.591,0.023,11.962,0.025,11.805,0.023,0000,0,00nn,48,30,-28,30,AABU,0.474,2M
J030028.43+002812.5,45.1184886,0.4701615,Im,13.759,0.025,13.682,0.032,12.477,,9.014,,14.835,0.038,14.145,0.042,13.964,0.061,0000,0,00nn,68,54,-47,55,AAUU,0.073,2M
J030032.08+002815.8,45.1336751,0.4710774,Im,17.466,0.145,16.492,0.224,12.667,,8.675,,,,,,,,0000,0,nnnn,-772,1076,207,1141,BBUU,,2M
J030029.48+002836.0,45.1228491,0.4766859,Im,17.891,0.203,17.386,0.492,12.711,,8.99,,,,,,,,0000,0,nnnn,-61,1957,-575,2030,BCUU,,2M
J030031.80+002837.7,45.1325322,0.4771621,Im,17.126,0.102,17.38,0.517,12.718,,9.305,,,,,,,,0000,0,nnnn,-576,906,592,951,ACUU,,2M
J030032.34+002854.7,45.1347507,0.4818768,Im,15.737,0.043,15.814,0.131,12.641,,9.199,,16.243,0.104,15.871,0.167,15.821,,0000,0,0nnn,284,232,-106,244,ABUU,0.262,2M
J030010.76+002455.1,45.0448699,0.4153179,Im,17.19,0.123,17.324,0.503,12.383,,9.186,,,,,,,,0000,0,nnnn,248,944,760,981,BCUU,,2M
J030012.70+002511.7,45.0529583,0.4199389,Im,13.887,0.026,13.869,0.035,12.367,,9.233,,14.91,0.04,14.161,0.037,14.056,0.071,0000,0,00nn,28,58,0,60,AAUU,0.053,2M
J030011.34+002518.1,45.0472575,0.4217173,Im,17.183,0.116,17.363,,12.158,,9.143,,,,,,,,0000,0,nnnn,-1412,962,-2,1000,BUUU,,2M
J030010.14+002526.7,45.0422579,0.4240935,Im,17.565,0.165,17.348,,12.55,,8.819,,,,,,,,0000,0,nnnn,-531,1392,148,1445,BUUU,,2M
J030006.76+002527.4,45.0281672,0.4242948,Im,17.324,0.133,17.113,0.404,12.442,,9.015,,,,,,,,0000,0,nnnn,301,1019,137,1058,BCUU,,2M
J030007.21+002538.4,45.0300744,0.4273355,Im,17.846,0.202,16.81,,12.269,,8.707,,,,,,,,0000,0,nnnn,424,1645,898,1731,BUUU,,2M
J030008.32+002607.4,45.0346729,0.4353982,Im,17.497,0.149,17.156,0.42,12.613,,8.469,,,,,,,,0000,0,nnnn,2477,1137,-2498,1176,BCUU,,2M
J030010.16+002551.5,45.0423532,0.4309795,Im,17.34,0.136,16.764,,12.07,,9.048,,,,,,,,0000,0,nnnn,16,1094,303,1180,BUUU,,2M
J030012.02+002613.2,45.0501035,0.4370081,Im,15.29,0.036,15.1,0.071,12.163,,9.092,,,,,,,,0000,0,00nn,152,160,-196,167,AAUU,,2M
J030012.91+002616.8,45.0538273,0.4380105,Im,17.352,0.133,17.426,0.502,12.446,,9.059,,,,,,,,0000,0,nnnn,-496,1099,-662,1117,BCUU,,2M
J030009.40+002622.3,45.0392003,0.4395462,Im,17.887,0.215,17.223,0.484,12.526,,9.038,,,,,,,,0000,0,nnnn,-70,1856,352,1942,BCUU,,2M
J030009.93+002629.2,45.0413918,0.4414464,Im,17.332,0.132,16.99,0.366,12.124,,8.639,,,,,,,,0000,0,nnnn,-191,1116,1198,1172,BCUU,,2M
J030018.10+002621.2,45.07543,0.43924,Im,17.793,0.187,16.683,,12.628,,9.167,,,,,,,,0000,0,nnnn,-302,1750,-1032,1844,BUUU,,2M
J030017.18+002623.7,45.0715859,0.4399354,Im,17.75,0.178,17.339,,12.465,,9.138,,,,,,,,0000,0,nnnn,-161,1574,-527,1642,BUUU,,2M
J030015.48+002633.6,45.064526,0.4426865,Im,17.657,0.168,17.485,0.536,12.437,,9.189,,,,,,,,0000,0,nnnn,-2246,1395,-3012,1447,BCUU,,2M
J030020.52+002646.2,45.085535,0.4461797,Im,15.382,0.036,15.294,0.083,12.817,,8.475,,15.79,0.091,15.311,0.098,15.86,,0000,0,0nnn,130,167,102,171,AAUU,0.234,2M
J030019.61+002653.3,45.0817335,0.4481533,Im,17.243,0.116,16.45,0.218,12.236,,8.484,,,,,,,,0000,0,nnnn,2149,910,-1310,948,BBUU,,2M
J030012.64+002631.8,45.0526752,0.4421756,Im,17.682,0.171,17.043,0.413,12.759,,9.068,,,,,,,,0000,0,nnnn,467,1440,-167,1531,BCUU,,2M
J030014.83+002654.3,45.0617929,0.4484319,Im,16.577,0.072,16.594,0.264,12.699,,9.055,,,,,,,,0000,0,0nnn,647,501,946,524,ABUU,,2M
J030014.22+002648.3,45.0592901,0.4467741,Im,16.31,0.058,16.425,0.222,12.703,,9.221,,,,,,,,0000,0,0nnn,432,384,-182,403,ABUU,,2M
J030011.75+002651.1,45.0489981,0.4475506,Im,15.245,0.035,14.944,0.066,12.452,,9.197,,16.405,0.126,15.892,0.152,14.83,,0000,0,00nn,-759,153,-318,156,AAUU,1.702,2M
J030014.89+002724.4,45.0620708,0.4567814,Im,17.579,0.155,17.221,,12.749,,9.195,,,,,,,,0000,0,nnnn,-1049,1365,2041,1396,BUUU,,2M
J030016.00+002728.6,45.0667009,0.4579531,Im,16.707,0.08,16.938,0.349,12.716,,9.273,,,,,,,,0000,0,nnnn,43,589,328,608,ABUU,,2M
J030016.63+002740.6,45.0693105,0.4612909,Im,17.481,0.149,17.114,0.383,12.692,,9.111,,,,,,,,0000,0,nnnn,-225,1215,-279,1274,BCUU,,2M
J030015.11+002746.6,45.0629733,0.4629708,Im,16.077,0.052,16.087,0.164,12.372,,8.888,,,,,,,,0000,0,0nnn,-175,314,281,325,ABUU,,2M
J030006.99+002612.6,45.0291274,0.4368525,Im,16.92,0.099,16.582,0.268,12.225,,9.05,,,,,,,,0000,0,nnnn,-1077,731,236,756,ABUU,,2M
J030006.25+002610.5,45.0260452,0.4362503,Im,15.489,0.039,15.353,0.091,12.705,,9.058,,,,,,,,0000,0,1nnn,-118,190,218,198,AAUU,,2M
J030008.05+002621.3,45.0335765,0.4392557,Im,17.013,0.099,17.288,0.474,12.738,,9.057,,,,,,,,0000,0,nnnn,-44,840,716,876,ACUU,,2M
J030008.19+002643.9,45.0341572,0.4455498,Im,17.374,0.133,17.252,0.487,12.407,,9.153,,,,,,,,0000,0,nnnn,968,1113,-217,1157,BCUU,,2M
J030009.18+002637.8,45.0382895,0.4438364,Im,16.716,0.079,16.398,0.215,12.191,,9.228,,,,,,,,0000,0,1nnn,-330,605,29,631,ABUU,,2M
J030008.16+002658.7,45.0340233,0.4496571,Im,16.031,0.049,15.948,0.148,12.752,,9.276,,16.9,0.193,16.113,0.198,15.843,0.301,0000,0,0nnn,252,314,-215,327,ABUU,0.564,2M
J030003.14+002629.5,45.0131195,0.4415481,Im,16.209,0.055,16.666,0.286,12.612,,9.057,,16.382,0.122,16.329,0.24,15.869,,0000,0,0nnn,-192,355,-158,372,ABUU,0.725,2M
J030001.49+002634.7,45.0062454,0.4429861,Im,17.152,0.116,16.778,,12.551,,8.779,,,,,,,,0000,0,nnnn,-521,959,-909,994,BUUU,,2M
J030004.71+002651.8,45.0196452,0.4477462,Im,15.671,0.041,15.716,0.123,12.625,,9.002,,16.591,0.158,15.809,0.148,15.654,,0000,0,0nnn,-136,219,-137,231,ABUU,0.188,2M
J030000.73+002647.7,45.0030475,0.4466041,Im,16.295,0.161,16.09,0.277,12.226,,8.739,,,,,,,,0000,0,nnnn,1343,594,150,683,BBUU,,2M
J030000.39+002651.2,45.0016574,0.4475646,Im,12.388,0.023,12.432,0.025,12.403,0.419,8.898,,12.877,0.025,12.49,0.025,12.488,0.023,0000,0,00nn,35,34,-133,34,AACU,0.302,2M
J030002.28+002708.9,45.0095326,0.4524838,Im,17.194,0.12,17.055,0.405,12.719,0.501,9.156,,,,,,,,0000,0,nnnn,-444,850,-1589,896,BCCU,,2M
J030003.59+002719.4,45.0149916,0.4554082,Im,16.697,0.079,16.632,0.264,12.834,,8.783,,,,,,,,0000,0,0nnn,26,568,8,603,ABUU,,2M
J030010.43+002654.7,45.0434988,0.4485506,Im,15.456,0.037,15.038,0.076,11.13,0.118,8.71,,,,,,,,0000,0,01nn,-364,183,127,188,AABU,,2M
J030009.95+002708.4,45.0414894,0.4523514,Im,17.587,0.157,16.748,0.293,12.331,0.369,9.192,,,,,,,,0000,0,nnnn,2436,1221,1826,1285,BBCU,,2M
J030010.73+002711.2,45.0447372,0.453121,Im,15.804,0.045,15.812,0.131,12.395,,9.259,,,,,,,,0000,0,0nnn,-277,250,-269,258,ABUU,,2M
J030011.55+002729.9,45.0481273,0.4583176,Im,13.798,0.025,13.631,0.033,12.433,,9.193,,14.815,0.038,14.218,0.04,13.901,0.052,0000,0,00nn,82,55,7,57,AAUU,0.46,2M
J030009.16+002733.0,45.0381716,0.459185,Im,17.357,0.142,17.138,0.469,12.272,,8.792,,,,,,,,0000,0,nnnn,-1323,1151,388,1204,BCUU,,2M
J030011.28+002743.4,45.0470132,0.4620615,Im,16.159,0.054,16.073,0.164,12.262,,8.58,,,,,,,,0000,0,0nnn,25,350,523,368,ABUU,,2M
J030009.82+002739.5,45.0409342,0.4609727,Im,16.461,0.067,16.129,0.17,12.187,,8.742,,,,,,,,0000,0,0nnn,-386,457,265,483,ABUU,,2M
J030010.58+002750.2,45.0441151,0.4639447,Im,15.842,0.046,15.775,0.126,12.648,,8.942,,,,,,,,0000,0,0nnn,431,262,-387,270,ABUU,,2M
J030013.35+002732.6,45.0556525,0.4590596,Im,17.207,0.124,16.871,0.331,12.614,,8.974,,,,,,,,0000,0,nnnn,983,920,1218,956,BBUU,,2M
J030008.52+002750.1,45.0355101,0.4639418,Im,17.717,0.184,16.825,,12.733,,8.719,,,,,,,,0000,0,nnnn,-3118,1594,-225,1638,BUUU,,2M
J030010.51+002807.0,45.04382,0.4686325,Im,17.153,0.112,16.831,0.317,12.767,,9.046,,,,,,,,0000,0,nnnn,-615,886,632,929,BBUU,,2M
J030009.07+002828.9,45.0378019,0.4747157,Im,16.895,0.092,15.502,0.101,11.571,0.183,8.751,0.347,,,,,,,0000,0,nnnn,180,537,-69,574,AABB,,2M
J030009.48+002843.0,45.0395406,0.4786251,Im,16.203,0.055,15.169,0.081,12.549,0.471,8.71,,,,,,,,0000,0,00nn,112,329,-840,337,AACU,,2M
J030011.13+002840.1,45.0464153,0.477821,Im,16.546,0.071,16.133,0.178,12.331,,9.211,,,,,,,,0000,0,0nnn,79,488,-24,516,ABUU,,2M
J030021.87+002708.2,45.091143,0.4522853,Im,17.953,0.216,17.134,,12.753,0.542,9.132,,,,,,,,0000,0,nnnn,-572,1982,-433,2070,BUCU,,2M
J030021.71+002723.9,45.0904813,0.4566605,Im,17.771,0.191,16.785,,12.483,,9.171,0.529,,,,,,,0000,0,nnnn,469,1733,542,1793,BUUC,,2M
J030019.63+002720.6,45.0818064,0.4557236,Im,17.146,0.109,17.251,0.431,12.559,,8.904,,,,,,,,0000,0,nnnn,537,848,-2084,893,ACUU,,2M
J030020.91+002738.7,45.0871288,0.4607524,Im,17.85,0.187,17.507,,12.493,,8.907,,,,,,,,0000,0,nnnn,-1019,1630,4004,1756,BUUU,,2M
J030023.34+002752.7,45.0972592,0.4646449,Im,17.288,0.12,17.402,,12.021,,8.275,,,,,,,,0000,0,nnnn,-42,1007,716,1083,BUUU,,2M
J030021.67+002754.8,45.0903093,0.4652485,Im,17.145,0.113,16.718,0.284,12.712,,9.124,,,,,,,,d000,0,nnnn,-1750,870,1703,892,BBUU,,2M
J030017.75+002806.3,45.0739915,0.4684389,Im,17.414,0.142,16.86,,12.657,,8.726,,,,,,,,0000,0,nnnn,323,1216,791,1278,BUUU,,2M
J030021.59+002812.1,45.0899904,0.4700435,Im,15.742,0.042,15.028,0.067,12.429,0.437,9.201,,,,,,,,dd00,0,00nn,-151,215,509,228,AACU,,2M
J030022.79+002836.5,45.0949614,0.4768259,Im,10.026,0.022,10.057,0.02,10.084,0.061,8.437,,9.94,0.022,9.988,0.024,10.001,0.022,0000,0,000n,11,26,25,26,AAAU,0.174,2M
J030020.57+002837.3,45.08574,0.47705,Im,17.648,0.173,17.352,,12.244,,9.206,,,,,,,,0h00,0,nnnn,-154,1464,-293,1534,BUUU,,2M
J030026.93+002820.8,45.1122447,0.4724554,Im,17.2,0.108,17.037,0.379,12.521,,9.035,,,,,,,,0000,0,nnnn,506,957,-425,995,ACUU,,2M
J030025.15+002815.1,45.1047949,0.4708796,Im,17.023,0.1,16.889,0.347,12.223,,8.599,,,,,,,,d000,0,nnnn,-29,805,163,828,ABUU,,2M
J030025.84+002852.0,45.1076835,0.4811313,Im,14.356,0.027,14.269,0.043,12.182,,8.705,,15.308,0.05,14.7,0.056,14.442,0.086,0000,0,00nn,64,81,90,84,AAUU,0.099,2M
J030031.27+002907.6,45.1303158,0.4854719,Im,17.761,0.183,16.672,0.268,12.381,,8.936,,,,,,,,0000,0,nnnn,-1250,1405,3451,1506,BBUU,,2M
J030028.51+002907.4,45.1188123,0.4853974,Im,16.192,0.056,15.647,0.114,12.418,0.41,8.696,0.363,,,,,,,0000,0,0nnn,83,346,-2,369,ABCC,,2M
J030028.43+002927.0,45.1184884,0.4908609,Im,16.683,0.077,16.873,0.339,12.006,,8.982,,,,,,,,0000,0,nnnn,-605,616,-28,638,ABUU,,2M
J030025.28+002945.0,45.1053392,0.4958532,Im,17.852,0.199,17.121,0.411,12.651,,8.469,,,,,,,,0000,0,nnnn,-1695,1930,-1083,1961,BCUU,,2M
J030015.88+002820.9,45.0661809,0.4724988,Im,15.759,0.044,15.687,0.115,12.234,0.301,9.023,,,,,,,,0000,0,0nnn,80,261,-22,269,ABBU,,2M
J030015.15+002833.2,45.0631284,0.4758895,Im,16.879,0.089,16.121,0.165,12.614,0.475,8.885,,,,,,,,0000,0,nnnn,-1384,641,918,683,ABCU,,2M
J030020.03+002901.4,45.0834585,0.483744,Im,17.253,0.129,16.73,0.281,12.045,,8.814,,,,,,,,d000,0,nnnn,137,1053,675,1108,BBUU,,2M
J030019.32+002915.8,45.0805254,0.4877349,Im,16.363,0.058,15.797,0.127,12.382,,8.615,,,,,,,,0000,0,0nnn,139,406,-134,429,ABUU,,2M
J030017.97+002906.6,45.0748858,0.4851909,Im,15.907,0.048,15.521,0.104,11.871,0.272,8.57,,,,,,,,0000,0,0nnn,271,278,-596,292,AABU,,2M
J030018.21+002931.0,45.0758983,0.4919512,Im,17.299,0.13,16.533,0.253,12.57,0.474,8.946,0.454,,,,,,,0000,0,nnnn,392,969,-387,1028,BBCC,,2M
J030012.33+002848.9,45.0513837,0.4802503,Im,16.172,0.056,15.87,0.146,12.669,,9.175,,,,,,,,0000,0,0nnn,274,372,-24,384,ABUU,,2M
J030015.54+002907.1,45.0647703,0.4853267,Im,15.995,0.052,16.182,0.176,12.718,,9.113,,16.468,0.141,15.916,0.165,15.504,,0000,0,1nnn,98,303,-50,317,ABUU,0.263,2M
J030011.57+002905.1,45.0482453,0.4847552,Im,17.729,0.184,17.152,0.431,12.72,,8.904,,,,,,,,0000,0,nnnn,2330,1724,999,1784,BCUU,,2M
J030013.18+002908.1,45.0549357,0.4855932,Im,16.803,0.088,17.04,0.402,12.801,,9.002,,,,,,,,0000,0,0nnn,137,657,390,680,ACUU,,2M
J030013.28+002922.2,45.0553709,0.489513,Im,16.594,0.074,15.872,0.141,12.732,,8.987,,,,,,,,0000,0,0nnn,-678,519,-442,549,ABUU,,2M
J030016.38+002937.4,45.068283,0.4937349,Im,16.909,0.091,16.309,0.198,12.341,,8.997,,,,,,,,0000,0,nnnn,285,695,217,734,ABUU,,2M
J030021.13+002917.2,45.0880682,0.4881277,Im,17.52,0.15,17.411,,12.115,,8.445,,,,,,,,0000,0,nnnn,-518,1279,533,1337,BUUU,,2M
J030021.16+002929.3,45.0881931,0.4914781,Im,17.264,0.116,17.162,,12.698,,8.926,,,,,,,,0000,0,nnnn,-806,1033,3159,1076,BUUU,,2M
J030021.87+002937.9,45.0911429,0.4938684,Im,16.488,0.068,16.645,0.272,12.357,,8.355,,,,,,,,0000,0,0nnn,-93,513,-59,543,ABUU,,2M
J030019.56+002928.9,45.0815331,0.4913724,Im,15.974,0.047,15.794,0.131,12.432,0.397,8.577,,,,,,,,0000,0,0nnn,184,298,59,305,ABCU,,2M
J030019.29+002941.2,45.0804132,0.4947945,Im,17.797,0.189,17.273,,12.303,,8.707,,,,,,,,0000,0,nnnn,2218,1755,-271,1861,BUUU,,2M
J030020.93+002946.2,45.0872477,0.4961811,Im,15.853,0.045,15.57,0.115,12.264,,8.809,,,,,,,,0000,0,1nnn,5,274,-248,291,ABUU,,2M
J030021.75+002958.2,45.0906374,0.4995112,Im,16.888,0.095,16.688,,12.116,,9.173,,,,,,,,0000,0,nnnn,1077,740,-782,769,AUUU,,2M
J030020.47+003002.5,45.085302,0.5007028,Im,17.718,0.183,17.378,,12.632,,8.901,,,,,,,,0000,0,nnnn,2122,1701,-6679,1848,BUUU,,2M
J030023.55+002944.7,45.0981354,0.4957541,Im,16.393,0.063,16.188,0.183,12.594,,9.038,,,,,,,,0000,0,0nnn,188,440,-399,468,ABUU,,2M
J030024.29+002957.3,45.101241,0.4992588,Im,14.55,0.029,14.405,0.048,12.089,,9.053,,15.6,0.057,14.926,0.084,14.492,0.094,0000,0,00nn,122,96,-170,100,AAUU,0.285,2M
J030023.93+003011.9,45.0997472,0.5033281,Im,17.032,0.098,17.035,0.394,12.526,,8.758,,,,,,,,0000,0,nnnn,425,811,-1165,867,ACUU,,2M
J030018.96+002959.6,45.0790339,0.4999057,Im,17.443,0.14,16.786,,12.546,0.494,9.111,,,,,,,,0000,0,nnnn,260,1148,-986,1182,BUCU,,2M
J030017.64+002954.0,45.0735002,0.4983591,Im,15.548,0.039,15.63,0.119,12.646,,9.083,,16.57,0.16,16.051,0.185,15.664,0.231,0000,0,0nnn,-131,208,392,216,ABUU,0.581,2M
J025938.56+002236.5,44.9107016,0.3768314,Im,17.756,0.202,16.872,0.356,12.719,,8.929,,,,,,,,0000,0,nnnn,177,1634,1368,1760,BCUU,,2M
J025937.01+002253.3,44.9042462,0.3814936,Im,16.482,0.069,16.643,0.277,12.833,,8.982,,,,,,,,0000,0,0nnn,-360,498,-256,515,ABUU,,2M
J025942.64+002315.8,44.9276828,0.3877362,Im,17.402,0.142,16.632,,12.846,,8.909,,,,,,,,0000,0,nnnn,92,1137,201,1197,BUUU,,2M
J025941.12+002314.4,44.9213355,0.3873394,Im,16.248,0.059,16.252,0.191,11.981,,9.114,,,,,,,,0000,0,0nnn,-94,398,346,415,ABUU,,2M
J025943.18+002327.2,44.9299288,0.3909129,Im,17.519,0.157,16.71,0.298,12.738,,8.916,,,,,,,,0000,0,nnnn,-158,1247,-557,1316,BBUU,,2M
J025940.85+002327.9,44.9202375,0.3911049,Im,16.896,0.094,16.647,0.279,12.819,,8.431,,,,,,,,0000,0,nnnn,308,704,-491,739,ABUU,,2M
J025939.89+002338.6,44.9162199,0.3940601,Im,17.407,0.146,17.303,0.503,12.655,,9.282,,,,,,,,0000,0,nnnn,-289,1206,-438,1255,BCUU,,2M
J025941.02+002349.0,44.9209315,0.396964,Im,17.073,0.105,17.184,0.444,12.031,,8.96,,,,,,,,0000,0,nnnn,767,821,-831,850,ACUU,,2M
J025936.75+002349.3,44.9031285,0.3970351,Im,15.808,0.046,15.75,0.133,12.218,,8.896,,,,,,,,0000,0,0nnn,224,261,205,277,ABUU,,2M
J025940.28+002418.4,44.917834,0.4051377,Im,17.311,0.142,16.477,0.245,12.813,0.537,9.145,,,,,,,,0000,0,nnnn,298,1020,-529,1072,BBCU,,2M
J025937.63+002402.3,44.9068292,0.4006627,Im,17.658,0.175,17.077,,12.393,,9.114,,,,,,,,0000,0,nnnn,336,1592,963,1683,BUUU,,2M
J025938.44+002416.8,44.9101868,0.4046741,Im,16.084,0.051,16.264,0.196,12.746,,9.158,,16.662,0.157,16.459,,17.087,,0000,0,0nnn,174,319,214,331,ABUU,0.129,2M
J025944.56+002338.8,44.935672,0.3941153,Im,17.358,0.137,16.679,,12.786,,9.05,,,,,,,,0000,0,nnnn,1395,1067,-1767,1099,BUUU,,2M
J025945.75+002356.0,44.9406518,0.3989027,Im,15.842,0.047,15.494,0.102,12.423,0.397,8.949,0.412,,,,,,,0000,0,0nnn,119,268,-338,283,AACC,,2M
J025943.76+002359.7,44.9323617,0.3999186,Im,16.343,0.061,16.077,0.175,12.232,,8.887,,,,,,,,0000,0,0nnn,371,417,-107,433,ABUU,,2M
J025945.17+002446.8,44.9382285,0.41301,Im,17.185,0.118,17.031,0.394,12.819,,8.857,,,,,,,,0000,0,nnnn,-759,935,-1016,974,BCUU,,2M
J025941.75+002407.8,44.9239773,0.4021924,Im,16.218,0.057,15.752,0.123,12.056,0.286,9.044,,,,,,,,0000,0,1nnn,394,362,503,378,ABBU,,2M
J025942.55+002435.0,44.927312,0.4097226,Im,17.512,0.15,16.861,0.35,12.118,,8.864,,,,,,,,0000,0,nnnn,2378,1277,318,1351,BBUU,,2M
J025942.01+002437.7,44.9250524,0.4104749,Im,17.116,0.109,16.887,0.354,12.526,,8.87,,,,,,,,0000,0,nnnn,-243,905,-704,943,ABUU,,2M
J025940.46+002437.3,44.9186013,0.4103621,Im,16.458,0.067,16.494,0.253,12.561,,9.076,,,,,,,,0000,0,0nnn,-173,469,-85,492,ABUU,,2M
J025939.63+002430.6,44.9151613,0.4085077,Im,16.973,0.098,16.779,0.298,12.83,,9.109,,,,,,,,0000,0,nnnn,490,763,-561,776,ABUU,,2M
J025944.37+002439.7,44.9348843,0.4110474,Im,15.658,0.041,15.56,0.108,12.112,,9.186,,,,,,,,0000,0,0nnn,-34,215,-420,229,AAUU,,2M
J025943.32+002451.3,44.9305393,0.4142647,Im,16.72,0.079,16.219,0.178,12.324,,9.133,,,,,,,,0000,0,nnnn,-645,566,473,595,ABUU,,2M
J025945.11+002508.7,44.9379802,0.4191068,Im,15.2,0.034,14.381,0.047,11.424,0.174,8.396,,,,,,,,0000,0,00nn,-192,143,-157,148,AABU,,2M
J025942.50+002506.1,44.9271148,0.4183633,Im,15.66,0.041,15.418,0.094,12.343,,9.058,,16.551,0.139,15.839,0.151,15.431,0.202,0000,0,0nnn,109,218,19,224,AAUU,0.731,2M
J025941.61+002511.1,44.9233967,0.4197524,Im,14.791,0.031,14.591,0.053,12.504,,9.185,,15.517,0.065,15.157,0.078,15.082,0.148,0000,0,11nn,-159,110,46,114,AAUU,0.426,2M
J025944.52+002531.7,44.9355384,0.4254976,Im,17.709,0.178,16.977,0.385,12.216,,8.991,,,,,,,,0000,0,nnnn,-97,1491,-933,1593,BCUU,,2M
J025933.95+002408.6,44.8914891,0.4024135,Im,16.115,0.055,15.704,0.118,12.231,,9.068,,,,,,,,0000,0,0nnn,8,322,193,340,ABUU,,2M
J025935.71+002418.4,44.898815,0.4051202,Im,17.061,0.106,17.043,0.382,12.598,,9.265,,,,,,,,0000,0,nnnn,-177,839,580,902,ACUU,,2M
J025934.68+002443.7,44.8945256,0.4121598,Im,17.161,0.123,16.681,0.309,12.724,,9.158,,,,,,,,0000,0,nnnn,463,909,652,961,BBUU,,2M
J025929.89+002427.9,44.8745528,0.4077522,Im,16.146,0.058,15.936,0.146,12.804,,8.944,,,,,,,,0000,0,1nnn,144,341,-168,355,ABUU,,2M
J025929.56+002441.2,44.8732032,0.4114544,Im,17.94,0.218,17.408,,12.698,,9.318,,,,,,,,0000,0,nnnn,-305,2456,-460,2531,BUUU,,2M
J025930.42+002500.0,44.8767745,0.4166697,Im,15.571,0.042,15.213,0.083,12.537,,9.24,,,,,,,,0000,0,1nnn,-253,206,213,212,AAUU,,2M
J025934.51+002458.7,44.8938113,0.4163239,Im,17.43,0.152,16.706,,12.784,,9.001,,,,,,,,0000,0,nnnn,366,1176,1272,1248,BUUU,,2M
J025933.44+002457.4,44.8893436,0.4159471,Im,17.288,0.133,17.252,0.481,12.137,,8.695,,,,,,,,0000,0,nnnn,386,990,-1383,1035,BCUU,,2M
J025932.27+002509.8,44.8844683,0.4194069,Im,17.556,0.164,16.724,0.3,12.736,,8.89,,,,,,,,0000,0,nnnn,1294,1287,101,1351,BBUU,,2M
J025932.55+002518.6,44.8856606,0.4218458,Im,16.39,0.066,15.709,0.12,12.699,,9.145,,,,,,,,0000,0,0nnn,115,408,-540,424,ABUU,,2M
J025940.25+002514.0,44.9177486,0.420569,Im,16.963,0.103,16.733,,12.589,,9.176,,,,,,,,0000,0,nnnn,-1002,748,588,774,AUUU,,2M
J025938.64+002532.7,44.91101,0.4257525,Im,15.967,0.049,15.908,0.146,12.702,,8.73,,,,,,,,0000,0,0nnn,401,302,185,315,ABUU,,2M
J025940.96+002520.8,44.920694,0.4224705,Im,16.585,0.073,16.365,0.205,12.575,,9.141,,,,,,,,0000,0,0nnn,852,502,-359,520,ABUU,,2M
J025939.05+002543.8,44.9127313,0.4288492,Im,17.104,0.11,16.301,0.196,12.209,,8.873,,,,,,,,0000,0,nnnn,-506,820,2780,873,BBUU,,2M
J025941.23+002548.6,44.9218296,0.4301817,Im,17.366,0.137,16.683,,12.778,,8.731,,,,,,,,0000,0,nnnn,1284,1193,807,1252,BUUU,,2M
J025937.05+002552.5,44.904382,0.4312582,Im,15.004,0.033,14.813,0.06,12.443,0.448,8.887,,16.135,0.102,15.542,0.109,14.818,,0000,0,00nn,-435,132,283,136,AACU,1.241,2M
J025935.26+002542.9,44.8969477,0.4286025,Im,17.788,0.201,17.411,,12.697,,9.323,,,,,,,,0000,0,nnnn,-244,1818,-129,1924,BUUU,,2M
J025934.16+002537.7,44.8923703,0.4271462,Im,17.571,0.171,16.674,0.29,12.799,,9.08,,,,,,,,0000,0,nnnn,-1537,1381,1589,1434,BBUU,,2M
J025935.23+002602.8,44.8967977,0.4341311,Im,14.492,0.03,14.337,0.046,12.215,,9.088,,15.643,0.072,14.788,0.07,14.685,0.115,0000,0,01nn,-108,94,-22,98,AAUU,0.165,2M
J025938.97+002552.9,44.9124017,0.431364,Im,16.853,0.091,16.161,0.172,12.627,,9.191,,,,,,,,0000,0,nnnn,921,637,288,660,ABUU,,2M
J025939.66+002614.7,44.9152515,0.4374312,Im,16.468,0.069,16.122,0.171,12.628,,8.832,,,,,,,,0000,0,0nnn,-761,474,62,493,ABUU,,2M
J025940.73+002625.3,44.9197398,0.4403792,Im,16.166,0.056,16.111,0.167,12.683,,8.961,,,,,,,,0000,0,0nnn,-73,354,-83,368,ABUU,,2M
J025939.98+002634.7,44.916609,0.4429875,Im,17.152,0.112,16.778,,12.631,,8.762,,,,,,,,0000,0,nnnn,24,952,2123,982,BUUU,,2M
J025938.59+002634.7,44.910832,0.442982,Im,15.82,0.047,15.78,0.13,12.819,,9.161,,,,,,,,0000,0,1nnn,-281,269,-409,276,ABUU,,2M
J025949.99+002501.6,44.9583324,0.4171261,Im,16.666,0.074,16.645,0.276,12.63,,9.257,,,,,,,,0000,0,0nnn,-212,543,1016,573,ABUU,,2M
J025951.29+002504.5,44.9637088,0.4179288,Im,17.711,0.186,16.803,,12.741,,9.009,,,,,,,,0000,0,nnnn,356,1591,-1785,1662,BUUU,,2M
J025948.16+002505.6,44.9506904,0.4182427,Im,17.65,0.171,16.802,,12.552,,9.147,,,,,,,,0000,0,nnnn,880,1552,-2528,1610,BUUU,,2M
J025950.21+002524.8,44.9592334,0.4235797,Im,17.968,0.217,17.169,0.442,12.848,,9.274,,,,,,,,0000,0,nnnn,-317,1892,1171,2000,BCUU,,2M
J025952.93+002524.5,44.9705698,0.4234898,Im,17.201,0.116,17.051,0.423,12.684,,8.802,,,,,,,,0000,0,nnnn,-182,952,65,1001,BCUU,,2M
J025953.81+002552.5,44.9742368,0.4312672,Im,15.244,0.036,15.13,0.076,12.598,,8.951,,16.212,0.111,15.198,0.082,15.314,0.195,0000,0,0nnn,341,152,-341,160,AAUU,0.284,2M
J025950.14+002551.0,44.95895,0.43084,Im,17.766,0.194,16.721,,12.072,,9.058,,,,,,,,0000,0,nnnn,29,1633,4114,1703,BUUU,,2M
J025950.70+002559.8,44.9612848,0.4332855,Im,17.317,0.13,16.72,0.3,12.176,,8.859,,,,,,,,0000,0,nnnn,0,1064,0,1128,BBUU,,2M
J025951.67+002609.6,44.9653012,0.4360019,Im,16.203,0.058,16.03,0.162,12.277,,9.016,,,,,,,,0000,0,0nnn,-29,376,246,402,ABUU,,2M
J025946.32+002552.0,44.9430145,0.4311181,Im,17.16,0.114,17.368,0.507,12.733,,9.042,,,,,,,,0000,0,nnnn,-207,913,-76,957,BCUU,,2M
J025948.79+002603.8,44.9533036,0.434393,Im,17.827,0.201,17.163,,12.097,,8.913,,,,,,,,0000,0,nnnn,523,1795,490,1908,BUUU,,2M
J025951.03+002619.2,44.9626664,0.4386746,Im,16.962,0.097,16.438,0.234,12.196,0.334,9.066,,,,,,,,0000,0,nnnn,724,723,-340,768,ABBU,,2M
J025954.98+002554.1,44.979091,0.4317012,Im,16.597,0.1,16.489,0.285,11.79,,8.733,,,,,,,,0000,0,nnnn,-2152,641,557,668,ABUU,,2M
J025954.68+002554.8,44.9778391,0.431905,Im,15.269,0.036,15.235,0.088,12.718,,8.57,,,,,,,,0000,0,0nnn,232,156,150,163,AAUU,,2M
J025956.27+002611.6,44.98448,0.4365676,Im,17.57,0.158,16.793,,12.545,0.462,8.835,,,,,,,,0000,0,nnnn,-33,1184,468,1266,BUCU,,2M
J025956.60+002626.3,44.9858549,0.4406594,Im,16.751,0.079,15.784,0.127,12.599,,8.805,,,,,,,,0000,0,nnnn,-131,542,-211,572,ABUU,,2M
J025953.58+002622.9,44.9732736,0.4397205,Im,17.555,0.162,17.27,0.443,12.441,,8.919,,,,,,,,0000,0,nnnn,167,1432,348,1486,BCUU,,2M
J025954.39+002632.9,44.9766533,0.4424911,Im,15.202,0.035,14.767,0.058,11.078,0.116,9.025,0.513,,,,,,,0000,0,00nn,73,154,117,162,AABC,,2M
J025957.50+002649.6,44.9896123,0.4471275,Im,17.841,0.207,16.763,,12.239,,9.033,,,,,,,,0000,0,nnnn,-494,1951,-1017,2050,BUUU,,2M
J025955.96+002641.4,44.9831712,0.444858,Im,17.837,0.204,17.147,0.431,12.724,,8.977,,,,,,,,0000,0,nnnn,-412,1655,-873,1718,BCUU,,2M
J025953.07+002639.0,44.9711384,0.4441816,Im,17.17,0.117,17.096,0.435,12.418,,9.0,0.415,,,,,,,0000,0,nnnn,575,876,-68,929,BCUC,,2M
J025953.60+002704.1,44.9733711,0.4511472,Im,16.343,0.061,16.902,0.373,12.708,,9.161,,,,,,,,0000,0,0nnn,361,428,-254,445,ACUU,,2M
J025951.46+002651.6,44.9644532,0.4476733,Im,17.669,0.185,16.966,,12.625,,8.866,,,,,,,,0000,0,nnnn,-1956,1661,-1601,1726,BUUU,,2M
J025955.30+002707.5,44.9804496,0.4520844,Im,17.553,0.161,17.098,,12.277,,8.976,,,,,,,,0000,0,nnnn,-442,1449,-1450,1510,BUUU,,2M
J025954.82+002710.3,44.9784507,0.4528825,Im,17.35,0.134,16.645,,12.371,,8.507,,,,,,,,0h00,0,nnnn,180,1115,-433,1184,BUUU,,2M
J025953.80+002722.2,44.9741807,0.4561899,Im,17.749,0.186,17.477,,12.199,,9.04,,,,,,,,hH00,0,nnnn,-2394,1642,2480,1842,BUUU,,2M
J025944.25+002549.8,44.9344077,0.4305161,Im,17.749,0.191,17.173,,12.499,,9.12,,,,,,,,0000,0,nnnn,389,1724,-308,1808,BUUU,,2M
J025942.65+002625.0,44.9277233,0.4402882,Im,15.467,0.039,15.215,0.083,12.727,,8.381,,16.46,0.137,15.795,0.139,15.448,0.188,0000,0,0nnn,178,191,173,198,AAUU,0.219,2M
J025943.81+002628.0,44.9325784,0.4411194,Im,17.322,0.141,17.197,,12.578,,9.054,,,,,,,,0000,0,nnnn,273,1154,273,1198,BUUU,,2M
J025947.19+002623.3,44.9466397,0.4398179,Im,16.607,0.071,16.223,0.193,12.435,,8.886,,,,,,,,0000,0,0nnn,-546,501,80,532,ABUU,,2M
J025943.15+002649.7,44.9298172,0.4471596,Im,15.148,0.034,15.063,0.077,12.13,,8.924,,16.423,0.135,15.478,0.117,15.135,0.157,0000,0,00nn,-166,147,0,153,AAUU,0.233,2M
J025942.21+002645.8,44.9258989,0.4460577,Im,17.789,0.198,17.11,0.426,12.83,0.535,9.059,,,,,,,,0000,0,nnnn,246,1689,1580,1787,BCCU,,2M
J025939.49+002655.4,44.9145651,0.4487366,Im,16.958,0.099,16.767,,12.724,,9.232,,,,,,,,0000,0,nnnn,259,801,158,820,AUUU,,2M
J025940.85+002715.6,44.9202274,0.4543609,Im,15.9,0.05,15.414,0.1,11.594,0.203,8.695,,,,,,,,0000,0,1nnn,104,274,129,292,AABU,,2M
J025944.85+002721.3,44.9368815,0.4559354,Im,15.817,0.046,15.608,0.112,12.736,,9.063,,16.616,0.148,16.121,0.196,15.899,0.326,0000,0,0nnn,86,261,142,277,ABUU,0.199,2M
J025944.69+002738.9,44.9362183,0.4608155,Im,17.801,0.204,16.957,0.36,12.762,,8.638,,,,,,,,0000,0,nnnn,226,1690,203,1776,BCUU,,2M
J025944.23+002743.6,44.9342992,0.462127,Im,17.627,0.181,17.078,0.414,12.93,,9.109,,,,,,,,0000,0,nnnn,-77,1718,1432,1765,BCUU,,2M
J025949.66+002656.2,44.9569429,0.4489493,Im,17.714,0.195,16.775,,12.762,,8.61,,,,,,,,0000,0,nnnn,-697,1905,-1285,2006,BUUU,,2M
J025950.28+002728.6,44.9595193,0.4579494,Im,17.401,0.146,16.929,,12.731,,9.025,,,,,,,,0000,0,nnnn,700,1284,491,1340,BUUU,,2M
J025947.68+002718.9,44.9486762,0.4552584,Im,13.871,0.025,13.859,0.037,12.708,0.514,8.911,,14.481,0.033,14.026,0.04,13.842,0.057,0000,0,00nn,0,61,0,63,AACU,0.079,2M
J025950.45+002739.5,44.9602087,0.4609818,Im,17.242,0.119,16.89,0.329,12.272,,8.747,,,,,,,,0h00,0,nnnn,257,1098,-488,1129,BBUU,,2M
J025946.34+002740.7,44.9430898,0.4613231,Im,17.753,0.189,16.685,0.268,12.764,,8.589,,,,,,,,0000,0,nnnn,-611,1520,-168,1618,BBUU,,2M
J025948.46+002746.3,44.9519426,0.462869,Im,15.1,0.035,15.016,0.073,12.071,,9.031,,16.218,0.118,15.598,0.112,15.131,0.156,0000,0,00nn,100,155,48,160,AAUU,0.711,2M
J025948.73+002804.9,44.9530537,0.4680377,Im,17.478,0.146,16.919,,12.49,0.423,8.557,,,,,,,,0000,0,nnnn,846,1257,-124,1322,BUCU,,2M
J025946.59+002800.6,44.9441266,0.4668529,Im,16.38,0.062,16.697,0.29,12.711,,9.225,,,,,,,,0000,0,0nnn,-334,429,-194,453,ABUU,,2M
J025944.95+002754.8,44.9373114,0.4652384,Im,17.097,0.109,17.164,0.417,12.763,0.472,9.063,,,,,,,,0000,0,nnnn,862,855,492,904,BCCU,,2M
J025948.96+002821.6,44.9540174,0.4726931,Im,16.875,0.085,17.146,,12.15,,8.708,,,,,,,,0h00,0,0nnn,214,741,-53,782,AUUU,,2M
J025927.46+002450.9,44.8644363,0.4141469,Im,13.305,0.024,13.371,0.03,12.272,,9.1,,13.835,0.029,13.523,0.021,13.385,0.048,0000,0,11nn,7,47,-27,48,AAUU,0.202,2M
J025926.41+002505.1,44.8600543,0.4181031,Im,15.545,0.04,15.285,0.084,12.148,0.319,8.519,,,,,,,,0000,0,00nn,-424,210,233,215,AABU,,2M
J025931.08+002521.8,44.8795031,0.4227369,Im,17.067,0.108,16.861,,12.241,,9.154,,,,,,,,0000,0,nnnn,-1716,871,666,879,AUUU,,2M
J025930.29+002524.8,44.8762406,0.4235582,Im,14.894,0.032,14.955,0.073,12.273,,9.115,,15.502,0.055,14.927,0.082,15.097,0.158,0000,0,00nn,57,122,60,127,AAUU,0.162,2M
J025929.16+002547.4,44.871533,0.4298506,Im,17.74,0.185,17.019,,12.819,,9.026,,,,,,,,0000,0,nnnn,-332,1639,-1283,1690,BUUU,,2M
J025931.19+002612.2,44.8799622,0.4367323,Im,16.592,0.072,16.403,0.228,12.762,,8.948,,,,,,,,0000,0,0nnn,-84,509,546,527,ABUU,,2M
J025925.37+002516.2,44.8557293,0.4211715,Im,11.395,0.023,11.246,0.021,11.023,0.113,9.116,,12.468,0.025,11.895,0.026,11.582,0.025,0000,0,00nn,28,30,-2,29,AABU,0.474,2M
J025927.55+002538.2,44.8648266,0.4272993,Im,17.223,0.121,17.04,0.42,12.832,,8.959,,,,,,,,0000,0,nnnn,426,1041,1428,1068,BCUU,,2M
J025925.71+002550.6,44.8571466,0.4307428,Im,16.056,0.053,15.677,0.123,12.406,,8.957,,,,,,,,0000,0,0nnn,-427,321,1005,331,ABUU,,2M
J025926.31+002559.2,44.8596381,0.4331158,Im,15.91,0.047,16.043,0.162,12.875,,9.158,,16.603,0.153,16.068,0.174,15.984,0.369,0000,0,0nnn,139,293,-238,303,ABUU,1.767,2M
J025925.19+002601.9,44.8549685,0.433862,Im,15.507,0.038,15.437,0.1,12.023,,9.031,,,,,,,,0000,0,0nnn,82,206,349,211,AAUU,,2M
J025928.71+002620.8,44.8696314,0.4391381,Im,16.79,0.085,16.996,0.375,12.269,,9.094,,,,,,,,0000,0,nnnn,-19,648,-192,673,ACUU,,2M
J025934.37+002557.1,44.8932198,0.432541,Im,16.563,0.078,15.813,0.138,12.196,,9.258,,,,,,,,0000,0,0nnn,278,500,-180,527,ABUU,,2M
J025932.39+002600.3,44.8849868,0.4334291,Im,17.272,0.13,17.087,,12.675,,9.164,,,,,,,,0000,0,nnnn,-1175,1048,-672,1080,BUUU,,2M
J025932.59+002615.9,44.8858258,0.4377605,Im,16.772,0.087,16.998,0.369,12.473,0.395,9.024,,,,,,,,0000,0,nnnn,84,666,234,694,ACCU,,2M
J025933.77+002628.0,44.8907237,0.4411388,Im,16.916,0.102,17.241,0.484,12.833,,8.938,,,,,,,,0000,0,nnnn,395,776,-819,797,ACUU,,2M
J025933.18+002634.9,44.8882611,0.4430354,Im,17.67,0.198,16.568,0.264,12.719,,8.657,,,,,,,,0000,0,nnnn,-942,1509,-624,1575,BBUU,,2M
J025935.83+002625.2,44.8993253,0.4403547,Im,17.449,0.147,17.14,,12.13,,8.798,,,,,,,,0000,0,nnnn,-112,1236,792,1272,BUUU,,2M
J025936.85+002635.3,44.9035525,0.4431595,Im,16.635,0.073,16.617,0.266,12.69,,9.024,,,,,,,,0000,0,0nnn,-679,545,-116,569,ABUU,,2M
J025937.01+002649.7,44.9042118,0.4471639,Im,16.878,0.088,17.103,0.408,12.521,,9.218,,,,,,,,0000,0,nnnn,-327,682,-1862,716,ACUU,,2M
J025936.49+002653.5,44.9020617,0.4482082,Im,16.766,0.084,16.563,0.242,12.756,,9.25,,,,,,,,0000,0,nnnn,-418,646,-649,662,ABUU,,2M
J025934.95+002644.0,44.895641,0.4455816,Im,17.463,0.157,16.804,0.316,12.36,,9.205,,,,,,,,0000,0,nnnn,1304,1264,719,1316,BBUU,,2M
J025930.54+002632.1,44.8772777,0.4422532,Im,16.7,0.078,16.464,0.234,12.73,,9.255,,,,,,,,0000,0,nnnn,867,570,-940,601,ABUU,,2M
J025929.30+002643.3,44.8720953,0.4453645,Im,13.73,0.025,13.767,0.036,12.165,,9.31,,14.293,0.032,13.943,0.043,13.764,0.052,0000,0,11nn,105,57,-9,58,AAUU,0.172,2M
J025930.49+002656.5,44.8770556,0.4490486,Im,17.799,0.199,16.718,,12.769,,9.037,,,,,,,,0000,0,nnnn,-83,1748,-3,1834,BUUU,,2M
J025929.10+002658.4,44.8712543,0.4495771,Im,15.907,0.048,15.589,0.109,12.348,,8.661,,,,,,,,0000,0,0nnn,-527,270,980,284,ABUU,,2M
J025931.94+002712.6,44.8831069,0.4535034,Im,17.076,0.109,16.458,0.229,12.43,,8.883,,,,,,,,0000,0,nnnn,-77,835,-768,878,BBUU,,2M
J025933.66+002659.8,44.8902664,0.4499713,Im,16.489,0.071,16.664,0.292,12.589,0.502,9.07,,,,,,,,0000,0,0nnn,-141,518,447,544,ABCU,,2M
J025934.73+002707.8,44.8947138,0.4521685,Im,17.406,0.142,16.627,0.272,12.683,0.542,8.884,,,,,,,,0000,0,nnnn,1185,1118,14,1178,BBCU,,2M
J025933.54+002725.3,44.8897578,0.4570462,Im,16.216,0.059,16.276,0.198,12.726,,9.305,,,,,,,,0000,0,0nnn,356,380,43,407,ABUU,,2M
J025933.97+002734.3,44.8915752,0.4595386,Im,17.405,0.137,17.205,,12.81,,8.95,,,,,,,,0000,0,nnnn,721,1222,-508,1293,BUUU,,2M
J025923.48+002551.4,44.8478544,0.430947,Im,17.247,0.123,16.898,0.327,12.587,,9.142,,,,,,,,0000,0,nnnn,401,1027,-105,1063,BBUU,,2M
J025923.91+002609.9,44.8496348,0.4360879,Im,17.398,0.137,17.265,0.478,12.467,,9.035,,,,,,,,0000,0,nnnn,-898,1168,-486,1204,BCUU,,2M
J025925.05+002623.5,44.8543992,0.43988,Im,17.722,0.175,16.852,,12.43,,8.682,,,,,,,,0000,0,nnnn,-1101,1814,364,1909,BUUU,,2M
J025922.17+002611.1,44.8423911,0.4364217,Im,17.231,0.121,16.677,,12.869,,9.016,,,,,,,,0000,0,nnnn,-317,1008,-382,1050,BUUU,,2M
J025921.51+002607.9,44.8396544,0.4355472,Im,17.464,0.148,16.856,0.339,12.365,,9.186,,,,,,,,0000,0,nnnn,-320,1265,-1114,1318,BBUU,,2M
J025920.68+002618.7,44.8361909,0.4385288,Im,17.705,0.181,16.919,,12.536,,8.959,,,,,,,,0000,0,nnnn,-811,1532,1536,1541,BUUU,,2M
J025921.52+002631.2,44.839689,0.4420021,Im,16.482,0.067,16.57,0.248,12.799,,9.187,,,,,,,,0000,0,1nnn,-306,473,236,491,ABUU,,2M
J025922.29+002629.7,44.8429021,0.4415881,Im,16.348,0.063,16.139,0.166,12.853,,8.812,,,,,,,,0000,0,0nnn,312,416,-228,432,ABUU,,2M
J025925.07+002655.4,44.8544956,0.4487385,Im,16.267,0.056,16.378,0.215,12.262,,8.613,,,,,,,,0000,0,0nnn,-395,381,-712,391,ABUU,,2M
J025919.38+002637.9,44.8307909,0.4438778,Im,16.787,0.082,16.356,0.207,12.693,,9.309,,,,,,,,0000,0,nnnn,-81,587,-292,622,ABUU,,2M
J025920.18+002720.5,44.8341163,0.4557098,Im,16.496,0.066,16.467,0.229,12.848,,9.257,,,,,,,,0000,0,0nnn,-566,455,618,479,ABUU,,2M
J025923.32+002659.4,44.8471807,0.4498371,Im,16.572,0.072,17.239,0.449,12.529,,8.678,,,,,,,,0000,0,1nnn,-821,501,106,522,ACUU,,2M
J025923.72+002713.4,44.8488445,0.4537367,Im,17.887,0.217,17.368,,12.747,,8.676,,,,,,,,0000,0,nnnn,125,1896,2426,2011,BUUU,,2M
J025922.60+002731.2,44.8441688,0.4586701,Im,17.695,0.174,17.021,0.383,12.778,,8.8,,,,,,,,0000,0,nnnn,1183,1565,93,1648,BCUU,,2M
J025929.59+002717.3,44.8733279,0.4548182,Im,16.249,0.057,15.662,0.113,12.468,0.377,8.595,,,,,,,,0000,0,0nnn,296,365,202,382,ABCU,,2M
J025927.37+002742.3,44.8640646,0.4617612,Im,17.404,0.141,17.241,0.452,12.231,,9.229,,,,,,,,0000,0,nnnn,-254,1110,291,1178,BCUU,,2M
J025931.42+002759.5,44.8809557,0.4665515,Im,17.622,0.169,16.788,0.343,12.57,,9.225,,,,,,,,0000,0,nnnn,-1574,1246,966,1324,BBUU,,2M
J025929.27+002754.4,44.8719656,0.4651361,Im,17.853,0.201,16.807,,12.859,,9.215,,,,,,,,0000,0,nnnn,880,1820,82,1950,BUUU,,2M
J025930.61+002805.7,44.877574,0.4682765,Im,17.162,0.111,16.918,0.35,12.759,,9.283,,,,,,,,0000,0,nnnn,257,912,-987,976,BBUU,,2M
J025930.92+002823.0,44.878841,0.4730782,Im,16.174,0.056,15.922,0.147,12.462,,8.84,,,,,,,,0000,0,0nnn,664,361,-318,381,ABUU,,2M
J025925.97+002734.0,44.8582256,0.4594544,Im,16.31,0.058,16.526,0.247,12.837,,9.057,,,,,,,,0000,0,0nnn,-61,385,-354,400,ABUU,,2M
J025924.36+002742.7,44.851537,0.4618763,Im,17.804,0.187,17.327,,12.754,,9.017,,,,,,,,0000,0,nnnn,-2285,1693,173,1786,BUUU,,2M
J025929.19+002816.7,44.8716305,0.4713284,Im,17.336,0.13,17.171,0.455,12.18,,9.183,,,,,,,,0000,0,nnnn,-772,1027,707,1076,BCUU,,2M
J025929.53+002823.9,44.8730575,0.4733228,Im,17.292,0.128,16.632,0.276,12.797,,9.117,,,,,,,,0000,0,nnnn,-1251,967,904,1030,BBUU,,2M
J025928.82+002830.9,44.8701119,0.4752506,Im,16.133,0.053,16.357,0.208,12.43,,9.138,,,,,,,,0000,0,1nnn,-21,329,-633,343,ABUU,,2M
J025937.76+002710.3,44.9073379,0.4528885,Im,16.614,0.08,15.876,0.136,12.53,,9.196,,,,,,,,0000,0,0nnn,-254,493,-800,524,ABUU,,2M
J025939.97+002723.7,44.9165601,0.456598,Im,16.48,0.069,16.566,0.25,12.663,,9.129,,,,,,,,0000,0,0nnn,673,477,379,509,ABUU,,2M
J025939.32+002738.7,44.9138736,0.460773,Im,16.105,0.053,16.22,0.181,12.718,,9.239,,,,,,,,0000,0,0nnn,149,344,-531,353,ABUU,,2M
J025938.25+002742.7,44.909379,0.4618865,Im,15.587,0.041,15.415,0.09,12.014,,9.019,,,,,,,,0000,0,0nnn,220,216,19,230,AAUU,,2M
J025942.47+002759.3,44.9269742,0.466497,Im,17.677,0.181,16.659,,12.667,,8.746,,,,,,,,0000,0,nnnn,-732,1704,629,1769,BUUU,,2M
J025939.77+002754.1,44.9157175,0.4650499,Im,17.206,0.122,17.253,0.471,12.845,,9.253,,,,,,,,0000,0,nnnn,-104,973,514,1017,BCUU,,2M
J025938.07+002801.5,44.9086378,0.4671004,Im,16.789,0.089,16.302,0.202,12.456,,8.458,,,,,,,,0000,0,nnnn,14,602,441,623,ABUU,,2M
J025936.78+002803.6,44.903255,0.4676725,Im,17.687,0.18,16.996,,12.468,,9.092,,,,,,,,0000,0,nnnn,-799,1523,-20,1591,BUUU,,2M
J025935.17+002758.8,44.8965633,0.4663494,Im,17.122,0.105,15.992,0.148,12.302,,8.895,,,,,,,,0000,0,nnnn,494,699,303,736,ABUU,,2M
J025934.45+002805.5,44.8935428,0.4682193,Im,17.897,0.21,17.12,,12.41,,9.142,,,,,,,,0000,0,nnnn,-688,1929,33,2066,BUUU,,2M
J025935.76+002816.3,44.8990369,0.4712057,Im,17.779,0.192,16.806,,12.849,,8.96,,,,,,,,0000,0,nnnn,-232,1765,-1470,1858,BUUU,,2M
J025938.70+002802.9,44.9112614,0.4674918,Im,16.159,0.054,15.865,0.128,12.189,,8.608,,,,,,,,0000,0,1nnn,-744,340,657,350,ABUU,,2M
J025938.68+002833.2,44.9111711,0.4758926,Im,16.9,0.092,16.438,0.226,12.323,,9.246,,,,,,,,0000,0,0nnn,-674,655,611,682,ABUU,,2M
J025938.09+002836.2,44.9087379,0.4767425,Im,17.493,0.15,16.943,,12.15,,9.168,,,,,,,,0000,0,nnnn,186,1206,834,1258,BUUU,,2M
J025936.49+002834.9,44.9020468,0.4763754,Im,15.953,0.049,15.681,0.124,12.321,0.368,8.739,,,,,,,,0000,0,0nnn,83,279,0,297,ABCU,,2M
J025938.84+002855.0,44.9118364,0.4819563,Im,12.845,0.024,12.911,0.026,12.144,,9.356,,13.587,0.028,12.961,0.027,12.959,0.032,0000,0,11nn,-74,38,-37,39,AAUU,0.094,2M
J025945.28+002818.1,44.9386899,0.47171,Im,17.096,0.105,17.438,0.542,12.586,,9.167,,,,,,,,0000,0,nnnn,601,863,80,917,ACUU,,2M
J025947.03+002853.3,44.945995,0.481499,Im,16.717,0.079,15.998,0.149,12.237,,9.187,,,,,,,,0000,0,nnnn,-214,545,-386,577,ABUU,,2M
J025948.14+002916.8,44.9506027,0.4880112,Im,16.44,0.07,16.33,0.199,12.736,,9.29,,,,,,,,0000,0,0nnn,-96,447,459,483,ABUU,,2M
J025946.39+002913.6,44.9433113,0.487135,Im,14.158,0.028,14.277,0.045,12.278,,9.194,,14.739,0.036,14.315,0.049,14.252,0.078,0000,0,11nn,85,73,-123,78,AAUU,0.143,2M
J025945.17+002937.7,44.9382333,0.4938183,Im,15.832,0.045,15.7,0.121,12.655,,8.73,,,,,,,,0000,0,0nnn,215,250,252,267,ABUU,,2M
J025945.60+002945.5,44.9400308,0.4959871,Im,16.871,0.09,16.632,0.25,12.43,,9.069,,,,,,,,0000,0,nnnn,247,700,18,750,ABUU,,2M
J025942.12+002938.2,44.9255372,0.4939695,Im,16.14,0.054,15.983,0.144,12.294,0.35,9.017,,,,,,,,0000,0,1nnn,352,341,-494,358,ABBU,,2M
J025934.00+002815.3,44.8916849,0.4709378,Im,17.741,0.195,16.708,,12.783,,9.153,,,,,,,,0000,0,nnnn,363,1536,982,1632,BUUU,,2M
J025932.27+002822.1,44.8844653,0.4728184,Im,17.01,0.101,16.515,0.248,12.492,,9.063,,,,,,,,0000,0,nnnn,-380,725,-1064,784,ABUU,,2M
J025932.58+002832.0,44.8857895,0.4755641,Im,16.896,0.089,17.019,0.38,12.611,,9.329,,,,,,,,0000,0,nnnn,-758,677,-1981,710,ACUU,,2M
J025933.73+002846.6,44.8905635,0.4796229,Im,16.555,0.068,16.326,0.207,12.857,,8.487,,,,,,,,0000,0,0nnn,200,480,-297,496,ABUU,,2M
J025936.59+002845.8,44.9024754,0.4793993,Im,15.479,0.038,15.354,0.094,12.235,,8.734,,16.139,0.104,15.594,0.117,15.459,0.235,0000,0,0nnn,-274,182,25,192,AAUU,0.497,2M
J025936.78+002856.9,44.9032764,0.4824957,Im,16.273,0.059,15.914,0.152,11.961,0.268,8.973,,,,,,,,0000,0,0nnn,-304,336,-857,355,ABBU,,2M
J025937.26+002908.3,44.9052902,0.4856556,Im,15.999,0.05,15.869,0.142,12.608,0.419,8.679,,,,,,,,0000,0,0nnn,385,308,20,315,ABCU,,2M
